{"textures":{"0":"modelengine:entity/nocsy_drakonin_firespell"},"elements":[{"from":[-3.5707102,-3.8889084,7.648555],"to":[19.42929,19.111092,7.648555],"faces":{"south":{"uv":[4.625,3.0,7.5,5.875],"tintindex":0,"rotation":0,"texture":"#0"},"north":{"uv":[4.625,0.0,7.5,2.875],"tintindex":0,"rotation":0,"texture":"#0"}}},{"from":[7.9292893,-9.66967,-9.648554],"to":[7.9292893,26.33033,26.351446],"faces":{"east":{"uv":[0.0,0.0,4.5,4.5],"tintindex":0,"rotation":0,"texture":"#0"},"west":{"uv":[4.5,0.0,0.0,4.5],"tintindex":0,"rotation":0,"texture":"#0"}},"rotation":{"origin":[7.9292893,8.530331,7.051445],"angle":45.0,"axis":"z"}}],"display":{"gui":{"rotation":[30,225,0]}}}