{"textures":{"0":"modelengine:entity/manticore_venom"},"elements":[{"from":[5.6445704,-1.3756943,7.3024845],"to":[10.64457,8.624306,12.3024845],"faces":{"east":{"uv":[7.8125,1.25,8.125,1.875],"tintindex":0,"rotation":0,"texture":"#0"},"south":{"uv":[7.75,3.9375,8.0625,4.5625],"tintindex":0,"rotation":0,"texture":"#0"},"north":{"uv":[7.75,3.9375,8.0625,4.5625],"tintindex":0,"rotation":0,"texture":"#0"},"west":{"uv":[7.8125,1.25,8.125,1.875],"tintindex":0,"rotation":0,"texture":"#0"},"up":{"uv":[8.875,5.625,8.5625,5.3125],"tintindex":0,"rotation":0,"texture":"#0"},"down":{"uv":[8.875,5.625,8.5625,5.3125],"tintindex":0,"rotation":0,"texture":"#0"}},"rotation":{"origin":[8.14457,3.6243062,9.8024845],"angle":-22.5,"axis":"x"}}],"display":{"gui":{"rotation":[30,225,0]}}}