{"textures":{"0":"modelengine:entity/manticore_venom"},"elements":[{"from":[6.0,6.8435826,7.5226936],"to":[10.0,10.843582,13.522694],"faces":{"east":{"uv":[8.625,6.25,9.0,6.5],"tintindex":0,"rotation":0,"texture":"#0"},"south":{"uv":[2.25,9.3125,2.5,9.5625],"tintindex":0,"rotation":0,"texture":"#0"},"north":{"uv":[2.25,9.3125,2.5,9.5625],"tintindex":0,"rotation":0,"texture":"#0"},"west":{"uv":[8.75,1.5,9.125,1.75],"tintindex":0,"rotation":0,"texture":"#0"},"up":{"uv":[7.8125,9.125,7.5625,8.75],"tintindex":0,"rotation":0,"texture":"#0"},"down":{"uv":[7.8125,8.75,7.5625,9.125],"tintindex":0,"rotation":0,"texture":"#0"}},"rotation":{"origin":[8.0,8.843582,10.522694],"angle":-22.5,"axis":"x"}},{"from":[8.0,9.156418,10.977306],"to":[8.0,15.156418,14.977306],"faces":{"east":{"uv":[0.8125,8.8125,1.0625,9.1875],"tintindex":0,"rotation":0,"texture":"#0"},"west":{"uv":[1.75,8.8125,2.0,9.1875],"tintindex":0,"rotation":0,"texture":"#0"}},"rotation":{"origin":[8.0,12.156418,12.977306],"angle":22.5,"axis":"x"}}],"display":{"gui":{"rotation":[30,225,0]}}}