{"textures":{"0":"modelengine:entity/lizard_aqua"},"elements":[{"from":[10.54071,5.3875,-1.4705944],"to":[12.54071,8.3875,4.5294056],"faces":{"east":{"uv":[5.4375,6.9375,5.0625,7.125],"tintindex":0,"rotation":0,"texture":"#0"},"south":{"uv":[5.75,5.125,5.625,5.3125],"tintindex":0,"rotation":0,"texture":"#0"},"north":{"uv":[5.5625,5.125,5.4375,5.3125],"tintindex":0,"rotation":0,"texture":"#0"},"west":{"uv":[5.0,6.9375,4.625,7.125],"tintindex":0,"rotation":0,"texture":"#0"},"up":{"uv":[1.875,5.5,2.0,5.125],"tintindex":0,"rotation":0,"texture":"#0"},"down":{"uv":[3.1875,6.375,3.3125,6.75],"tintindex":0,"rotation":0,"texture":"#0"}},"rotation":{"origin":[11.54071,6.8875,1.5294056],"angle":-22.5,"axis":"y"}},{"from":[4.5037045,5.4125,3.3047066],"to":[11.503705,8.4125,11.304708],"faces":{"east":{"uv":[7.3125,5.8125,6.8125,6.0],"tintindex":0,"rotation":0,"texture":"#0"},"south":{"uv":[2.5,4.625,2.0625,4.8125],"tintindex":0,"rotation":0,"texture":"#0"},"north":{"uv":[1.9375,2.25,1.5,2.4375],"tintindex":0,"rotation":0,"texture":"#0"},"west":{"uv":[7.3125,5.8125,6.8125,6.0],"tintindex":0,"rotation":0,"texture":"#0"},"up":{"uv":[6.25,5.0625,6.6875,4.5625],"tintindex":0,"rotation":0,"texture":"#0"},"down":{"uv":[1.0625,6.3125,1.5,6.8125],"tintindex":0,"rotation":0,"texture":"#0"}}},{"from":[7.008682,5.4125,-2.6617947],"to":[9.008682,8.4125,3.3382053],"faces":{"east":{"uv":[4.625,6.9375,5.0,7.125],"tintindex":0,"rotation":0,"texture":"#0"},"south":{"uv":[5.625,5.125,5.75,5.3125],"tintindex":0,"rotation":0,"texture":"#0"},"north":{"uv":[5.4375,5.125,5.5625,5.3125],"tintindex":0,"rotation":0,"texture":"#0"},"west":{"uv":[5.0625,6.9375,5.4375,7.125],"tintindex":0,"rotation":0,"texture":"#0"},"up":{"uv":[2.0,5.5,1.875,5.125],"tintindex":0,"rotation":0,"texture":"#0"},"down":{"uv":[3.3125,6.375,3.1875,6.75],"tintindex":0,"rotation":0,"texture":"#0"}}},{"from":[3.4394956,5.3875,-1.3177147],"to":[5.4394956,8.3875,4.6822853],"faces":{"east":{"uv":[4.625,6.9375,5.0,7.125],"tintindex":0,"rotation":0,"texture":"#0"},"south":{"uv":[5.625,5.125,5.75,5.3125],"tintindex":0,"rotation":0,"texture":"#0"},"north":{"uv":[5.4375,5.125,5.5625,5.3125],"tintindex":0,"rotation":0,"texture":"#0"},"west":{"uv":[5.0625,6.9375,5.4375,7.125],"tintindex":0,"rotation":0,"texture":"#0"},"up":{"uv":[2.0,5.5,1.875,5.125],"tintindex":0,"rotation":0,"texture":"#0"},"down":{"uv":[3.3125,6.375,3.1875,6.75],"tintindex":0,"rotation":0,"texture":"#0"}},"rotation":{"origin":[4.4394956,6.8875,1.6822853],"angle":22.5,"axis":"y"}},{"from":[5.276398,7.1625,-2.4273033],"to":[8.276398,7.1625,3.5726967],"faces":{"up":{"uv":[1.0625,2.125,0.875,1.75],"tintindex":0,"rotation":0,"texture":"#0"},"down":{"uv":[1.0625,1.75,0.875,2.125],"tintindex":0,"rotation":0,"texture":"#0"}},"rotation":{"origin":[6.776398,7.1625,0.5726967],"angle":22.5,"axis":"y"}},{"from":[7.7310114,7.2375,-2.4273033],"to":[10.731011,7.2375,3.5726967],"faces":{"up":{"uv":[0.875,2.125,1.0625,1.75],"tintindex":0,"rotation":0,"texture":"#0"},"down":{"uv":[0.875,1.75,1.0625,2.125],"tintindex":0,"rotation":0,"texture":"#0"}},"rotation":{"origin":[9.231011,7.2375,0.5726967],"angle":-22.5,"axis":"y"}}],"display":{"gui":{"rotation":[30,225,0]}}}