{"textures":{"0":"modelengine:entity/lizard_aqua"},"elements":[{"from":[8.265367,8.166667,11.449253],"to":[17.265366,8.166667,27.449251],"faces":{"up":{"uv":[1.5,3.625,2.0625,2.625],"tintindex":0,"rotation":0,"texture":"#0"},"down":{"uv":[1.5,2.625,2.0625,3.625],"tintindex":0,"rotation":0,"texture":"#0"}},"rotation":{"origin":[12.7653675,8.166667,19.449251],"angle":22.5,"axis":"y"}},{"from":[-1.2653666,8.166667,11.449253],"to":[7.734633,8.166667,27.449251],"faces":{"up":{"uv":[2.0625,3.625,1.5,2.625],"tintindex":0,"rotation":0,"texture":"#0"},"down":{"uv":[2.0625,2.625,1.5,3.625],"tintindex":0,"rotation":0,"texture":"#0"}},"rotation":{"origin":[3.234633,8.166667,19.449251],"angle":-22.5,"axis":"y"}},{"from":[5.5375,4.666667,7.601494],"to":[10.4625,10.666666,19.601492],"faces":{"east":{"uv":[5.4375,4.6875,6.1875,5.0625],"tintindex":0,"rotation":0,"texture":"#0"},"south":{"uv":[4.25,6.75,4.5625,7.125],"tintindex":0,"rotation":0,"texture":"#0"},"north":{"uv":[4.25,6.75,4.5625,7.125],"tintindex":0,"rotation":0,"texture":"#0"},"west":{"uv":[5.6875,1.5,6.4375,1.875],"tintindex":0,"rotation":0,"texture":"#0"},"up":{"uv":[5.25,6.875,4.9375,6.125],"tintindex":0,"rotation":0,"texture":"#0"},"down":{"uv":[5.25,6.875,4.9375,6.125],"tintindex":0,"rotation":0,"texture":"#0"}}}],"display":{"gui":{"rotation":[30,225,0]}}}