{"textures":{"0":"modelengine:entity/lizard_aqua"},"elements":[{"from":[0.1363635,13.221957,-4.7530584],"to":[3.1363635,17.221958,-0.75305843],"faces":{"east":{"uv":[2.8125,7.125,3.0625,7.375],"tintindex":0,"rotation":0,"texture":"#0"},"south":{"uv":[6.5,4.1875,6.6875,4.4375],"tintindex":0,"rotation":0,"texture":"#0"},"north":{"uv":[4.4375,5.75,4.625,6.0],"tintindex":0,"rotation":0,"texture":"#0"},"west":{"uv":[7.125,4.5,7.375,4.75],"tintindex":0,"rotation":0,"texture":"#0"},"up":{"uv":[7.4375,3.0,7.25,2.75],"tintindex":0,"rotation":0,"texture":"#0"},"down":{"uv":[7.4375,3.5625,7.25,3.8125],"tintindex":0,"rotation":0,"texture":"#0"}},"rotation":{"origin":[1.6363635,15.221957,-2.7530584],"angle":-45.0,"axis":"z"}},{"from":[14.136364,13.221957,2.2469416],"to":[17.136364,17.221958,6.2469416],"faces":{"east":{"uv":[7.375,4.5,7.125,4.75],"tintindex":0,"rotation":0,"texture":"#0"},"south":{"uv":[6.6875,4.1875,6.5,4.4375],"tintindex":0,"rotation":0,"texture":"#0"},"north":{"uv":[4.625,5.75,4.4375,6.0],"tintindex":0,"rotation":0,"texture":"#0"},"west":{"uv":[3.0625,7.125,2.8125,7.375],"tintindex":0,"rotation":0,"texture":"#0"},"up":{"uv":[7.25,3.0,7.4375,2.75],"tintindex":0,"rotation":0,"texture":"#0"},"down":{"uv":[7.25,3.5625,7.4375,3.8125],"tintindex":0,"rotation":0,"texture":"#0"}},"rotation":{"origin":[15.636364,15.221957,4.2469416],"angle":45.0,"axis":"z"}},{"from":[2.1363635,14.721957,-5.7530584],"to":[15.136364,15.721957,7.2469416],"faces":{"east":{"uv":[4.0,7.1875,4.8125,7.25],"tintindex":0,"rotation":0,"texture":"#0"},"south":{"uv":[4.875,7.1875,5.6875,7.25],"tintindex":0,"rotation":0,"texture":"#0"},"north":{"uv":[6.8125,6.0625,7.625,6.125],"tintindex":0,"rotation":0,"texture":"#0"},"west":{"uv":[7.25,0.0,8.0625,0.0625],"tintindex":0,"rotation":0,"texture":"#0"},"up":{"uv":[2.8125,1.6875,2.0,0.875],"tintindex":0,"rotation":0,"texture":"#0"},"down":{"uv":[2.8125,1.75,2.0,2.5625],"tintindex":0,"rotation":0,"texture":"#0"}}},{"from":[14.136364,13.221957,-4.7530584],"to":[17.136364,17.221958,-0.75305843],"faces":{"east":{"uv":[7.375,4.5,7.125,4.75],"tintindex":0,"rotation":0,"texture":"#0"},"south":{"uv":[6.6875,4.1875,6.5,4.4375],"tintindex":0,"rotation":0,"texture":"#0"},"north":{"uv":[4.625,5.75,4.4375,6.0],"tintindex":0,"rotation":0,"texture":"#0"},"west":{"uv":[3.0625,7.125,2.8125,7.375],"tintindex":0,"rotation":0,"texture":"#0"},"up":{"uv":[7.25,3.0,7.4375,2.75],"tintindex":0,"rotation":0,"texture":"#0"},"down":{"uv":[7.25,3.5625,7.4375,3.8125],"tintindex":0,"rotation":0,"texture":"#0"}},"rotation":{"origin":[15.636364,15.221957,-2.7530584],"angle":45.0,"axis":"z"}},{"from":[2.1363635,1.7219572,-8.753059],"to":[15.136364,14.721957,8.246942],"faces":{"east":{"uv":[0.0,0.0,1.0625,0.8125],"tintindex":0,"rotation":0,"texture":"#0"},"south":{"uv":[2.0,0.0,2.8125,0.8125],"tintindex":0,"rotation":0,"texture":"#0"},"north":{"uv":[0.0,1.75,0.8125,2.5625],"tintindex":0,"rotation":0,"texture":"#0"},"west":{"uv":[0.0,0.875,1.0625,1.6875],"tintindex":0,"rotation":0,"texture":"#0"},"up":{"uv":[1.9375,1.0625,1.125,0.0],"tintindex":0,"rotation":0,"texture":"#0"},"down":{"uv":[1.9375,1.125,1.125,2.1875],"tintindex":0,"rotation":0,"texture":"#0"}}},{"from":[0.1363635,13.221957,2.2469416],"to":[3.1363635,17.221958,6.2469416],"faces":{"east":{"uv":[2.8125,7.125,3.0625,7.375],"tintindex":0,"rotation":0,"texture":"#0"},"south":{"uv":[6.5,4.1875,6.6875,4.4375],"tintindex":0,"rotation":0,"texture":"#0"},"north":{"uv":[4.4375,5.75,4.625,6.0],"tintindex":0,"rotation":0,"texture":"#0"},"west":{"uv":[7.125,4.5,7.375,4.75],"tintindex":0,"rotation":0,"texture":"#0"},"up":{"uv":[7.4375,3.0,7.25,2.75],"tintindex":0,"rotation":0,"texture":"#0"},"down":{"uv":[7.4375,3.5625,7.25,3.8125],"tintindex":0,"rotation":0,"texture":"#0"}},"rotation":{"origin":[1.6363635,15.221957,4.2469416],"angle":-45.0,"axis":"z"}},{"from":[3.1363635,14.128381,6.481047],"to":[14.136364,19.12838,8.481048],"faces":{"east":{"uv":[3.9375,4.3125,4.0625,4.625],"tintindex":0,"rotation":0,"texture":"#0"},"south":{"uv":[6.5,0.0,7.1875,0.3125],"tintindex":0,"rotation":0,"texture":"#0"},"north":{"uv":[2.0625,6.375,2.75,6.6875],"tintindex":0,"rotation":0,"texture":"#0"},"west":{"uv":[5.5,1.5,5.625,1.8125],"tintindex":0,"rotation":0,"texture":"#0"},"up":{"uv":[7.5625,1.0,6.875,0.875],"tintindex":0,"rotation":0,"texture":"#0"},"down":{"uv":[7.5625,1.0625,6.875,1.1875],"tintindex":0,"rotation":0,"texture":"#0"}},"rotation":{"origin":[8.636364,16.62838,7.481047],"angle":22.5,"axis":"x"}},{"from":[1.1363635,8.721957,-5.7530584],"to":[2.1363635,15.721957,7.2469416],"faces":{"east":{"uv":[1.1875,4.625,2.0,5.0625],"tintindex":0,"rotation":0,"texture":"#0"},"south":{"uv":[1.75,5.8125,1.8125,6.25],"tintindex":0,"rotation":0,"texture":"#0"},"north":{"uv":[5.375,0.0,5.4375,0.4375],"tintindex":0,"rotation":0,"texture":"#0"},"west":{"uv":[3.9375,4.6875,4.75,5.125],"tintindex":0,"rotation":0,"texture":"#0"},"up":{"uv":[0.75,8.0,0.6875,7.1875],"tintindex":0,"rotation":0,"texture":"#0"},"down":{"uv":[1.6875,7.1875,1.625,8.0],"tintindex":0,"rotation":0,"texture":"#0"}}}],"display":{"gui":{"rotation":[30,225,0]}}}