{"textures":{"0":"modelengine:entity/pumpkinjacktexture"},"elements":[{"from":[9.316898,8.659321,5.3225937],"to":[9.316898,15.259201,7.7669935],"faces":{"east":{"uv":[1.5,3.75,1.75,4.5],"tintindex":0,"rotation":0,"texture":"#0"},"west":{"uv":[1.75,3.75,2.0,4.5],"tintindex":0,"rotation":0,"texture":"#0"}},"rotation":{"origin":[8.070193,9.898348,11.1032295],"angle":45.0,"axis":"y"}},{"from":[6.7242203,8.659321,5.4218616],"to":[6.7242203,15.259201,7.8662615],"faces":{"east":{"uv":[1.0,3.75,1.25,4.5],"tintindex":0,"rotation":0,"texture":"#0"},"west":{"uv":[1.25,3.75,1.5,4.5],"tintindex":0,"rotation":0,"texture":"#0"}},"rotation":{"origin":[8.070193,9.898348,11.1032295],"angle":-45.0,"axis":"y"}},{"from":[3.3556404,8.659321,7.80329],"to":[12.64436,15.503639,12.20321],"faces":{"east":{"uv":[8.875,0.5,9.375,1.375],"tintindex":0,"rotation":0,"texture":"#0"},"south":{"uv":[11.0,0.5,12.125,1.375],"tintindex":0,"rotation":0,"texture":"#0"},"north":{"uv":[9.375,0.5,10.5,1.375],"tintindex":0,"rotation":0,"texture":"#0"},"west":{"uv":[10.5,0.5,11.0,1.375],"tintindex":0,"rotation":0,"texture":"#0"},"up":{"uv":[10.5,0.5,9.375,0.0],"tintindex":0,"rotation":0,"texture":"#0"},"down":{"uv":[11.625,0.0,10.5,0.5],"tintindex":0,"rotation":0,"texture":"#0"}}}],"display":{"gui":{"rotation":[30,225,0]}}}