{"textures":{"0":"modelengine:entity/snek_fight"},"elements":[{"from":[2.33,2.96,-12.265001],"to":[13.67,13.04,6.635],"faces":{"east":{"uv":[9.9375,14.253906,10.9375,14.878906],"tintindex":0,"rotation":0,"texture":"#0"},"south":{"uv":[12.75,5.1875,13.875,6.1875],"tintindex":0,"rotation":0,"texture":"#0"},"north":{"uv":[10.626953,12.377344,11.751953,13.377344],"tintindex":0,"rotation":0,"texture":"#0"},"west":{"uv":[5.0,14.5,6.0,15.125],"tintindex":0,"rotation":0,"texture":"#0"},"up":{"uv":[14.738672,7.0695314,13.988672,6.0695314],"tintindex":0,"rotation":0,"texture":"#0"},"down":{"uv":[7.5,14.1875,6.75,15.1875],"tintindex":0,"rotation":0,"texture":"#0"}}}],"display":{"gui":{"rotation":[30,225,0]}}}