{"textures":{"0":"modelengine:entity/snek_fight"},"elements":[{"from":[-0.82000065,0.43999958,-13.705002],"to":[16.82,15.559999,6.455002],"faces":{"east":{"uv":[9.9375,14.253906,10.9375,14.878906],"tintindex":0,"rotation":0,"texture":"#0"},"south":{"uv":[14.0,11.625,14.875,12.375],"tintindex":0,"rotation":0,"texture":"#0"},"north":{"uv":[14.001953,10.877344,14.876953,11.627344],"tintindex":0,"rotation":0,"texture":"#0"},"west":{"uv":[5.0,14.5,6.0,15.125],"tintindex":0,"rotation":0,"texture":"#0"},"up":{"uv":[14.738672,7.0695314,13.988672,6.0695314],"tintindex":0,"rotation":0,"texture":"#0"},"down":{"uv":[7.5,14.1875,6.75,15.1875],"tintindex":0,"rotation":0,"texture":"#0"}}}],"display":{"gui":{"rotation":[30,225,0]}}}