{"textures":{"0":"modelengine:entity/snek_fight"},"elements":[{"from":[0.44000006,1.6999998,-13.389999],"to":[15.559999,14.299999,6.7700043],"faces":{"east":{"uv":[9.9375,14.253906,10.9375,14.878906],"tintindex":0,"rotation":0,"texture":"#0"},"south":{"uv":[14.5625,14.625,15.3125,15.25],"tintindex":0,"rotation":0,"texture":"#0"},"north":{"uv":[10.939453,13.377344,11.689453,14.002344],"tintindex":0,"rotation":0,"texture":"#0"},"west":{"uv":[5.0,14.5,6.0,15.125],"tintindex":0,"rotation":0,"texture":"#0"},"up":{"uv":[14.738672,7.0695314,13.988672,6.0695314],"tintindex":0,"rotation":0,"texture":"#0"},"down":{"uv":[7.5,14.1875,6.75,15.1875],"tintindex":0,"rotation":0,"texture":"#0"}}}],"display":{"gui":{"rotation":[30,225,0]}}}