{"textures":{"0":"modelengine:entity/snek_fight"},"elements":[{"from":[2.9599996,3.4639997,8.812],"to":[13.039999,12.536,27.964],"faces":{"east":{"uv":[9.9375,14.253906,10.9375,14.878906],"tintindex":0,"rotation":0,"texture":"#0"},"south":{"uv":[11.75,11.875,13.0,13.0],"tintindex":0,"rotation":0,"texture":"#0"},"north":{"uv":[11.751953,10.752344,13.001953,11.877344],"tintindex":0,"rotation":0,"texture":"#0"},"west":{"uv":[5.0,14.5,6.0,15.125],"tintindex":0,"rotation":0,"texture":"#0"},"up":{"uv":[14.738672,7.0695314,13.988672,6.0695314],"tintindex":0,"rotation":0,"texture":"#0"},"down":{"uv":[7.5,14.1875,6.75,15.1875],"tintindex":0,"rotation":0,"texture":"#0"}}}],"display":{"gui":{"rotation":[30,225,0]}}}