{"textures":{"0":"modelengine:entity/snek_fight"},"elements":[{"from":[5.48,6.3199997,8.933339],"to":[10.52,9.679999,25.733337],"faces":{"east":{"uv":[9.9375,14.253906,10.9375,14.878906],"tintindex":0,"rotation":0,"texture":"#0"},"south":{"uv":[15.25,12.9375,15.625,13.1875],"tintindex":0,"rotation":0,"texture":"#0"},"north":{"uv":[6.751953,12.189844,7.126953,12.439844],"tintindex":0,"rotation":0,"texture":"#0"},"west":{"uv":[5.0,14.5,6.0,15.125],"tintindex":0,"rotation":0,"texture":"#0"},"up":{"uv":[14.738672,7.0695314,13.988672,6.0695314],"tintindex":0,"rotation":0,"texture":"#0"},"down":{"uv":[7.5,14.1875,6.75,15.1875],"tintindex":0,"rotation":0,"texture":"#0"}}}],"display":{"gui":{"rotation":[30,225,0]}}}