{"textures":{"0":"modelengine:entity/snek_fight"},"elements":[{"from":[10.519304,5.784174,-4.991173],"to":[11.149303,6.4141736,-4.3611755],"faces":{"east":{"uv":[6.6875,5.375,6.75,5.4375],"tintindex":0,"rotation":0,"texture":"#0"},"south":{"uv":[6.6875,5.4375,6.75,5.5],"tintindex":0,"rotation":0,"texture":"#0"},"north":{"uv":[6.6875,5.3125,6.75,5.375],"tintindex":0,"rotation":0,"texture":"#0"},"west":{"uv":[4.6875,6.75,4.75,6.8125],"tintindex":0,"rotation":0,"texture":"#0"},"up":{"uv":[4.75,6.875,4.6875,6.8125],"tintindex":0,"rotation":0,"texture":"#0"},"down":{"uv":[4.75,6.875,4.6875,6.9375],"tintindex":0,"rotation":0,"texture":"#0"}},"rotation":{"origin":[7.999304,6.0991735,-4.6761703],"angle":-45.0,"axis":"x"}},{"from":[4.849304,5.784174,-7.511177],"to":[5.479304,6.4141736,-6.881172],"faces":{"east":{"uv":[6.625,4.625,6.6875,4.6875],"tintindex":0,"rotation":0,"texture":"#0"},"south":{"uv":[4.6875,6.625,4.75,6.6875],"tintindex":0,"rotation":0,"texture":"#0"},"north":{"uv":[6.625,4.5625,6.6875,4.625],"tintindex":0,"rotation":0,"texture":"#0"},"west":{"uv":[6.625,4.6875,6.6875,4.75],"tintindex":0,"rotation":0,"texture":"#0"},"up":{"uv":[6.6875,4.8125,6.625,4.75],"tintindex":0,"rotation":0,"texture":"#0"},"down":{"uv":[6.6875,4.8125,6.625,4.875],"tintindex":0,"rotation":0,"texture":"#0"}},"rotation":{"origin":[7.999304,6.0991735,-7.1961746],"angle":-45.0,"axis":"x"}},{"from":[3.589304,6.0991735,-10.031174],"to":[12.409304,9.249174,-2.4711761],"faces":{"east":{"uv":[6.5625,10.0625,7.3125,10.375],"tintindex":0,"rotation":0,"texture":"#0"},"south":{"uv":[10.0,3.0,10.875,3.3125],"tintindex":0,"rotation":0,"texture":"#0"},"north":{"uv":[10.0,2.6875,10.875,3.0],"tintindex":0,"rotation":0,"texture":"#0"},"west":{"uv":[7.3125,10.0625,8.0625,10.375],"tintindex":0,"rotation":0,"texture":"#0"},"up":{"uv":[9.75,1.875,9.0,0.875],"tintindex":0,"rotation":0,"texture":"#0"},"down":{"uv":[9.875,4.9375,9.0,5.6875],"tintindex":0,"rotation":0,"texture":"#0"}}},{"from":[10.520564,4.5268455,-9.547733],"to":[11.148044,4.9653254,-9.109249],"faces":{"east":{"uv":[7.75,4.375,7.796875,4.421875],"tintindex":0,"rotation":0,"texture":"#0"},"south":{"uv":[7.75,1.25,7.8125,1.296875],"tintindex":0,"rotation":0,"texture":"#0"},"north":{"uv":[7.6875,4.375,7.75,4.421875],"tintindex":0,"rotation":0,"texture":"#0"},"west":{"uv":[7.8125,1.25,7.859375,1.296875],"tintindex":0,"rotation":0,"texture":"#0"},"up":{"uv":[7.8125,1.359375,7.75,1.3125],"tintindex":0,"rotation":0,"texture":"#0"},"down":{"uv":[7.8125,1.375,7.75,1.421875],"tintindex":0,"rotation":0,"texture":"#0"}},"rotation":{"origin":[7.999304,4.6515856,-9.233994],"angle":-45.0,"axis":"x"}},{"from":[6.109304,8.886924,-10.17292],"to":[9.889304,12.036923,-1.9199219],"faces":{"east":{"uv":[4.9375,9.0625,5.9375,9.6875],"tintindex":0,"rotation":0,"texture":"#0"},"south":{"uv":[9.5,4.625,9.875,4.9375],"tintindex":0,"rotation":0,"texture":"#0"},"north":{"uv":[3.4375,7.625,3.8125,7.9375],"tintindex":0,"rotation":0,"texture":"#0"},"west":{"uv":[0.0,9.3125,1.0,9.9375],"tintindex":0,"rotation":0,"texture":"#0"},"up":{"uv":[9.75,1.875,9.0,0.875],"tintindex":0,"rotation":0,"texture":"#0"},"down":{"uv":[1.875,10.0,1.5,10.8125],"tintindex":0,"rotation":0,"texture":"#0"}},"rotation":{"origin":[7.999304,10.824174,-3.1011734],"angle":-22.5,"axis":"x"}},{"from":[10.519304,5.784174,-7.511177],"to":[11.149303,6.4141736,-6.881172],"faces":{"east":{"uv":[6.625,4.9375,6.6875,5.0],"tintindex":0,"rotation":0,"texture":"#0"},"south":{"uv":[6.625,5.0,6.6875,5.0625],"tintindex":0,"rotation":0,"texture":"#0"},"north":{"uv":[6.625,4.875,6.6875,4.9375],"tintindex":0,"rotation":0,"texture":"#0"},"west":{"uv":[6.625,5.0625,6.6875,5.125],"tintindex":0,"rotation":0,"texture":"#0"},"up":{"uv":[6.6875,5.1875,6.625,5.125],"tintindex":0,"rotation":0,"texture":"#0"},"down":{"uv":[6.6875,5.1875,6.625,5.25],"tintindex":0,"rotation":0,"texture":"#0"}},"rotation":{"origin":[7.999304,6.0991735,-7.1961746],"angle":-45.0,"axis":"x"}},{"from":[4.850564,4.5268455,-9.547733],"to":[5.4780436,4.9653254,-9.109249],"faces":{"east":{"uv":[3.8125,7.75,3.859375,7.796875],"tintindex":0,"rotation":0,"texture":"#0"},"south":{"uv":[7.625,4.375,7.6875,4.421875],"tintindex":0,"rotation":0,"texture":"#0"},"north":{"uv":[3.875,7.625,3.9375,7.671875],"tintindex":0,"rotation":0,"texture":"#0"},"west":{"uv":[3.875,7.75,3.921875,7.796875],"tintindex":0,"rotation":0,"texture":"#0"},"up":{"uv":[3.875,7.734375,3.8125,7.6875],"tintindex":0,"rotation":0,"texture":"#0"},"down":{"uv":[3.9375,7.6875,3.875,7.734375],"tintindex":0,"rotation":0,"texture":"#0"}},"rotation":{"origin":[7.999304,4.6515856,-9.233994],"angle":-45.0,"axis":"x"}},{"from":[4.849304,5.784174,-4.991173],"to":[5.479304,6.4141736,-4.3611755],"faces":{"east":{"uv":[6.6875,5.0,6.75,5.0625],"tintindex":0,"rotation":0,"texture":"#0"},"south":{"uv":[6.6875,5.0625,6.75,5.125],"tintindex":0,"rotation":0,"texture":"#0"},"north":{"uv":[6.6875,4.9375,6.75,5.0],"tintindex":0,"rotation":0,"texture":"#0"},"west":{"uv":[6.6875,5.125,6.75,5.1875],"tintindex":0,"rotation":0,"texture":"#0"},"up":{"uv":[6.75,5.25,6.6875,5.1875],"tintindex":0,"rotation":0,"texture":"#0"},"down":{"uv":[6.75,5.25,6.6875,5.3125],"tintindex":0,"rotation":0,"texture":"#0"}},"rotation":{"origin":[7.999304,6.0991735,-4.6761703],"angle":-45.0,"axis":"x"}},{"from":[10.676804,13.911174,5.514076],"to":[13.196804,16.431175,9.18383],"faces":{"east":{"uv":[4.625,10.3125,4.984375,10.5625],"tintindex":0,"rotation":0,"texture":"#0"},"south":{"uv":[1.5,9.3125,1.75,9.5625],"tintindex":0,"rotation":0,"texture":"#0"},"north":{"uv":[2.5,9.0,2.75,9.25],"tintindex":0,"rotation":0,"texture":"#0"},"west":{"uv":[5.0,10.3125,5.359375,10.5625],"tintindex":0,"rotation":0,"texture":"#0"},"up":{"uv":[2.5,5.859375,2.25,5.5],"tintindex":0,"rotation":0,"texture":"#0"},"down":{"uv":[2.5,5.875,2.25,6.234375],"tintindex":0,"rotation":0,"texture":"#0"}},"rotation":{"origin":[12.409304,16.588673,8.868828],"angle":-22.5,"axis":"x"}},{"from":[4.849304,5.784174,-6.251175],"to":[5.479304,6.4141736,-5.62117],"faces":{"east":{"uv":[6.625,5.3125,6.6875,5.375],"tintindex":0,"rotation":0,"texture":"#0"},"south":{"uv":[6.625,5.375,6.6875,5.4375],"tintindex":0,"rotation":0,"texture":"#0"},"north":{"uv":[6.625,5.25,6.6875,5.3125],"tintindex":0,"rotation":0,"texture":"#0"},"west":{"uv":[6.625,5.4375,6.6875,5.5],"tintindex":0,"rotation":0,"texture":"#0"},"up":{"uv":[6.75,4.5625,6.6875,4.5],"tintindex":0,"rotation":0,"texture":"#0"},"down":{"uv":[6.75,4.5625,6.6875,4.625],"tintindex":0,"rotation":0,"texture":"#0"}},"rotation":{"origin":[7.999304,6.0991735,-5.9361725],"angle":-45.0,"axis":"x"}},{"from":[2.1730642,6.100434,-12.077412],"to":[8.486294,9.247914,-5.8114357],"faces":{"east":{"uv":[9.25,10.0625,9.875,10.375],"tintindex":0,"rotation":0,"texture":"#0"},"south":{"uv":[9.875,10.0625,10.5,10.375],"tintindex":0,"rotation":0,"texture":"#0"},"north":{"uv":[8.625,10.0625,9.25,10.375],"tintindex":0,"rotation":0,"texture":"#0"},"west":{"uv":[10.25,0.0,10.875,0.3125],"tintindex":0,"rotation":0,"texture":"#0"},"up":{"uv":[9.6875,1.875,9.0,1.1875],"tintindex":0,"rotation":0,"texture":"#0"},"down":{"uv":[10.5,3.375,9.875,4.0],"tintindex":0,"rotation":0,"texture":"#0"}},"rotation":{"origin":[7.999304,7.674174,-6.251175],"angle":-45.0,"axis":"y"}},{"from":[2.9593039,11.769174,-3.1011734],"to":[6.739304,12.399174,-2.4711761],"faces":{"east":{"uv":[7.5625,4.375,7.625,4.4375],"tintindex":0,"rotation":0,"texture":"#0"},"south":{"uv":[3.9375,7.125,4.3125,7.1875],"tintindex":0,"rotation":0,"texture":"#0"},"north":{"uv":[7.125,2.9375,7.5,3.0],"tintindex":0,"rotation":0,"texture":"#0"},"west":{"uv":[3.8125,7.625,3.875,7.6875],"tintindex":0,"rotation":0,"texture":"#0"},"up":{"uv":[4.6875,7.1875,4.3125,7.125],"tintindex":0,"rotation":0,"texture":"#0"},"down":{"uv":[7.9375,4.3125,7.5625,4.375],"tintindex":0,"rotation":0,"texture":"#0"}}},{"from":[4.849304,4.5241737,-10.031174],"to":[5.479304,6.4141736,-9.401176],