{"textures":{"0":"modelengine:entity/nocsy_drakonin_tornado"},"elements":[{"from":[-4.0,6.3152018,-5.4017057],"to":[20.0,11.315202,-5.4017057],"faces":{"south":{"uv":[6.5,6.25,9.5,6.875],"tintindex":0,"rotation":0,"texture":"#0"},"north":{"uv":[6.375,4.75,9.375,5.375],"tintindex":0,"rotation":0,"texture":"#0"}},"rotation":{"origin":[9.0,18.215202,8.098293],"angle":-22.5,"axis":"x"}},{"from":[-4.0,6.3152018,-5.4017057],"to":[-4.0,11.315202,13.598294],"faces":{"east":{"uv":[5.25,7.0,7.625,7.625],"tintindex":0,"rotation":0,"texture":"#0"},"west":{"uv":[2.75,7.75,5.125,8.375],"tintindex":0,"rotation":0,"texture":"#0"}},"rotation":{"origin":[9.0,18.215202,8.098293],"angle":-22.5,"axis":"x"}},{"from":[-4.0,6.3152018,13.598294],"to":[20.0,11.315202,13.598294],"faces":{"south":{"uv":[6.75,0.75,9.75,1.375],"tintindex":0,"rotation":0,"texture":"#0"},"north":{"uv":[6.75,0.0,9.75,0.625],"tintindex":0,"rotation":0,"texture":"#0"}},"rotation":{"origin":[9.0,18.215202,8.098293],"angle":-22.5,"axis":"x"}},{"from":[20.0,6.3152018,-5.4017057],"to":[20.0,11.315202,13.598294],"faces":{"east":{"uv":[6.75,1.5,9.125,2.125],"tintindex":0,"rotation":0,"texture":"#0"},"west":{"uv":[2.75,7.0,5.125,7.625],"tintindex":0,"rotation":0,"texture":"#0"}},"rotation":{"origin":[9.0,18.215202,8.098293],"angle":-22.5,"axis":"x"}}],"display":{"gui":{"rotation":[30,225,0]}}}