{"textures":{"0":"modelengine:entity/nocsy_drakonin_tornado"},"elements":[{"from":[-7.0,5.882683,-4.4238796],"to":[23.0,10.882683,-4.4238796],"faces":{"south":{"uv":[5.0,4.0,8.75,4.625],"tintindex":0,"rotation":0,"texture":"#0"},"north":{"uv":[5.0,3.25,8.75,3.875],"tintindex":0,"rotation":0,"texture":"#0"}},"rotation":{"origin":[6.5,8.382683,7.0761204],"angle":22.5,"axis":"x"}},{"from":[-7.0,5.882683,-4.4238796],"to":[-7.0,10.882683,20.57612],"faces":{"east":{"uv":[0.0,6.25,3.125,6.875],"tintindex":0,"rotation":0,"texture":"#0"},"west":{"uv":[3.25,6.25,6.375,6.875],"tintindex":0,"rotation":0,"texture":"#0"}},"rotation":{"origin":[6.5,8.382683,7.0761204],"angle":22.5,"axis":"x"}},{"from":[-7.0,5.882683,20.57612],"to":[23.0,10.882683,20.57612],"faces":{"south":{"uv":[2.5,4.75,6.25,5.375],"tintindex":0,"rotation":0,"texture":"#0"},"north":{"uv":[4.5,2.5,8.25,3.125],"tintindex":0,"rotation":0,"texture":"#0"}},"rotation":{"origin":[6.5,8.382683,7.0761204],"angle":22.5,"axis":"x"}},{"from":[23.0,5.882683,-4.4238796],"to":[23.0,10.882683,20.57612],"faces":{"east":{"uv":[2.5,5.5,5.625,6.125],"tintindex":0,"rotation":0,"texture":"#0"},"west":{"uv":[5.75,5.5,8.875,6.125],"tintindex":0,"rotation":0,"texture":"#0"}},"rotation":{"origin":[6.5,8.382683,7.0761204],"angle":22.5,"axis":"x"}}],"display":{"gui":{"rotation":[30,225,0]}}}