{"textures":{"0":"modelengine:entity/nocsy_drakonin6"},"elements":[{"from":[4.0,4.7727404,3.373014],"to":[12.0,12.77274,15.3730135],"faces":{"east":{"uv":[6.125,0.0,6.875,0.5],"tintindex":0,"rotation":0,"texture":"#0"},"south":{"uv":[2.75,6.3125,3.25,6.8125],"tintindex":0,"rotation":0,"texture":"#0"},"north":{"uv":[6.125,1.9375,6.625,2.4375],"tintindex":0,"rotation":0,"texture":"#0"},"west":{"uv":[6.125,0.5625,6.875,1.0625],"tintindex":0,"rotation":0,"texture":"#0"},"up":{"uv":[6.625,1.875,6.125,1.125],"tintindex":0,"rotation":0,"texture":"#0"},"down":{"uv":[5.75,6.125,5.25,6.875],"tintindex":0,"rotation":0,"texture":"#0"}}},{"from":[4.01,2.811537,13.084082],"to":[11.99,10.791536,21.064081],"faces":{"east":{"uv":[3.875,6.3125,4.375,6.8125],"tintindex":0,"rotation":0,"texture":"#0"},"south":{"uv":[4.4375,6.3125,4.9375,6.8125],"tintindex":0,"rotation":0,"texture":"#0"},"north":{"uv":[3.3125,6.3125,3.8125,6.8125],"tintindex":0,"rotation":0,"texture":"#0"},"west":{"uv":[6.375,2.5,6.875,3.0],"tintindex":0,"rotation":0,"texture":"#0"},"up":{"uv":[6.875,3.5625,6.375,3.0625],"tintindex":0,"rotation":0,"texture":"#0"},"down":{"uv":[6.875,3.625,6.375,4.125],"tintindex":0,"rotation":0,"texture":"#0"}},"rotation":{"origin":[8.0,6.008381,19.178501],"angle":22.5,"axis":"x"}},{"from":[3.99,4.2792497,1.1274507],"to":[12.01,12.299251,8.147451],"faces":{"east":{"uv":[2.75,6.875,3.1875,7.375],"tintindex":0,"rotation":0,"texture":"#0"},"south":{"uv":[5.8125,6.375,6.3125,6.875],"tintindex":0,"rotation":0,"texture":"#0"},"north":{"uv":[6.375,4.1875,6.875,4.6875],"tintindex":0,"rotation":0,"texture":"#0"},"west":{"uv":[3.25,6.875,3.6875,7.375],"tintindex":0,"rotation":0,"texture":"#0"},"up":{"uv":[4.25,7.3125,3.75,6.875],"tintindex":0,"rotation":0,"texture":"#0"},"down":{"uv":[4.8125,6.875,4.3125,7.3125],"tintindex":0,"rotation":0,"texture":"#0"}},"rotation":{"origin":[8.0,10.28925,6.337451],"angle":45.0,"axis":"x"}}],"display":{"gui":{"rotation":[30,225,0]}}}