{"textures":{"0":"modelengine:entity/nocsy_drakonin6"},"elements":[{"from":[5.310754,6.0,4.5349245],"to":[9.310754,10.0,9.5349245],"faces":{"east":{"uv":[7.125,9.375,7.4375,9.625],"tintindex":0,"rotation":0,"texture":"#0"},"south":{"uv":[9.8125,4.75,10.0625,5.0],"tintindex":0,"rotation":0,"texture":"#0"},"north":{"uv":[3.625,9.8125,3.875,10.0625],"tintindex":0,"rotation":0,"texture":"#0"},"west":{"uv":[9.4375,0.0,9.75,0.25],"tintindex":0,"rotation":0,"texture":"#0"},"up":{"uv":[0.25,9.6875,0.0,9.375],"tintindex":0,"rotation":0,"texture":"#0"},"down":{"uv":[9.75,1.5625,9.5,1.875],"tintindex":0,"rotation":0,"texture":"#0"}}},{"from":[2.540482,9.395069,12.460691],"to":[9.540482,9.395069,19.460691],"faces":{"up":{"uv":[7.875,0.4375,7.4375,0.0],"tintindex":0,"rotation":0,"texture":"#0"},"down":{"uv":[7.875,0.5,7.4375,0.9375],"tintindex":0,"rotation":0,"texture":"#0"}},"rotation":{"origin":[6.0931687,7.010004,14.960691],"angle":-22.5,"axis":"x"}},{"from":[4.4107537,6.3999996,5.5349245],"to":[7.4107537,9.4,12.5349245],"faces":{"east":{"uv":[2.0625,9.3125,2.5,9.5],"tintindex":0,"rotation":0,"texture":"#0"},"south":{"uv":[10.125,6.875,10.3125,7.0625],"tintindex":0,"rotation":0,"texture":"#0"},"north":{"uv":[10.125,6.625,10.3125,6.8125],"tintindex":0,"rotation":0,"texture":"#0"},"west":{"uv":[2.5625,9.3125,3.0,9.5],"tintindex":0,"rotation":0,"texture":"#0"},"up":{"uv":[3.25,9.75,3.0625,9.3125],"tintindex":0,"rotation":0,"texture":"#0"},"down":{"uv":[3.5,9.3125,3.3125,9.75],"tintindex":0,"rotation":0,"texture":"#0"}},"rotation":{"origin":[6.9107537,7.5,9.0349245],"angle":-22.5,"axis":"z"}},{"from":[6.1458554,5.924938,12.460691],"to":[6.1458554,12.924938,19.460691],"faces":{"east":{"uv":[6.875,7.375,7.3125,7.8125],"tintindex":0,"rotation":0,"texture":"#0"},"west":{"uv":[7.375,7.25,7.8125,7.6875],"tintindex":0,"rotation":0,"texture":"#0"}},"rotation":{"origin":[6.0931687,7.010004,14.960691],"angle":-22.5,"axis":"x"}}],"display":{"gui":{"rotation":[30,225,0]}}}