{"textures":{"0":"modelengine:entity/nocsy_drakonin6"},"elements":[{"from":[6.689246,6.0,4.5349245],"to":[10.689246,10.0,9.5349245],"faces":{"east":{"uv":[9.3125,5.1875,9.625,5.4375],"tintindex":0,"rotation":0,"texture":"#0"},"south":{"uv":[3.3125,9.8125,3.5625,10.0625],"tintindex":0,"rotation":0,"texture":"#0"},"north":{"uv":[3.0,9.8125,3.25,10.0625],"tintindex":0,"rotation":0,"texture":"#0"},"west":{"uv":[9.3125,7.875,9.625,8.125],"tintindex":0,"rotation":0,"texture":"#0"},"up":{"uv":[9.125,9.625,8.875,9.3125],"tintindex":0,"rotation":0,"texture":"#0"},"down":{"uv":[9.4375,9.3125,9.1875,9.625],"tintindex":0,"rotation":0,"texture":"#0"}}},{"from":[6.459518,9.395069,12.460691],"to":[13.459518,9.395069,19.460691],"faces":{"up":{"uv":[7.8125,6.6875,7.375,6.25],"tintindex":0,"rotation":0,"texture":"#0"},"down":{"uv":[7.8125,6.75,7.375,7.1875],"tintindex":0,"rotation":0,"texture":"#0"}},"rotation":{"origin":[9.906832,7.010004,14.960691],"angle":-22.5,"axis":"x"}},{"from":[8.589247,6.3999996,5.5349245],"to":[11.589247,9.4,12.5349245],"faces":{"east":{"uv":[0.5625,9.3125,1.0,9.5],"tintindex":0,"rotation":0,"texture":"#0"},"south":{"uv":[10.125,6.375,10.3125,6.5625],"tintindex":0,"rotation":0,"texture":"#0"},"north":{"uv":[10.125,4.6875,10.3125,4.875],"tintindex":0,"rotation":0,"texture":"#0"},"west":{"uv":[1.0625,9.3125,1.5,9.5],"tintindex":0,"rotation":0,"texture":"#0"},"up":{"uv":[1.75,9.75,1.5625,9.3125],"tintindex":0,"rotation":0,"texture":"#0"},"down":{"uv":[2.0,9.3125,1.8125,9.75],"tintindex":0,"rotation":0,"texture":"#0"}},"rotation":{"origin":[9.089247,7.5,9.0349245],"angle":22.5,"axis":"z"}},{"from":[9.854145,5.924938,12.460691],"to":[9.854145,12.924938,19.460691],"faces":{"east":{"uv":[6.375,7.0,6.8125,7.4375],"tintindex":0,"rotation":0,"texture":"#0"},"west":{"uv":[7.375,5.75,7.8125,6.1875],"tintindex":0,"rotation":0,"texture":"#0"}},"rotation":{"origin":[9.906832,7.010004,14.960691],"angle":-22.5,"axis":"x"}}],"display":{"gui":{"rotation":[30,225,0]}}}