{"textures":{"0":"modelengine:entity/nocsy_drakonin6"},"elements":[{"from":[-2.783844,7.872788,3.1453495],"to":[7.7161565,7.972788,23.64535],"faces":{"east":{"uv":[7.6875,4.1875,10.25,4.25],"tintindex":0,"rotation":0,"texture":"#0"},"south":{"uv":[8.9375,5.5625,10.25,5.625],"tintindex":0,"rotation":0,"texture":"#0"},"north":{"uv":[8.3125,1.25,9.625,1.3125],"tintindex":0,"rotation":0,"texture":"#0"},"west":{"uv":[7.6875,4.3125,10.25,4.375],"tintindex":0,"rotation":0,"texture":"#0"},"up":{"uv":[5.4375,2.5625,4.125,0.0],"tintindex":0,"rotation":0,"texture":"#0"},"down":{"uv":[5.4375,2.625,4.125,5.1875],"tintindex":0,"rotation":0,"texture":"#0"}}},{"from":[-1.0271502,7.077788,3.4801264],"to":[0.46284962,8.567787,6.970126],"faces":{"east":{"uv":[9.0625,0.625,9.5,0.8125],"tintindex":0,"rotation":0,"texture":"#0"},"south":{"uv":[5.1875,10.0625,5.375,10.25],"tintindex":0,"rotation":0,"texture":"#0"},"north":{"uv":[4.9375,10.0625,5.125,10.25],"tintindex":0,"rotation":0,"texture":"#0"},"west":{"uv":[9.0625,7.625,9.5,7.8125],"tintindex":0,"rotation":0,"texture":"#0"},"up":{"uv":[5.1875,6.75,5.0,6.3125],"tintindex":0,"rotation":0,"texture":"#0"},"down":{"uv":[8.8125,9.0625,8.625,9.5],"tintindex":0,"rotation":0,"texture":"#0"}},"rotation":{"origin":[1.7178493,7.822788,6.2251263],"angle":45.0,"axis":"y"}},{"from":[-2.8980246,7.072788,2.5713243],"to":[-1.3980246,8.572788,6.0713243],"faces":{"east":{"uv":[9.0625,8.1875,9.5,8.375],"tintindex":0,"rotation":0,"texture":"#0"},"south":{"uv":[6.5,10.0625,6.6875,10.25],"tintindex":0,"rotation":0,"texture":"#0"},"north":{"uv":[6.25,10.0625,6.4375,10.25],"tintindex":0,"rotation":0,"texture":"#0"},"west":{"uv":[8.875,9.0625,9.3125,9.25],"tintindex":0,"rotation":0,"texture":"#0"},"up":{"uv":[8.5,9.5625,8.3125,9.125],"tintindex":0,"rotation":0,"texture":"#0"},"down":{"uv":[9.4375,1.875,9.25,2.3125],"tintindex":0,"rotation":0,"texture":"#0"}},"rotation":{"origin":[-2.1480246,7.822788,4.3213243],"angle":22.5,"axis":"y"}},{"from":[0.3036356,7.072788,7.2],"to":[6.8036356,8.572788,8.7],"faces":{"east":{"uv":[6.6875,2.25,6.875,2.4375],"tintindex":0,"rotation":0,"texture":"#0"},"south":{"uv":[7.875,6.375,8.6875,6.5625],"tintindex":0,"rotation":0,"texture":"#0"},"north":{"uv":[1.625,7.875,2.4375,8.0625],"tintindex":0,"rotation":0,"texture":"#0"},"west":{"uv":[4.6875,10.0625,4.875,10.25],"tintindex":0,"rotation":0,"texture":"#0"},"up":{"uv":[7.3125,8.0625,6.5,7.875],"tintindex":0,"rotation":0,"texture":"#0"},"down":{"uv":[8.6875,6.625,7.875,6.8125],"tintindex":0,"rotation":0,"texture":"#0"}}},{"from":[6.3036356,6.572788,6.75],"to":[8.803636,9.072788,9.25],"faces":{"east":{"uv":[6.5,7.5,6.8125,7.8125],"tintindex":0,"rotation":0,"texture":"#0"},"south":{"uv":[8.6875,0.5,9.0,0.8125],"tintindex":0,"rotation":0,"texture":"#0"},"north":{"uv":[6.375,4.75,6.6875,5.0625],"tintindex":0,"rotation":0,"texture":"#0"},"west":{"uv":[8.875,2.0625,9.1875,2.375],"tintindex":0,"rotation":0,"texture":"#0"},"up":{"uv":[9.1875,2.75,8.875,2.4375],"tintindex":0,"rotation":0,"texture":"#0"},"down":{"uv":[9.1875,2.8125,8.875,3.125],"tintindex":0,"rotation":0,"texture":"#0"}}}],"display":{"gui":{"rotation":[30,225,0]}}}