{"textures":{"0":"modelengine:entity/nocsy_drakonin6"},"elements":[{"from":[5.0,8.111329,6.9499884],"to":[11.0,15.111329,12.949987],"faces":{"east":{"uv":[7.6875,2.25,8.0625,2.6875],"tintindex":0,"rotation":0,"texture":"#0"},"south":{"uv":[7.6875,2.75,8.0625,3.1875],"tintindex":0,"rotation":0,"texture":"#0"},"north":{"uv":[4.25,7.625,4.625,8.0625],"tintindex":0,"rotation":0,"texture":"#0"},"west":{"uv":[7.6875,3.25,8.0625,3.6875],"tintindex":0,"rotation":0,"texture":"#0"},"up":{"uv":[8.25,8.25,7.875,7.875],"tintindex":0,"rotation":0,"texture":"#0"},"down":{"uv":[8.3125,0.0,7.9375,0.375],"tintindex":0,"rotation":0,"texture":"#0"}}},{"from":[13.0,8.411329,10.249989],"to":[13.0,21.411327,19.249989],"faces":{"east":{"uv":[5.5,0.875,6.0625,1.6875],"tintindex":0,"rotation":0,"texture":"#0"},"west":{"uv":[5.5,1.75,6.0625,2.5625],"tintindex":0,"rotation":0,"texture":"#0"}},"rotation":{"origin":[11.0,14.611329,12.749989],"angle":45.0,"axis":"y"}},{"from":[3.0,8.411329,10.249989],"to":[3.0,21.411327,19.249989],"faces":{"east":{"uv":[5.25,5.25,5.8125,6.0625],"tintindex":0,"rotation":0,"texture":"#0"},"west":{"uv":[5.5,0.0,6.0625,0.8125],"tintindex":0,"rotation":0,"texture":"#0"}},"rotation":{"origin":[5.0,14.611329,12.749989],"angle":-45.0,"axis":"y"}},{"from":[5.01,14.245261,6.2280493],"to":[10.99,18.22526,12.208048],"faces":{"east":{"uv":[8.875,7.875,9.25,8.125],"tintindex":0,"rotation":0,"texture":"#0"},"south":{"uv":[6.4375,8.9375,6.8125,9.1875],"tintindex":0,"rotation":0,"texture":"#0"},"north":{"uv":[8.5,5.4375,8.875,5.6875],"tintindex":0,"rotation":0,"texture":"#0"},"west":{"uv":[6.875,8.9375,7.25,9.1875],"tintindex":0,"rotation":0,"texture":"#0"},"up":{"uv":[8.3125,0.8125,7.9375,0.4375],"tintindex":0,"rotation":0,"texture":"#0"},"down":{"uv":[8.3125,1.5625,7.9375,1.9375],"tintindex":0,"rotation":0,"texture":"#0"}},"rotation":{"origin":[8.0,16.51315,10.381875],"angle":-22.5,"axis":"x"}}],"display":{"gui":{"rotation":[30,225,0]}}}