{"textures":{"0":"modelengine:entity/nocsy_drakonin6"},"elements":[{"from":[8.001944,7.2025,4.973771],"to":[16.501944,8.702499,6.473771],"faces":{"east":{"uv":[9.9375,10.0625,9.75,10.25],"tintindex":0,"rotation":0,"texture":"#0"},"south":{"uv":[8.375,2.0,7.3125,2.1875],"tintindex":0,"rotation":0,"texture":"#0"},"north":{"uv":[8.0,4.5,6.9375,4.6875],"tintindex":0,"rotation":0,"texture":"#0"},"west":{"uv":[10.25,9.6875,10.0625,9.875],"tintindex":0,"rotation":0,"texture":"#0"},"up":{"uv":[4.875,7.5,5.9375,7.3125],"tintindex":0,"rotation":0,"texture":"#0"},"down":{"uv":[3.75,7.375,4.8125,7.5625],"tintindex":0,"rotation":0,"texture":"#0"}},"rotation":{"origin":[8.751944,7.9525,6.723771],"angle":-22.5,"axis":"y"}},{"from":[14.81158,7.2075,10.863313],"to":[20.30158,8.6975,12.3533125],"faces":{"east":{"uv":[10.3125,0.0,10.125,0.1875],"tintindex":0,"rotation":0,"texture":"#0"},"south":{"uv":[5.375,8.0625,4.6875,8.25],"tintindex":0,"rotation":0,"texture":"#0"},"north":{"uv":[8.75,4.4375,8.0625,4.625],"tintindex":0,"rotation":0,"texture":"#0"},"west":{"uv":[10.25,9.9375,10.0625,10.125],"tintindex":0,"rotation":0,"texture":"#0"},"up":{"uv":[1.625,8.3125,2.3125,8.125],"tintindex":0,"rotation":0,"texture":"#0"},"down":{"uv":[8.125,2.25,8.8125,2.4375],"tintindex":0,"rotation":0,"texture":"#0"}},"rotation":{"origin":[19.05658,7.9525,11.608313],"angle":-45.0,"axis":"y"}},{"from":[8.001944,8.002501,4.973771],"to":[24.001944,8.1025,25.473772],"faces":{"east":{"uv":[10.4375,5.75,7.875,5.8125],"tintindex":0,"rotation":0,"texture":"#0"},"south":{"uv":[10.1875,4.0,8.1875,4.0625],"tintindex":0,"rotation":0,"texture":"#0"},"north":{"uv":[9.9375,0.875,7.9375,0.9375],"tintindex":0,"rotation":0,"texture":"#0"},"west":{"uv":[10.375,1.4375,7.8125,1.5],"tintindex":0,"rotation":0,"texture":"#0"},"up":{"uv":[0.0,2.5625,2.0,0.0],"tintindex":0,"rotation":0,"texture":"#0"},"down":{"uv":[2.0625,0.0,4.0625,2.5625],"tintindex":0,"rotation":0,"texture":"#0"}}},{"from":[19.162655,7.2025,11.426421],"to":[20.662655,8.702499,16.926422],"faces":{"east":{"uv":[8.8125,2.75,8.125,2.9375],"tintindex":0,"rotation":0,"texture":"#0"},"south":{"uv":[1.625,10.125,1.4375,10.3125],"tintindex":0,"rotation":0,"texture":"#0"},"north":{"uv":[10.3125,0.5625,10.125,0.75],"tintindex":0,"rotation":0,"texture":"#0"},"west":{"uv":[8.8125,2.5,8.125,2.6875],"tintindex":0,"rotation":0,"texture":"#0"},"up":{"uv":[6.25,8.6875,6.4375,8.0],"tintindex":0,"rotation":0,"texture":"#0"},"down":{"uv":[5.4375,8.0625,5.625,8.75],"tintindex":0,"rotation":0,"texture":"#0"}},"rotation":{"origin":[21.912655,7.9525,12.176421],"angle":22.5,"axis":"y"}}],"display":{"gui":{"rotation":[30,225,0]}}}