{"textures":{"0":"modelengine:entity/nocsy_drakonin6"},"elements":[{"from":[10.6,7.3857093,8.577297],"to":[14.6,7.3857093,16.577297],"faces":{"up":{"uv":[6.75,8.875,6.5,8.375],"tintindex":0,"rotation":0,"texture":"#0"},"down":{"uv":[7.0625,8.375,6.8125,8.875],"tintindex":0,"rotation":0,"texture":"#0"}},"rotation":{"origin":[12.5,8.08571,12.577297],"angle":-22.5,"axis":"z"}},{"from":[5.5,4.0857096,6.577297],"to":[10.5,10.08571,13.577297],"faces":{"east":{"uv":[7.8125,1.0,8.25,1.375],"tintindex":0,"rotation":0,"texture":"#0"},"south":{"uv":[7.5,8.625,7.8125,9.0],"tintindex":0,"rotation":0,"texture":"#0"},"north":{"uv":[5.0625,8.625,5.375,9.0],"tintindex":0,"rotation":0,"texture":"#0"},"west":{"uv":[0.0,7.875,0.4375,8.25],"tintindex":0,"rotation":0,"texture":"#0"},"up":{"uv":[3.5625,8.375,3.25,7.9375],"tintindex":0,"rotation":0,"texture":"#0"},"down":{"uv":[6.1875,8.0,5.875,8.4375],"tintindex":0,"rotation":0,"texture":"#0"}},"rotation":{"origin":[7.5,5.7893925,12.753973],"angle":22.5,"axis":"x"}},{"from":[1.4000001,7.3857093,8.577297],"to":[5.4,7.3857093,16.577297],"faces":{"up":{"uv":[3.875,8.875,3.625,8.375],"tintindex":0,"rotation":0,"texture":"#0"},"down":{"uv":[4.1875,8.375,3.9375,8.875],"tintindex":0,"rotation":0,"texture":"#0"}},"rotation":{"origin":[3.5,8.08571,12.577297],"angle":22.5,"axis":"z"}}],"display":{"gui":{"rotation":[30,225,0]}}}