{"textures":{"0":"modelengine:entity/nocsy_drakonin_baby7"},"elements":[{"from":[8.483416,7.8867855,12.974394],"to":[11.283415,11.486786,12.974394],"faces":{"south":{"uv":[9.375,10.375,9.75,10.875],"tintindex":0,"rotation":0,"texture":"#0"},"north":{"uv":[9.75,10.375,9.375,10.875],"tintindex":0,"rotation":0,"texture":"#0"},"west":{"uv":[9.75,10.375,9.375,10.875],"tintindex":0,"rotation":0,"texture":"#0"}},"rotation":{"origin":[9.099434,9.3867855,12.00546],"angle":22.5,"axis":"x"}},{"from":[8.445341,5.2734394,10.165115],"to":[10.445341,6.873439,12.765115],"faces":{"east":{"uv":[12.0,11.75,12.375,12.0],"tintindex":0,"rotation":0,"texture":"#0"},"south":{"uv":[12.5,8.875,12.75,9.125],"tintindex":0,"rotation":0,"texture":"#0"},"north":{"uv":[12.5,6.5,12.75,6.75],"tintindex":0,"rotation":0,"texture":"#0"},"west":{"uv":[1.875,12.125,2.25,12.375],"tintindex":0,"rotation":0,"texture":"#0"},"up":{"uv":[11.5,12.375,11.25,12.0],"tintindex":0,"rotation":0,"texture":"#0"},"down":{"uv":[12.375,4.625,12.125,5.0],"tintindex":0,"rotation":0,"texture":"#0"}},"rotation":{"origin":[8.5453415,6.0734386,9.965115],"angle":-45.0,"axis":"x"}},{"from":[9.615454,7.6867847,11.286526],"to":[9.615454,11.686785,13.9865265],"faces":{"east":{"uv":[7.875,10.375,8.25,10.875],"tintindex":0,"rotation":0,"texture":"#0"},"west":{"uv":[8.25,10.375,7.875,10.875],"tintindex":0,"rotation":0,"texture":"#0"}},"rotation":{"origin":[9.099434,9.3867855,12.00546],"angle":22.5,"axis":"x"}},{"from":[7.745342,5.673439,6.865115],"to":[10.145341,8.07344,11.265115],"faces":{"east":{"uv":[11.625,9.25,12.125,9.5],"tintindex":0,"rotation":0,"texture":"#0"},"south":{"uv":[12.5,11.75,12.75,12.0],"tintindex":0,"rotation":0,"texture":"#0"},"north":{"uv":[11.125,12.5,11.375,12.75],"tintindex":0,"rotation":0,"texture":"#0"},"west":{"uv":[11.625,10.25,12.125,10.5],"tintindex":0,"rotation":0,"texture":"#0"},"up":{"uv":[5.75,11.875,5.5,11.375],"tintindex":0,"rotation":0,"texture":"#0"},"down":{"uv":[3.375,11.625,3.125,12.125],"tintindex":0,"rotation":0,"texture":"#0"}},"rotation":{"origin":[8.555492,7.1499043,10.085945],"angle":-22.5,"axis":"z"}}],"display":{"gui":{"rotation":[30,225,0]}}}