{"textures":{"0":"modelengine:entity/nocsy_drakonin_baby7"},"elements":[{"from":[6.598692,5.1304526,6.5085907],"to":[9.598692,8.130453,9.508591],"faces":{"east":{"uv":[3.0,11.125,3.375,11.5],"tintindex":0,"rotation":0,"texture":"#0"},"south":{"uv":[11.125,3.875,11.5,4.25],"tintindex":0,"rotation":0,"texture":"#0"},"north":{"uv":[2.5,11.125,2.875,11.5],"tintindex":0,"rotation":0,"texture":"#0"},"west":{"uv":[11.125,4.375,11.5,4.75],"tintindex":0,"rotation":0,"texture":"#0"},"up":{"uv":[11.0,11.5,10.625,11.125],"tintindex":0,"rotation":0,"texture":"#0"},"down":{"uv":[11.5,11.125,11.125,11.5],"tintindex":0,"rotation":0,"texture":"#0"}}},{"from":[6.608692,5.148013,5.521421],"to":[9.588692,6.1280127,6.5014205],"faces":{"east":{"uv":[6.375,11.25,6.5,11.375],"tintindex":0,"rotation":0,"texture":"#0"},"south":{"uv":[12.625,5.625,13.0,5.75],"tintindex":0,"rotation":0,"texture":"#0"},"north":{"uv":[11.125,8.25,11.5,8.375],"tintindex":0,"rotation":0,"texture":"#0"},"west":{"uv":[11.375,9.25,11.5,9.375],"tintindex":0,"rotation":0,"texture":"#0"},"up":{"uv":[13.0,9.75,12.625,9.625],"tintindex":0,"rotation":0,"texture":"#0"},"down":{"uv":[13.0,9.875,12.625,10.0],"tintindex":0,"rotation":0,"texture":"#0"}},"rotation":{"origin":[7.090604,5.1376486,6.50088],"angle":45.0,"axis":"x"}}],"display":{"gui":{"rotation":[30,225,0]}}}