{"textures":{"0":"modelengine:entity/nocsy_drakonin_baby7"},"elements":[{"from":[6.603875,5.2045836,6.0675945],"to":[9.603875,8.204584,9.067595],"faces":{"east":{"uv":[5.0,11.375,5.375,11.75],"tintindex":0,"rotation":0,"texture":"#0"},"south":{"uv":[11.375,10.625,11.75,11.0],"tintindex":0,"rotation":0,"texture":"#0"},"north":{"uv":[4.5,11.375,4.875,11.75],"tintindex":0,"rotation":0,"texture":"#0"},"west":{"uv":[11.5,0.75,11.875,1.125],"tintindex":0,"rotation":0,"texture":"#0"},"up":{"uv":[11.875,1.625,11.5,1.25],"tintindex":0,"rotation":0,"texture":"#0"},"down":{"uv":[11.875,2.25,11.5,2.625],"tintindex":0,"rotation":0,"texture":"#0"}}},{"from":[6.6138754,5.421691,5.5775948],"to":[9.593875,6.4016905,6.5575943],"faces":{"east":{"uv":[11.75,2.0,11.875,2.125],"tintindex":0,"rotation":0,"texture":"#0"},"south":{"uv":[0.75,12.75,1.125,12.875],"tintindex":0,"rotation":0,"texture":"#0"},"north":{"uv":[12.75,0.5,13.125,0.625],"tintindex":0,"rotation":0,"texture":"#0"},"west":{"uv":[2.875,12.0,3.0,12.125],"tintindex":0,"rotation":0,"texture":"#0"},"up":{"uv":[13.125,0.875,12.75,0.75],"tintindex":0,"rotation":0,"texture":"#0"},"down":{"uv":[13.125,1.0,12.75,1.125],"tintindex":0,"rotation":0,"texture":"#0"}},"rotation":{"origin":[8.103875,5.9116907,6.0675945],"angle":45.0,"axis":"x"}}],"display":{"gui":{"rotation":[30,225,0]}}}