{"textures":{"0":"modelengine:entity/nocsy_drakonin_baby7"},"elements":[{"from":[6.396125,5.2045836,6.0675945],"to":[9.396125,8.204584,9.067595],"faces":{"east":{"uv":[6.875,11.5,7.25,11.875],"tintindex":0,"rotation":0,"texture":"#0"},"south":{"uv":[7.375,11.5,7.75,11.875],"tintindex":0,"rotation":0,"texture":"#0"},"north":{"uv":[6.375,11.5,6.75,11.875],"tintindex":0,"rotation":0,"texture":"#0"},"west":{"uv":[7.875,11.5,8.25,11.875],"tintindex":0,"rotation":0,"texture":"#0"},"up":{"uv":[8.75,11.875,8.375,11.5],"tintindex":0,"rotation":0,"texture":"#0"},"down":{"uv":[11.875,8.75,11.5,9.125],"tintindex":0,"rotation":0,"texture":"#0"}}},{"from":[6.406125,5.421691,5.5775948],"to":[9.386125,6.4016905,6.5575943],"faces":{"east":{"uv":[1.25,12.75,1.375,12.875],"tintindex":0,"rotation":0,"texture":"#0"},"south":{"uv":[12.75,1.5,13.125,1.625],"tintindex":0,"rotation":0,"texture":"#0"},"north":{"uv":[12.75,1.25,13.125,1.375],"tintindex":0,"rotation":0,"texture":"#0"},"west":{"uv":[3.5,12.75,3.625,12.875],"tintindex":0,"rotation":0,"texture":"#0"},"up":{"uv":[13.125,1.875,12.75,1.75],"tintindex":0,"rotation":0,"texture":"#0"},"down":{"uv":[13.125,2.0,12.75,2.125],"tintindex":0,"rotation":0,"texture":"#0"}},"rotation":{"origin":[7.896125,5.9116907,6.0675945],"angle":45.0,"axis":"x"}}],"display":{"gui":{"rotation":[30,225,0]}}}