{"textures":{"0":"modelengine:entity/nocsy_drakonin_baby7"},"elements":[{"from":[6.4113083,5.148013,5.521421],"to":[9.391308,6.1280127,6.5014205],"faces":{"east":{"uv":[11.625,9.625,11.75,9.75],"tintindex":0,"rotation":0,"texture":"#0"},"south":{"uv":[12.625,10.375,13.0,10.5],"tintindex":0,"rotation":0,"texture":"#0"},"north":{"uv":[12.625,10.125,13.0,10.25],"tintindex":0,"rotation":0,"texture":"#0"},"west":{"uv":[11.75,1.75,11.875,1.875],"tintindex":0,"rotation":0,"texture":"#0"},"up":{"uv":[13.125,0.125,12.75,0.0],"tintindex":0,"rotation":0,"texture":"#0"},"down":{"uv":[13.125,0.25,12.75,0.375],"tintindex":0,"rotation":0,"texture":"#0"}},"rotation":{"origin":[8.909396,5.1376486,6.50088],"angle":45.0,"axis":"x"}},{"from":[6.401308,5.1304526,6.5085907],"to":[9.401308,8.130453,9.508591],"faces":{"east":{"uv":[11.25,1.75,11.625,2.125],"tintindex":0,"rotation":0,"texture":"#0"},"south":{"uv":[3.5,11.25,3.875,11.625],"tintindex":0,"rotation":0,"texture":"#0"},"north":{"uv":[1.0,11.25,1.375,11.625],"tintindex":0,"rotation":0,"texture":"#0"},"west":{"uv":[5.875,11.25,6.25,11.625],"tintindex":0,"rotation":0,"texture":"#0"},"up":{"uv":[1.875,11.75,1.5,11.375],"tintindex":0,"rotation":0,"texture":"#0"},"down":{"uv":[4.375,11.375,4.0,11.75],"tintindex":0,"rotation":0,"texture":"#0"}}}],"display":{"gui":{"rotation":[30,225,0]}}}