{"textures":{"0":"modelengine:entity/panda"},"elements":[{"from":[9.166667,7.624054,3.0497684],"to":[21.166668,7.624054,12.049768],"faces":{"up":{"uv":[1.4375,6.6875,0.6875,6.125],"tintindex":0,"rotation":0,"texture":"#0"},"down":{"uv":[1.4375,6.125,0.6875,6.6875],"tintindex":0,"rotation":0,"texture":"#0"}},"rotation":{"origin":[15.166666,7.624054,7.5497684],"angle":-45.0,"axis":"x"}},{"from":[-4.833333,1.0902147,6.3347473],"to":[6.1666665,7.0902147,6.3347473],"faces":{"south":{"uv":[8.3125,0.75,7.625,1.125],"tintindex":0,"rotation":0,"texture":"#0"},"north":{"uv":[8.3125,1.125,7.625,0.75],"tintindex":0,"rotation":180,"texture":"#0"}},"rotation":{"origin":[0.6666665,4.0902143,6.3347473],"angle":22.5,"axis":"x"}},{"from":[-0.833333,6.7857323,6.8654823],"to":[17.166668,8.785732,8.865482],"faces":{"east":{"uv":[1.125,4.125,1.25,4.25],"tintindex":0,"rotation":90,"texture":"#0"},"south":{"uv":[2.625,9.0625,1.5,9.1875],"tintindex":0,"rotation":0,"texture":"#0"},"north":{"uv":[10.0,8.625,8.875,8.5],"tintindex":0,"rotation":180,"texture":"#0"},"west":{"uv":[5.4375,1.9375,5.5625,2.0625],"tintindex":0,"rotation":270,"texture":"#0"},"up":{"uv":[8.875,8.3125,10.0,8.4375],"tintindex":0,"rotation":0,"texture":"#0"},"down":{"uv":[8.875,1.0,10.0,1.125],"tintindex":0,"rotation":180,"texture":"#0"}},"rotation":{"origin":[8.166667,7.7857323,7.8654823],"angle":22.5,"axis":"x"}}],"display":{"gui":{"rotation":[30,225,0]}}}