{"textures":{"0":"modelengine:entity/panda"},"elements":[{"from":[4.312501,-0.23228455,2.3972702],"to":[11.712501,10.267715,9.89727],"faces":{"east":{"uv":[7.0625,2.625,7.5625,3.3125],"tintindex":0,"rotation":0,"texture":"#0"},"south":{"uv":[7.6875,6.75,8.125,7.4375],"tintindex":0,"rotation":0,"texture":"#0"},"north":{"uv":[7.6875,0.0,8.125,0.6875],"tintindex":0,"rotation":0,"texture":"#0"},"west":{"uv":[7.0625,5.25,7.5625,5.9375],"tintindex":0,"rotation":0,"texture":"#0"},"up":{"uv":[8.8125,1.0625,8.375,0.5625],"tintindex":0,"rotation":0,"texture":"#0"},"down":{"uv":[8.8125,8.25,8.375,8.75],"tintindex":0,"rotation":0,"texture":"#0"}},"rotation":{"origin":[8.0125,5.0177155,6.14727],"angle":22.5,"axis":"x"}}],"display":{"gui":{"rotation":[30,225,0]}}}