{"textures":{"0":"modelengine:entity/panda"},"elements":[{"from":[3.9916668,-2.6363611,4.7908764],"to":[12.991667,9.36364,13.790876],"faces":{"east":{"uv":[6.1875,3.8125,6.75,4.5625],"tintindex":0,"rotation":0,"texture":"#0"},"south":{"uv":[6.1875,4.625,6.75,5.375],"tintindex":0,"rotation":0,"texture":"#0"},"north":{"uv":[2.3125,6.1875,2.875,6.9375],"tintindex":0,"rotation":0,"texture":"#0"},"west":{"uv":[2.9375,6.3125,3.5,7.0625],"tintindex":0,"rotation":0,"texture":"#0"},"up":{"uv":[0.5625,8.0,0.0,7.4375],"tintindex":0,"rotation":0,"texture":"#0"},"down":{"uv":[8.0,3.375,7.4375,3.9375],"tintindex":0,"rotation":0,"texture":"#0"}},"rotation":{"origin":[8.491667,3.3636389,9.290876],"angle":-22.5,"axis":"x"}}],"display":{"gui":{"rotation":[30,225,0]}}}