{"textures":{"0":"modelengine:entity/panda"},"elements":[{"from":[3.937501,-2.8343573,1.3273582],"to":[12.8375,9.165644,10.327358],"faces":{"east":{"uv":[4.1875,6.3125,4.75,7.0625],"tintindex":0,"rotation":0,"texture":"#0"},"south":{"uv":[6.4375,2.8125,7.0,3.5625],"tintindex":0,"rotation":0,"texture":"#0"},"north":{"uv":[3.5625,6.3125,4.125,7.0625],"tintindex":0,"rotation":0,"texture":"#0"},"west":{"uv":[6.4375,5.4375,7.0,6.1875],"tintindex":0,"rotation":0,"texture":"#0"},"up":{"uv":[8.0,4.5625,7.4375,4.0],"tintindex":0,"rotation":0,"texture":"#0"},"down":{"uv":[5.0625,7.4375,4.5,8.0],"tintindex":0,"rotation":0,"texture":"#0"}},"rotation":{"origin":[8.3875,3.1656427,5.8273582],"angle":22.5,"axis":"x"}}],"display":{"gui":{"rotation":[30,225,0]}}}