{"textures":{"0":"modelengine:entity/panda"},"elements":[{"from":[3.9916668,1.1522264,4.561368],"to":[12.991667,8.652226,13.561368],"faces":{"east":{"uv":[8.0625,3.1875,8.625,3.6875],"tintindex":0,"rotation":0,"texture":"#0"},"south":{"uv":[8.0625,3.75,8.625,4.25],"tintindex":0,"rotation":0,"texture":"#0"},"north":{"uv":[0.0,8.0625,0.5625,8.5625],"tintindex":0,"rotation":0,"texture":"#0"},"west":{"uv":[4.1875,8.0625,4.75,8.5625],"tintindex":0,"rotation":0,"texture":"#0"},"up":{"uv":[8.0,5.1875,7.4375,4.625],"tintindex":0,"rotation":0,"texture":"#0"},"down":{"uv":[7.625,7.4375,7.0625,8.0],"tintindex":0,"rotation":0,"texture":"#0"}},"rotation":{"origin":[8.491667,4.9022264,9.061368],"angle":-22.5,"axis":"x"}}],"display":{"gui":{"rotation":[30,225,0]}}}