{"textures":{"0":"modelengine:entity/panda"},"elements":[{"from":[3.0083332,-2.6363611,4.7908764],"to":[12.008333,9.36364,13.790876],"faces":{"east":{"uv":[3.5,6.3125,2.9375,7.0625],"tintindex":0,"rotation":0,"texture":"#0"},"south":{"uv":[6.75,4.625,6.1875,5.375],"tintindex":0,"rotation":0,"texture":"#0"},"north":{"uv":[2.875,6.1875,2.3125,6.9375],"tintindex":0,"rotation":0,"texture":"#0"},"west":{"uv":[6.75,3.8125,6.1875,4.5625],"tintindex":0,"rotation":0,"texture":"#0"},"up":{"uv":[0.0,8.0,0.5625,7.4375],"tintindex":0,"rotation":0,"texture":"#0"},"down":{"uv":[7.4375,3.375,8.0,3.9375],"tintindex":0,"rotation":0,"texture":"#0"}},"rotation":{"origin":[7.508333,3.3636389,9.290876],"angle":-22.5,"axis":"x"}}],"display":{"gui":{"rotation":[30,225,0]}}}