{"textures":{"0":"modelengine:entity/panda"},"elements":[{"from":[3.1625,-2.8343573,1.3273582],"to":[12.062499,9.165644,10.327358],"faces":{"east":{"uv":[7.0,5.4375,6.4375,6.1875],"tintindex":0,"rotation":0,"texture":"#0"},"south":{"uv":[7.0,2.8125,6.4375,3.5625],"tintindex":0,"rotation":0,"texture":"#0"},"north":{"uv":[4.125,6.3125,3.5625,7.0625],"tintindex":0,"rotation":0,"texture":"#0"},"west":{"uv":[4.75,6.3125,4.1875,7.0625],"tintindex":0,"rotation":0,"texture":"#0"},"up":{"uv":[7.4375,4.5625,8.0,4.0],"tintindex":0,"rotation":0,"texture":"#0"},"down":{"uv":[4.5,7.4375,5.0625,8.0],"tintindex":0,"rotation":0,"texture":"#0"}},"rotation":{"origin":[7.6125,3.1656427,5.8273582],"angle":22.5,"axis":"x"}}],"display":{"gui":{"rotation":[30,225,0]}}}