{"textures":{"0":"modelengine:entity/panda"},"elements":[{"from":[5.0,10.369072,15.310336],"to":[11.0,16.369072,21.310337],"faces":{"east":{"uv":[8.75,7.5625,9.125,7.9375],"tintindex":0,"rotation":0,"texture":"#0"},"south":{"uv":[8.8125,1.5,9.1875,1.875],"tintindex":0,"rotation":0,"texture":"#0"},"north":{"uv":[8.75,7.125,9.125,7.5],"tintindex":0,"rotation":0,"texture":"#0"},"west":{"uv":[4.75,8.8125,5.125,9.1875],"tintindex":0,"rotation":0,"texture":"#0"},"up":{"uv":[8.75,9.1875,8.375,8.8125],"tintindex":0,"rotation":0,"texture":"#0"},"down":{"uv":[9.1875,8.8125,8.8125,9.1875],"tintindex":0,"rotation":0,"texture":"#0"}},"rotation":{"origin":[8.0,13.369072,18.310337],"angle":-45.0,"axis":"x"}},{"from":[-1.75,5.5713625,1.4114442],"to":[17.75,22.071363,16.411446],"faces":{"east":{"uv":[4.4375,1.0,5.375,2.0625],"tintindex":0,"rotation":0,"texture":"#0"},"south":{"uv":[3.125,1.0,4.375,2.0625],"tintindex":0,"rotation":0,"texture":"#0"},"north":{"uv":[0.0,2.375,1.25,3.4375],"tintindex":0,"rotation":0,"texture":"#0"},"west":{"uv":[0.0,4.6875,0.9375,5.75],"tintindex":0,"rotation":0,"texture":"#0"},"up":{"uv":[3.9375,5.1875,2.6875,4.25],"tintindex":0,"rotation":0,"texture":"#0"},"down":{"uv":[2.375,4.3125,1.125,5.25],"tintindex":0,"rotation":0,"texture":"#0"}},"rotation":{"origin":[8.0,13.821363,8.911444],"angle":22.5,"axis":"x"}}],"display":{"gui":{"rotation":[30,225,0]}}}