{"textures":{"0":"modelengine:entity/nocsy_drakonin8"},"elements":[{"from":[-8.001944,8.002501,2.973771],"to":[7.9980564,8.1025,23.47377],"faces":{"east":{"uv":[6.25,2.3125,8.8125,2.375],"tintindex":0,"rotation":0,"texture":"#0"},"south":{"uv":[6.9375,4.125,8.9375,4.1875],"tintindex":0,"rotation":0,"texture":"#0"},"north":{"uv":[6.5625,4.625,8.5625,4.6875],"tintindex":0,"rotation":0,"texture":"#0"},"west":{"uv":[6.25,2.4375,8.8125,2.5],"tintindex":0,"rotation":0,"texture":"#0"},"up":{"uv":[2.0,2.5625,0.0,0.0],"tintindex":0,"rotation":0,"texture":"#0"},"down":{"uv":[4.0625,0.0,2.0625,2.5625],"tintindex":0,"rotation":0,"texture":"#0"}}},{"from":[-4.3015795,7.2075,10.863313],"to":[1.1884203,8.6975,12.3533125],"faces":{"east":{"uv":[6.1875,9.125,6.0,9.3125],"tintindex":0,"rotation":0,"texture":"#0"},"south":{"uv":[6.375,7.125,7.0625,6.9375],"tintindex":0,"rotation":0,"texture":"#0"},"north":{"uv":[6.375,6.9375,7.0625,7.125],"tintindex":0,"rotation":0,"texture":"#0"},"west":{"uv":[5.9375,9.125,5.75,9.3125],"tintindex":0,"rotation":0,"texture":"#0"},"up":{"uv":[1.4375,7.1875,0.75,7.0],"tintindex":0,"rotation":0,"texture":"#0"},"down":{"uv":[0.75,7.1875,1.4375,7.0],"tintindex":0,"rotation":0,"texture":"#0"}},"rotation":{"origin":[-3.0565796,7.9525,11.608313],"angle":45.0,"axis":"y"}},{"from":[-0.5019436,7.2025,4.973771],"to":[7.9980564,8.702499,6.473771],"faces":{"east":{"uv":[3.6875,9.125,3.5,9.3125],"tintindex":0,"rotation":0,"texture":"#0"},"south":{"uv":[7.0,0.0,5.9375,0.1875],"tintindex":0,"rotation":0,"texture":"#0"},"north":{"uv":[3.5625,5.875,2.5,6.0625],"tintindex":0,"rotation":0,"texture":"#0"},"west":{"uv":[3.4375,9.125,3.25,9.3125],"tintindex":0,"rotation":0,"texture":"#0"},"up":{"uv":[5.9375,0.4375,7.0,0.25],"tintindex":0,"rotation":0,"texture":"#0"},"down":{"uv":[5.375,5.9375,6.4375,6.125],"tintindex":0,"rotation":0,"texture":"#0"}},"rotation":{"origin":[7.2480564,7.9525,6.723771],"angle":22.5,"axis":"y"}},{"from":[-4.662655,7.2025,11.426421],"to":[-3.1626549,8.702499,16.926422],"faces":{"east":{"uv":[7.0,1.25,7.6875,1.0625],"tintindex":0,"rotation":0,"texture":"#0"},"south":{"uv":[6.4375,9.125,6.25,9.3125],"tintindex":0,"rotation":0,"texture":"#0"},"north":{"uv":[9.3125,6.0625,9.125,6.25],"tintindex":0,"rotation":0,"texture":"#0"},"west":{"uv":[7.6875,1.0625,7.0,1.25],"tintindex":0,"rotation":0,"texture":"#0"},"up":{"uv":[4.375,7.625,4.5625,6.9375],"tintindex":0,"rotation":0,"texture":"#0"},"down":{"uv":[4.5625,6.9375,4.375,7.625],"tintindex":0,"rotation":0,"texture":"#0"}},"rotation":{"origin":[-5.912655,7.9525,12.176421],"angle":-22.5,"axis":"y"}}],"display":{"gui":{"rotation":[30,225,0]}}}