{"textures":{"0":"modelengine:entity/nocsy_drakonin8"},"elements":[{"from":[5.0,8.111329,6.9499884],"to":[11.0,15.111329,12.949987],"faces":{"east":{"uv":[1.9375,6.1875,2.3125,6.625],"tintindex":0,"rotation":0,"texture":"#0"},"south":{"uv":[5.125,6.1875,5.5,6.625],"tintindex":0,"rotation":0,"texture":"#0"},"north":{"uv":[1.5,6.1875,1.875,6.625],"tintindex":0,"rotation":0,"texture":"#0"},"west":{"uv":[5.5625,6.1875,5.9375,6.625],"tintindex":0,"rotation":0,"texture":"#0"},"up":{"uv":[6.9375,2.0625,6.5625,1.6875],"tintindex":0,"rotation":0,"texture":"#0"},"down":{"uv":[6.9375,2.5625,6.5625,2.9375],"tintindex":0,"rotation":0,"texture":"#0"}}},{"from":[5.01,14.245261,6.2280493],"to":[10.99,18.22526,12.208048],"faces":{"east":{"uv":[7.75,6.25,8.125,6.5],"tintindex":0,"rotation":0,"texture":"#0"},"south":{"uv":[7.75,6.5625,8.125,6.8125],"tintindex":0,"rotation":0,"texture":"#0"},"north":{"uv":[3.5,7.75,3.875,8.0],"tintindex":0,"rotation":0,"texture":"#0"},"west":{"uv":[7.75,6.875,8.125,7.125],"tintindex":0,"rotation":0,"texture":"#0"},"up":{"uv":[6.9375,3.375,6.5625,3.0],"tintindex":0,"rotation":0,"texture":"#0"},"down":{"uv":[6.9375,3.4375,6.5625,3.8125],"tintindex":0,"rotation":0,"texture":"#0"}},"rotation":{"origin":[8.0,16.51315,10.381875],"angle":-22.5,"axis":"x"}}],"display":{"gui":{"rotation":[30,225,0]}}}