{"textures":{"0":"modelengine:entity/nocsy_drakonin8"},"elements":[{"from":[8.001944,7.2025,4.973771],"to":[16.501944,8.702499,6.473771],"faces":{"east":{"uv":[3.25,9.125,3.4375,9.3125],"tintindex":0,"rotation":0,"texture":"#0"},"south":{"uv":[5.9375,0.0,7.0,0.1875],"tintindex":0,"rotation":0,"texture":"#0"},"north":{"uv":[2.5,5.875,3.5625,6.0625],"tintindex":0,"rotation":0,"texture":"#0"},"west":{"uv":[3.5,9.125,3.6875,9.3125],"tintindex":0,"rotation":0,"texture":"#0"},"up":{"uv":[7.0,0.4375,5.9375,0.25],"tintindex":0,"rotation":0,"texture":"#0"},"down":{"uv":[6.4375,5.9375,5.375,6.125],"tintindex":0,"rotation":0,"texture":"#0"}},"rotation":{"origin":[8.751944,7.9525,6.723771],"angle":-22.5,"axis":"y"}},{"from":[14.81158,7.2075,10.863313],"to":[20.30158,8.6975,12.3533125],"faces":{"east":{"uv":[5.75,9.125,5.9375,9.3125],"tintindex":0,"rotation":0,"texture":"#0"},"south":{"uv":[7.0625,7.125,6.375,6.9375],"tintindex":0,"rotation":0,"texture":"#0"},"north":{"uv":[7.0625,6.9375,6.375,7.125],"tintindex":0,"rotation":0,"texture":"#0"},"west":{"uv":[6.0,9.125,6.1875,9.3125],"tintindex":0,"rotation":0,"texture":"#0"},"up":{"uv":[0.75,7.1875,1.4375,7.0],"tintindex":0,"rotation":0,"texture":"#0"},"down":{"uv":[1.4375,7.1875,0.75,7.0],"tintindex":0,"rotation":0,"texture":"#0"}},"rotation":{"origin":[19.05658,7.9525,11.608313],"angle":-45.0,"axis":"y"}},{"from":[8.001944,8.002501,2.973771],"to":[24.001944,8.1025,23.47377],"faces":{"east":{"uv":[8.8125,2.4375,6.25,2.5],"tintindex":0,"rotation":0,"texture":"#0"},"south":{"uv":[8.9375,4.125,6.9375,4.1875],"tintindex":0,"rotation":0,"texture":"#0"},"north":{"uv":[8.5625,4.625,6.5625,4.6875],"tintindex":0,"rotation":0,"texture":"#0"},"west":{"uv":[8.8125,2.3125,6.25,2.375],"tintindex":0,"rotation":0,"texture":"#0"},"up":{"uv":[0.0,2.5625,2.0,0.0],"tintindex":0,"rotation":0,"texture":"#0"},"down":{"uv":[2.0625,0.0,4.0625,2.5625],"tintindex":0,"rotation":0,"texture":"#0"}}},{"from":[19.162655,7.2025,11.426421],"to":[20.662655,8.702499,16.926422],"faces":{"east":{"uv":[7.0,1.0625,7.6875,1.25],"tintindex":0,"rotation":0,"texture":"#0"},"south":{"uv":[6.25,9.125,6.4375,9.3125],"tintindex":0,"rotation":0,"texture":"#0"},"north":{"uv":[9.125,6.0625,9.3125,6.25],"tintindex":0,"rotation":0,"texture":"#0"},"west":{"uv":[7.6875,1.25,7.0,1.0625],"tintindex":0,"rotation":0,"texture":"#0"},"up":{"uv":[4.5625,7.625,4.375,6.9375],"tintindex":0,"rotation":0,"texture":"#0"},"down":{"uv":[4.375,6.9375,4.5625,7.625],"tintindex":0,"rotation":0,"texture":"#0"}},"rotation":{"origin":[21.912655,7.9525,12.176421],"angle":22.5,"axis":"y"}}],"display":{"gui":{"rotation":[30,225,0]}}}