{"textures":{"0":"modelengine:entity/nocsy_drakonin8"},"elements":[{"from":[6.6764297,6.7109313,7.3449583],"to":[9.27643,10.310931,9.944957],"faces":{"east":{"uv":[7.125,9.0,7.3125,9.25],"tintindex":0,"rotation":0,"texture":"#0"},"south":{"uv":[7.8125,9.0,8.0,9.25],"tintindex":0,"rotation":0,"texture":"#0"},"north":{"uv":[6.875,9.0,7.0625,9.25],"tintindex":0,"rotation":0,"texture":"#0"},"west":{"uv":[9.0,8.1875,9.1875,8.4375],"tintindex":0,"rotation":0,"texture":"#0"},"up":{"uv":[9.4375,7.4375,9.25,7.25],"tintindex":0,"rotation":0,"texture":"#0"},"down":{"uv":[8.25,9.25,8.0625,9.4375],"tintindex":0,"rotation":0,"texture":"#0"}}},{"from":[7.8441076,0.8377361,9.726526],"to":[7.8441076,16.837736,28.726526],"faces":{"east":{"uv":[4.0,2.625,5.1875,3.625],"tintindex":0,"rotation":0,"texture":"#0"},"west":{"uv":[4.0,3.6875,5.1875,4.6875],"tintindex":0,"rotation":0,"texture":"#0"}},"rotation":{"origin":[7.9941072,8.712736,16.826529],"angle":-45.0,"axis":"z"}},{"from":[8.108752,0.8377361,9.726526],"to":[8.108752,16.837736,28.726526],"faces":{"east":{"uv":[4.125,0.0,5.3125,1.0],"tintindex":0,"rotation":0,"texture":"#0"},"west":{"uv":[4.125,1.0625,5.3125,2.0625],"tintindex":0,"rotation":0,"texture":"#0"}},"rotation":{"origin":[7.958752,8.712736,16.826529],"angle":45.0,"axis":"z"}},{"from":[7.97643,3.5127363,8.526527],"to":[7.97643,19.512737,27.526525],"faces":{"east":{"uv":[2.75,2.625,3.9375,3.625],"tintindex":0,"rotation":0,"texture":"#0"},"west":{"uv":[2.75,3.6875,3.9375,4.6875],"tintindex":0,"rotation":0,"texture":"#0"}}}],"display":{"gui":{"rotation":[30,225,0]}}}