{"textures":{"0":"modelengine:entity/nocsy_drakonin8"},"elements":[{"from":[10.6,8.38571,8.577297],"to":[14.6,8.38571,16.577297],"faces":{"up":{"uv":[6.25,7.625,6.0,7.125],"tintindex":0,"rotation":0,"texture":"#0"},"down":{"uv":[7.375,6.6875,7.125,7.1875],"tintindex":0,"rotation":0,"texture":"#0"}},"rotation":{"origin":[12.5,9.08571,12.577297],"angle":22.5,"axis":"y"}},{"from":[5.5,4.0857096,6.577297],"to":[10.5,10.08571,13.577297],"faces":{"east":{"uv":[6.0,6.1875,6.4375,6.5625],"tintindex":0,"rotation":0,"texture":"#0"},"south":{"uv":[7.125,7.25,7.4375,7.625],"tintindex":0,"rotation":0,"texture":"#0"},"north":{"uv":[6.75,7.1875,7.0625,7.5625],"tintindex":0,"rotation":0,"texture":"#0"},"west":{"uv":[3.5,6.375,3.9375,6.75],"tintindex":0,"rotation":0,"texture":"#0"},"up":{"uv":[3.3125,7.0625,3.0,6.625],"tintindex":0,"rotation":0,"texture":"#0"},"down":{"uv":[6.3125,6.625,6.0,7.0625],"tintindex":0,"rotation":0,"texture":"#0"}},"rotation":{"origin":[7.5,5.7893925,12.753973],"angle":22.5,"axis":"x"}},{"from":[1.4000001,8.38571,8.577297],"to":[5.4,8.38571,16.577297],"faces":{"up":{"uv":[2.0,7.6875,1.75,7.1875],"tintindex":0,"rotation":0,"texture":"#0"},"down":{"uv":[2.3125,7.1875,2.0625,7.6875],"tintindex":0,"rotation":0,"texture":"#0"}},"rotation":{"origin":[3.5,9.08571,12.577297],"angle":-22.5,"axis":"y"}}],"display":{"gui":{"rotation":[30,225,0]}}}