{"textures":{"0":"modelengine:entity/nocsy_drakonin8"},"elements":[{"from":[6.0,6.2650437,12.133898],"to":[9.0,10.265044,15.133898],"faces":{"east":{"uv":[9.0,4.8125,9.1875,5.0625],"tintindex":0,"rotation":0,"texture":"#0"},"south":{"uv":[5.0,9.0,5.1875,9.25],"tintindex":0,"rotation":0,"texture":"#0"},"north":{"uv":[4.75,9.0,4.9375,9.25],"tintindex":0,"rotation":0,"texture":"#0"},"west":{"uv":[9.0,6.6875,9.1875,6.9375],"tintindex":0,"rotation":0,"texture":"#0"},"up":{"uv":[9.4375,5.0625,9.25,4.875],"tintindex":0,"rotation":0,"texture":"#0"},"down":{"uv":[9.4375,6.5625,9.25,6.75],"tintindex":0,"rotation":0,"texture":"#0"}}},{"from":[5.5,5.7650437,6.133898],"to":[9.5,10.765044,12.133898],"faces":{"east":{"uv":[7.3125,3.1875,7.6875,3.5],"tintindex":0,"rotation":0,"texture":"#0"},"south":{"uv":[8.3125,7.25,8.5625,7.5625],"tintindex":0,"rotation":0,"texture":"#0"},"north":{"uv":[2.4375,8.3125,2.6875,8.625],"tintindex":0,"rotation":0,"texture":"#0"},"west":{"uv":[7.375,4.75,7.75,5.0625],"tintindex":0,"rotation":0,"texture":"#0"},"up":{"uv":[6.5,8.3125,6.25,7.9375],"tintindex":0,"rotation":0,"texture":"#0"},"down":{"uv":[0.25,8.0,0.0,8.375],"tintindex":0,"rotation":0,"texture":"#0"}}},{"from":[0.5999999,7.8504305,8.54854],"to":[4.6,7.8504305,16.54854],"faces":{"up":{"uv":[4.0625,7.6875,3.8125,7.1875],"tintindex":0,"rotation":0,"texture":"#0"},"down":{"uv":[5.5,7.1875,5.25,7.6875],"tintindex":0,"rotation":0,"texture":"#0"}},"rotation":{"origin":[3.0,10.550431,6.54854],"angle":22.5,"axis":"z"}},{"from":[10.4,7.8504305,8.54854],"to":[14.4,7.8504305,16.54854],"faces":{"up":{"uv":[3.4375,7.6875,3.1875,7.1875],"tintindex":0,"rotation":0,"texture":"#0"},"down":{"uv":[3.75,7.1875,3.5,7.6875],"tintindex":0,"rotation":0,"texture":"#0"}},"rotation":{"origin":[12.0,10.550431,6.54854],"angle":-22.5,"axis":"z"}}],"display":{"gui":{"rotation":[30,225,0]}}}