{"textures":{"0":"modelengine:entity/dragon_sculk"},"elements":[{"from":[11.5,7.415947,-9.298096],"to":[11.5,14.415947,2.7019029],"faces":{"east":{"uv":[3.8125,7.125,3.0625,7.5625],"tintindex":0,"rotation":0,"texture":"#0"},"west":{"uv":[3.0625,7.125,3.8125,7.5625],"tintindex":0,"rotation":0,"texture":"#0"}},"rotation":{"origin":[11.5,10.915947,-3.2980957],"angle":-45.0,"axis":"x"}},{"from":[2.5,-2.8318968,-2.9038048],"to":[13.5,10.168102,10.096194],"faces":{"east":{"uv":[4.0,5.625,4.8125,6.4375],"tintindex":0,"rotation":0,"texture":"#0"},"south":{"uv":[4.875,6.4375,5.5625,7.25],"tintindex":0,"rotation":0,"texture":"#0"},"north":{"uv":[6.0,5.5625,6.6875,6.375],"tintindex":0,"rotation":0,"texture":"#0"},"west":{"uv":[5.8125,0.875,6.625,1.6875],"tintindex":0,"rotation":0,"texture":"#0"},"up":{"uv":[6.3125,7.25,5.625,6.4375],"tintindex":0,"rotation":0,"texture":"#0"},"down":{"uv":[7.0625,6.4375,6.375,7.25],"tintindex":0,"rotation":0,"texture":"#0"}},"rotation":{"origin":[8.0,3.6681023,3.5961938],"angle":-45.0,"axis":"x"}},{"from":[4.5,7.415947,-9.298096],"to":[4.5,14.415947,2.7019029],"faces":{"east":{"uv":[3.8125,7.125,3.0625,7.5625],"tintindex":0,"rotation":0,"texture":"#0"},"west":{"uv":[3.0625,7.125,3.8125,7.5625],"tintindex":0,"rotation":0,"texture":"#0"}},"rotation":{"origin":[4.5,10.915947,-3.2980957],"angle":-45.0,"axis":"x"}}],"display":{"gui":{"rotation":[30,225,0]}}}