{"textures":{"0":"modelengine:entity/dragon_sculk"},"elements":[{"from":[1.8119144,7.667708,5.230296],"to":[6.1452475,8.334374,6.230296],"faces":{"east":{"uv":[10.1875,9.3125,10.375,9.4375],"tintindex":0,"rotation":0,"texture":"#0"},"south":{"uv":[0.8125,9.4375,0.0,9.3125],"tintindex":0,"rotation":0,"texture":"#0"},"north":{"uv":[0.0,9.3125,0.8125,9.4375],"tintindex":0,"rotation":0,"texture":"#0"},"west":{"uv":[10.25,0.25,10.4375,0.375],"tintindex":0,"rotation":0,"texture":"#0"},"up":{"uv":[9.75,9.0625,8.9375,8.875],"tintindex":0,"rotation":0,"texture":"#0"},"down":{"uv":[9.75,9.0625,8.9375,8.875],"tintindex":0,"rotation":0,"texture":"#0"}}},{"from":[5.319256,7.6593747,6.4878225],"to":[8.985922,8.326041,7.487823],"faces":{"east":{"uv":[10.125,4.375,10.3125,4.5],"tintindex":0,"rotation":0,"texture":"#0"},"south":{"uv":[0.0,9.625,0.6875,9.5],"tintindex":0,"rotation":0,"texture":"#0"},"north":{"uv":[0.0,9.5,0.6875,9.625],"tintindex":0,"rotation":0,"texture":"#0"},"west":{"uv":[10.1875,2.0,10.375,2.125],"tintindex":0,"rotation":0,"texture":"#0"},"up":{"uv":[0.6875,9.25,0.0,9.0625],"tintindex":0,"rotation":0,"texture":"#0"},"down":{"uv":[0.6875,9.25,0.0,9.0625],"tintindex":0,"rotation":0,"texture":"#0"}},"rotation":{"origin":[7.1525893,7.992708,6.9878225],"angle":-45.0,"axis":"y"}},{"from":[2.478581,8.001041,2.2302961],"to":[5.478581,8.001041,5.230296],"faces":{"up":{"uv":[7.875,2.0625,7.3125,1.5],"tintindex":0,"rotation":0,"texture":"#0"},"down":{"uv":[7.875,1.5,7.3125,2.0625],"tintindex":0,"rotation":0,"texture":"#0"}}},{"from":[2.050839,8.001041,5.4554887],"to":[8.050839,8.001041,24.122158],"faces":{"up":{"uv":[1.125,7.0625,0.0,3.5625],"tintindex":0,"rotation":0,"texture":"#0"},"down":{"uv":[1.125,3.5625,0.0,7.0625],"tintindex":0,"rotation":0,"texture":"#0"}}}],"display":{"gui":{"rotation":[30,225,0]}}}