{"textures":{"0":"modelengine:entity/dragon_sculk"},"elements":[{"from":[5.4319105,2.5892382,6.920967],"to":[10.4319105,9.589238,12.920967],"faces":{"east":{"uv":[3.1875,8.5625,2.8125,9.0],"tintindex":0,"rotation":0,"texture":"#0"},"south":{"uv":[7.1875,9.0,6.875,9.4375],"tintindex":0,"rotation":0,"texture":"#0"},"north":{"uv":[7.1875,9.0,6.875,9.4375],"tintindex":0,"rotation":0,"texture":"#0"},"west":{"uv":[3.1875,8.5625,2.8125,9.0],"tintindex":0,"rotation":0,"texture":"#0"},"up":{"uv":[9.125,3.375,9.4375,3.0],"tintindex":0,"rotation":0,"texture":"#0"},"down":{"uv":[9.125,3.375,9.4375,3.0],"tintindex":0,"rotation":0,"texture":"#0"}},"rotation":{"origin":[7.9319105,6.089238,9.920967],"angle":-45.0,"axis":"x"}}],"display":{"gui":{"rotation":[30,225,0]}}}