{"textures":{"0":"modelengine:entity/dragon_sculk"},"elements":[{"from":[9.444445,2.8571668,2.473342],"to":[11.444445,5.857167,4.473342],"faces":{"east":{"uv":[8.1875,8.75,8.0625,8.9375],"tintindex":0,"rotation":0,"texture":"#0"},"south":{"uv":[7.0625,7.3125,6.9375,7.5],"tintindex":0,"rotation":0,"texture":"#0"},"north":{"uv":[6.6875,2.375,6.5625,2.5625],"tintindex":0,"rotation":0,"texture":"#0"},"west":{"uv":[4.8125,7.0625,4.6875,7.25],"tintindex":0,"rotation":0,"texture":"#0"},"up":{"uv":[8.25,5.875,8.375,5.75],"tintindex":0,"rotation":0,"texture":"#0"},"down":{"uv":[5.875,9.5,6.0,9.625],"tintindex":0,"rotation":0,"texture":"#0"}},"rotation":{"origin":[10.444445,4.357167,3.473342],"angle":22.5,"axis":"x"}},{"from":[5.4444447,2.8571668,2.473342],"to":[7.4444447,5.857167,4.473342],"faces":{"east":{"uv":[8.1875,8.75,8.0625,8.9375],"tintindex":0,"rotation":0,"texture":"#0"},"south":{"uv":[7.0625,7.3125,6.9375,7.5],"tintindex":0,"rotation":0,"texture":"#0"},"north":{"uv":[6.6875,2.375,6.5625,2.5625],"tintindex":0,"rotation":0,"texture":"#0"},"west":{"uv":[4.8125,7.0625,4.6875,7.25],"tintindex":0,"rotation":0,"texture":"#0"},"up":{"uv":[8.25,5.875,8.375,5.75],"tintindex":0,"rotation":0,"texture":"#0"},"down":{"uv":[5.875,9.5,6.0,9.625],"tintindex":0,"rotation":0,"texture":"#0"}},"rotation":{"origin":[6.4444447,4.357167,3.473342],"angle":22.5,"axis":"x"}},{"from":[7.4444447,2.8571668,2.473342],"to":[9.444445,5.857167,4.473342],"faces":{"east":{"uv":[8.1875,8.75,8.0625,8.9375],"tintindex":0,"rotation":0,"texture":"#0"},"south":{"uv":[7.0625,7.3125,6.9375,7.5],"tintindex":0,"rotation":0,"texture":"#0"},"north":{"uv":[6.6875,2.375,6.5625,2.5625],"tintindex":0,"rotation":0,"texture":"#0"},"west":{"uv":[4.8125,7.0625,4.6875,7.25],"tintindex":0,"rotation":0,"texture":"#0"},"up":{"uv":[8.25,5.875,8.375,5.75],"tintindex":0,"rotation":0,"texture":"#0"},"down":{"uv":[5.875,9.5,6.0,9.625],"tintindex":0,"rotation":0,"texture":"#0"}},"rotation":{"origin":[8.444445,4.357167,3.473342],"angle":22.5,"axis":"x"}},{"from":[5.39347,2.8571668,5.524316],"to":[7.39347,5.857167,7.524316],"faces":{"east":{"uv":[10.3125,5.625,10.1875,5.8125],"tintindex":0,"rotation":0,"texture":"#0"},"south":{"uv":[10.3125,1.75,10.1875,1.9375],"tintindex":0,"rotation":0,"texture":"#0"},"north":{"uv":[0.9375,10.1875,0.8125,10.375],"tintindex":0,"rotation":0,"texture":"#0"},"west":{"uv":[1.125,10.1875,1.0,10.375],"tintindex":0,"rotation":0,"texture":"#0"},"up":{"uv":[6.0,10.375,6.125,10.25],"tintindex":0,"rotation":0,"texture":"#0"},"down":{"uv":[7.75,10.25,7.875,10.375],"tintindex":0,"rotation":0,"texture":"#0"}},"rotation":{"origin":[6.39347,4.357167,6.524316],"angle":-22.5,"axis":"z"}},{"from":[8.444445,-0.6644716,2.0752916],"to":[8.444445,3.3355284,5.0752916],"faces":{"east":{"uv":[10.125,6.4375,9.9375,6.6875],"tintindex":0,"rotation":0,"texture":"#0"},"west":{"uv":[9.9375,6.4375,10.125,6.6875],"tintindex":0,"rotation":0,"texture":"#0"}}},{"from":[10.444445,-0.6644716,2.0752916],"to":[10.444445,3.3355284,5.0752916],"faces":{"east":{"uv":[10.125,6.4375,9.9375,6.6875],"tintindex":0,"rotation":0,"texture":"#0"},"west":{"uv":[9.9375,6.4375,10.125,6.6875],"tintindex":0,"rotation":0,"texture":"#0"}}},{"from":[4.9954195,-0.6644716,6.524316],"to":[7.9954195,3.3355284,6.524316],"faces":{"south":{"uv":[9.9375,6.4375,10.125,6.6875],"tintindex":0,"rotation":0,"texture":"#0"},"north":{"uv":[10.125,6.4375,9.9375,6.6875],"tintindex":0,"rotation":0,"texture":"#0"}}},{"from":[6.4444447,-0.6644716,2.0752916],"to":[6.4444447,3.3355284,5.0752916],"faces":{"east":{"uv":[10.125,6.4375,9.9375,6.6875],"tintindex":0,"rotation":0,"texture":"#0"},"west":{"uv":[9.9375,6.4375,10.125,6.6875],"tintindex":0,"rotation":0,"texture":"#0"}}},{"from":[5.9444447,4.479223,3.8054667],"to":[10.944445,8.479223,8.805468],"faces":{"east":{"uv":[1.0625,9.5,0.75,9.75],"tintindex":0,"rotation":0,"texture":"#0"},"south":{"uv":[6.375,9.375,6.0625,9.625],"tintindex":0,"rotation":0,"texture":"#0"},"north":{"uv":[6.375,9.375,6.0625,9.625],"tintindex":0,"rotation":0,"texture":"#0"},"west":{"uv":[1.0625,9.5,0.75,9.75],"tintindex":0,"rotation":0,"texture":"#0"},"up":{"uv":[2.625,9.625,2.9375,9.3125],"tintindex":0,"rotation":0,"texture":"#0"},"down":{"uv":[2.625,9.625,2.9375,9.3125],"tintindex":0,"rotation":0,"texture":"#0"}},"rotation":{"origin":[8.444445,6.479223,6.3054676],"angle":-45.0,"axis":"x"}}],"display":{"gui":{"rotation":[30,225,0]}}}