{"textures":{"0":"modelengine:entity/nocsy_drakonin7"},"elements":[{"from":[4.0,4.7727404,3.373014],"to":[12.0,12.77274,15.3730135],"faces":{"east":{"uv":[3.375,8.75,4.125,9.25],"tintindex":0,"rotation":0,"texture":"#0"},"south":{"uv":[8.9375,0.5625,9.4375,1.0625],"tintindex":0,"rotation":0,"texture":"#0"},"north":{"uv":[8.9375,0.0,9.4375,0.5],"tintindex":0,"rotation":0,"texture":"#0"},"west":{"uv":[4.1875,8.75,4.9375,9.25],"tintindex":0,"rotation":0,"texture":"#0"},"up":{"uv":[5.5,9.5,5.0,8.75],"tintindex":0,"rotation":0,"texture":"#0"},"down":{"uv":[6.0625,8.75,5.5625,9.5],"tintindex":0,"rotation":0,"texture":"#0"}}},{"from":[4.01,2.811537,13.084082],"to":[11.99,10.791536,21.064081],"faces":{"east":{"uv":[1.375,8.9375,1.875,9.4375],"tintindex":0,"rotation":0,"texture":"#0"},"south":{"uv":[8.9375,1.6875,9.4375,2.1875],"tintindex":0,"rotation":0,"texture":"#0"},"north":{"uv":[8.9375,1.125,9.4375,1.625],"tintindex":0,"rotation":0,"texture":"#0"},"west":{"uv":[1.9375,8.9375,2.4375,9.4375],"tintindex":0,"rotation":0,"texture":"#0"},"up":{"uv":[9.4375,2.75,8.9375,2.25],"tintindex":0,"rotation":0,"texture":"#0"},"down":{"uv":[3.0,8.9375,2.5,9.4375],"tintindex":0,"rotation":0,"texture":"#0"}},"rotation":{"origin":[8.0,6.008381,19.178501],"angle":22.5,"axis":"x"}},{"from":[3.99,6.6163006,1.6555111],"to":[12.01,15.636302,9.675511],"faces":{"east":{"uv":[6.6875,8.75,7.1875,9.3125],"tintindex":0,"rotation":0,"texture":"#0"},"south":{"uv":[8.875,7.75,9.375,8.3125],"tintindex":0,"rotation":0,"texture":"#0"},"north":{"uv":[6.125,8.75,6.625,9.3125],"tintindex":0,"rotation":0,"texture":"#0"},"west":{"uv":[8.875,8.375,9.375,8.9375],"tintindex":0,"rotation":0,"texture":"#0"},"up":{"uv":[9.4375,3.3125,8.9375,2.8125],"tintindex":0,"rotation":0,"texture":"#0"},"down":{"uv":[9.4375,3.375,8.9375,3.875],"tintindex":0,"rotation":0,"texture":"#0"}},"rotation":{"origin":[7.5,9.991618,7.178502],"angle":-22.5,"axis":"x"}}],"display":{"gui":{"rotation":[30,225,0]}}}