{"textures":{"0":"modelengine:entity/nocsy_drakonin7"},"elements":[{"from":[4.8927984,6.0339785,11.41231],"to":[7.492799,8.633979,17.012308],"faces":{"east":{"uv":[11.5,3.6875,11.875,3.875],"tintindex":0,"rotation":0,"texture":"#0"},"south":{"uv":[12.0625,2.375,12.25,2.5625],"tintindex":0,"rotation":0,"texture":"#0"},"north":{"uv":[12.0625,2.125,12.25,2.3125],"tintindex":0,"rotation":0,"texture":"#0"},"west":{"uv":[3.8125,11.5,4.1875,11.6875],"tintindex":0,"rotation":0,"texture":"#0"},"up":{"uv":[4.4375,11.875,4.25,11.5],"tintindex":0,"rotation":0,"texture":"#0"},"down":{"uv":[11.6875,4.9375,11.5,5.3125],"tintindex":0,"rotation":0,"texture":"#0"}},"rotation":{"origin":[6.092798,6.3339787,13.91231],"angle":-45.0,"axis":"x"}},{"from":[6.59752,8.5945,15.096855],"to":[9.197519,14.5945,15.096855],"faces":{"south":{"uv":[9.375,11.5,9.5625,11.875],"tintindex":0,"rotation":0,"texture":"#0"},"north":{"uv":[9.125,11.5,9.3125,11.875],"tintindex":0,"rotation":0,"texture":"#0"}},"rotation":{"origin":[7.153738,12.994501,15.346136],"angle":-22.5,"axis":"z"}},{"from":[5.242255,4.534317,6.196457],"to":[8.242255,8.534317,13.196457],"faces":{"east":{"uv":[9.125,10.3125,9.5625,10.5625],"tintindex":0,"rotation":0,"texture":"#0"},"south":{"uv":[10.3125,11.125,10.5,11.375],"tintindex":0,"rotation":0,"texture":"#0"},"north":{"uv":[10.375,3.0,10.5625,3.25],"tintindex":0,"rotation":0,"texture":"#0"},"west":{"uv":[9.625,10.3125,10.0625,10.5625],"tintindex":0,"rotation":0,"texture":"#0"},"up":{"uv":[5.3125,11.5625,5.125,11.125],"tintindex":0,"rotation":0,"texture":"#0"},"down":{"uv":[5.5625,11.125,5.375,11.5625],"tintindex":0,"rotation":0,"texture":"#0"}},"rotation":{"origin":[7.0422554,6.534317,11.596457],"angle":22.5,"axis":"z"}},{"from":[7.609956,8.5945,13.895417],"to":[7.609956,14.5945,16.495419],"faces":{"east":{"uv":[6.75,11.5,6.9375,11.875],"tintindex":0,"rotation":0,"texture":"#0"},"west":{"uv":[7.9375,11.5,8.125,11.875],"tintindex":0,"rotation":0,"texture":"#0"}},"rotation":{"origin":[7.153738,12.994501,15.346136],"angle":-22.5,"axis":"z"}}],"display":{"gui":{"rotation":[30,225,0]}}}