{"textures":{"0":"modelengine:entity/nocsy_drakonin7"},"elements":[{"from":[8.390044,8.994499,13.895417],"to":[8.390044,14.994501,16.495419],"faces":{"east":{"uv":[11.5,2.0625,11.6875,2.4375],"tintindex":0,"rotation":0,"texture":"#0"},"west":{"uv":[2.3125,11.5,2.5,11.875],"tintindex":0,"rotation":0,"texture":"#0"}},"rotation":{"origin":[8.846262,13.394499,15.346136],"angle":22.5,"axis":"z"}},{"from":[6.80248,8.994499,15.096855],"to":[9.40248,14.994501,15.096855],"faces":{"south":{"uv":[3.5625,11.5,3.75,11.875],"tintindex":0,"rotation":0,"texture":"#0"},"north":{"uv":[11.5,3.25,11.6875,3.625],"tintindex":0,"rotation":0,"texture":"#0"}},"rotation":{"origin":[8.846262,13.394499,15.346136],"angle":22.5,"axis":"z"}},{"from":[7.757745,4.534317,6.196457],"to":[10.757745,8.534317,13.196457],"faces":{"east":{"uv":[8.125,10.3125,8.5625,10.5625],"tintindex":0,"rotation":0,"texture":"#0"},"south":{"uv":[5.875,9.5625,6.0625,9.8125],"tintindex":0,"rotation":0,"texture":"#0"},"north":{"uv":[2.8125,9.5,3.0,9.75],"tintindex":0,"rotation":0,"texture":"#0"},"west":{"uv":[8.625,10.3125,9.0625,10.5625],"tintindex":0,"rotation":0,"texture":"#0"},"up":{"uv":[3.25,11.5625,3.0625,11.125],"tintindex":0,"rotation":0,"texture":"#0"},"down":{"uv":[3.5,11.125,3.3125,11.5625],"tintindex":0,"rotation":0,"texture":"#0"}},"rotation":{"origin":[8.957745,6.534317,11.596457],"angle":-22.5,"axis":"z"}},{"from":[8.507201,6.43398,11.41231],"to":[11.107202,9.03398,17.012308],"faces":{"east":{"uv":[11.125,9.8125,11.5,10.0],"tintindex":0,"rotation":0,"texture":"#0"},"south":{"uv":[1.3125,12.0625,1.5,12.25],"tintindex":0,"rotation":0,"texture":"#0"},"north":{"uv":[0.25,12.0625,0.4375,12.25],"tintindex":0,"rotation":0,"texture":"#0"},"west":{"uv":[0.3125,11.5,0.6875,11.6875],"tintindex":0,"rotation":0,"texture":"#0"},"up":{"uv":[11.6875,2.0,11.5,1.625],"tintindex":0,"rotation":0,"texture":"#0"},"down":{"uv":[2.25,11.5,2.0625,11.875],"tintindex":0,"rotation":0,"texture":"#0"}},"rotation":{"origin":[9.907202,6.73398,13.91231],"angle":-45.0,"axis":"x"}}],"display":{"gui":{"rotation":[30,225,0]}}}