{"textures":{"0":"modelengine:entity/nocsy_drakonin7"},"elements":[{"from":[7.0,3.3600554,5.889879],"to":[10.0,9.360056,9.889879],"faces":{"east":{"uv":[5.625,10.75,5.875,11.125],"tintindex":0,"rotation":0,"texture":"#0"},"south":{"uv":[10.875,11.5625,11.0625,11.9375],"tintindex":0,"rotation":0,"texture":"#0"},"north":{"uv":[10.625,11.5625,10.8125,11.9375],"tintindex":0,"rotation":0,"texture":"#0"},"west":{"uv":[1.875,10.8125,2.125,11.1875],"tintindex":0,"rotation":0,"texture":"#0"},"up":{"uv":[5.75,12.0625,5.5625,11.8125],"tintindex":0,"rotation":0,"texture":"#0"},"down":{"uv":[6.0,11.8125,5.8125,12.0625],"tintindex":0,"rotation":0,"texture":"#0"}},"rotation":{"origin":[7.5,9.160055,7.28988],"angle":22.5,"axis":"x"}}],"display":{"gui":{"rotation":[30,225,0]}}}