{"textures":{"0":"modelengine:entity/nocsy_drakonin7"},"elements":[{"from":[7.0,3.360055,5.889879],"to":[10.0,9.360056,9.889879],"faces":{"east":{"uv":[2.9375,10.6875,3.1875,11.0625],"tintindex":0,"rotation":0,"texture":"#0"},"south":{"uv":[6.0625,11.5625,6.25,11.9375],"tintindex":0,"rotation":0,"texture":"#0"},"north":{"uv":[1.6875,11.5625,1.875,11.9375],"tintindex":0,"rotation":0,"texture":"#0"},"west":{"uv":[3.25,10.6875,3.5,11.0625],"tintindex":0,"rotation":0,"texture":"#0"},"up":{"uv":[5.25,11.875,5.0625,11.625],"tintindex":0,"rotation":0,"texture":"#0"},"down":{"uv":[5.5,11.625,5.3125,11.875],"tintindex":0,"rotation":0,"texture":"#0"}},"rotation":{"origin":[7.5,9.160055,7.2898793],"angle":22.5,"axis":"x"}}],"display":{"gui":{"rotation":[30,225,0]}}}