{"textures":{"0":"modelengine:entity/nocsy_drakonin7"},"elements":[{"from":[5.0,2.9629807,4.31389],"to":[9.0,10.96298,11.3138895],"faces":{"east":{"uv":[3.5625,9.3125,4.0,9.8125],"tintindex":0,"rotation":0,"texture":"#0"},"south":{"uv":[2.9375,10.125,3.1875,10.625],"tintindex":0,"rotation":0,"texture":"#0"},"north":{"uv":[2.625,10.125,2.875,10.625],"tintindex":0,"rotation":0,"texture":"#0"},"west":{"uv":[4.0625,9.3125,4.5,9.8125],"tintindex":0,"rotation":0,"texture":"#0"},"up":{"uv":[10.625,2.9375,10.375,2.5],"tintindex":0,"rotation":0,"texture":"#0"},"down":{"uv":[6.5625,10.4375,6.3125,10.875],"tintindex":0,"rotation":0,"texture":"#0"}},"rotation":{"origin":[11.5,7.9629803,9.3138895],"angle":-22.5,"axis":"x"}}],"display":{"gui":{"rotation":[30,225,0]}}}