{"textures":{"0":"modelengine:entity/nocsy_drakonin7"},"elements":[{"from":[3.6372333,8.118815,4.932463],"to":[3.6372333,17.118816,15.932464],"faces":{"east":{"uv":[7.375,7.875,8.0625,8.4375],"tintindex":0,"rotation":0,"texture":"#0"},"west":{"uv":[8.125,7.875,8.8125,8.4375],"tintindex":0,"rotation":0,"texture":"#0"}},"rotation":{"origin":[2.9372334,13.068816,11.432464],"angle":-22.5,"axis":"y"}},{"from":[5.0,8.111329,6.949988],"to":[11.0,15.111329,12.949987],"faces":{"east":{"uv":[9.5,2.0,9.875,2.4375],"tintindex":0,"rotation":0,"texture":"#0"},"south":{"uv":[2.375,9.5,2.75,9.9375],"tintindex":0,"rotation":0,"texture":"#0"},"north":{"uv":[4.5625,9.3125,4.9375,9.75],"tintindex":0,"rotation":0,"texture":"#0"},"west":{"uv":[9.5,2.5,9.875,2.9375],"tintindex":0,"rotation":0,"texture":"#0"},"up":{"uv":[5.8125,10.1875,5.4375,9.8125],"tintindex":0,"rotation":0,"texture":"#0"},"down":{"uv":[10.3125,2.0,9.9375,2.375],"tintindex":0,"rotation":0,"texture":"#0"}}},{"from":[12.362766,8.118815,4.932463],"to":[12.362766,17.118816,15.932464],"faces":{"east":{"uv":[8.25,5.25,8.9375,5.8125],"tintindex":0,"rotation":0,"texture":"#0"},"west":{"uv":[8.25,5.875,8.9375,6.4375],"tintindex":0,"rotation":0,"texture":"#0"}},"rotation":{"origin":[13.062767,13.068816,11.432464],"angle":22.5,"axis":"y"}},{"from":[5.01,14.245261,6.2280493],"to":[10.99,18.22526,12.208049],"faces":{"east":{"uv":[8.9375,10.625,9.3125,10.875],"tintindex":0,"rotation":0,"texture":"#0"},"south":{"uv":[9.375,10.625,9.75,10.875],"tintindex":0,"rotation":0,"texture":"#0"},"north":{"uv":[8.5,10.625,8.875,10.875],"tintindex":0,"rotation":0,"texture":"#0"},"west":{"uv":[10.6875,1.625,11.0625,1.875],"tintindex":0,"rotation":0,"texture":"#0"},"up":{"uv":[10.3125,2.8125,9.9375,2.4375],"tintindex":0,"rotation":0,"texture":"#0"},"down":{"uv":[10.3125,2.875,9.9375,3.25],"tintindex":0,"rotation":0,"texture":"#0"}},"rotation":{"origin":[8.0,16.51315,10.381875],"angle":-22.5,"axis":"x"}}],"display":{"gui":{"rotation":[30,225,0]}}}