{"textures":{"0":"modelengine:entity/nocsy_drakonin7"},"elements":[{"from":[8.001944,7.6525,3.473771],"to":[24.001944,8.1525,23.97377],"faces":{"east":{"uv":[9.5625,7.375,12.125,7.4375],"tintindex":0,"rotation":0,"texture":"#0"},"south":{"uv":[10.25,1.25,12.25,1.3125],"tintindex":0,"rotation":0,"texture":"#0"},"north":{"uv":[10.1875,10.1875,12.1875,10.25],"tintindex":0,"rotation":0,"texture":"#0"},"west":{"uv":[8.75,9.5625,11.3125,9.625],"tintindex":0,"rotation":0,"texture":"#0"},"up":{"uv":[6.125,2.5625,4.125,0.0],"tintindex":0,"rotation":0,"texture":"#0"},"down":{"uv":[6.125,2.625,4.125,5.1875],"tintindex":0,"rotation":0,"texture":"#0"}}},{"from":[6.766124,6.7025,3.799746],"to":[9.266124,9.202499,5.7997456],"faces":{"east":{"uv":[1.125,11.1875,1.375,11.5],"tintindex":0,"rotation":0,"texture":"#0"},"south":{"uv":[0.75,10.5,1.0625,10.8125],"tintindex":0,"rotation":0,"texture":"#0"},"north":{"uv":[0.375,10.5,0.6875,10.8125],"tintindex":0,"rotation":0,"texture":"#0"},"west":{"uv":[11.1875,5.0,11.4375,5.3125],"tintindex":0,"rotation":0,"texture":"#0"},"up":{"uv":[9.5625,11.4375,9.25,11.1875],"tintindex":0,"rotation":0,"texture":"#0"},"down":{"uv":[11.5,10.3125,11.1875,10.5625],"tintindex":0,"rotation":0,"texture":"#0"}}},{"from":[8.001944,7.2025,4.973771],"to":[16.501944,8.702499,6.473771],"faces":{"east":{"uv":[12.0,9.8125,12.1875,10.0],"tintindex":0,"rotation":0,"texture":"#0"},"south":{"uv":[9.4375,8.8125,10.5,9.0],"tintindex":0,"rotation":0,"texture":"#0"},"north":{"uv":[9.4375,8.5625,10.5,8.75],"tintindex":0,"rotation":0,"texture":"#0"},"west":{"uv":[12.0,10.3125,12.1875,10.5],"tintindex":0,"rotation":0,"texture":"#0"},"up":{"uv":[10.5,9.25,9.4375,9.0625],"tintindex":0,"rotation":0,"texture":"#0"},"down":{"uv":[10.5,9.3125,9.4375,9.5],"tintindex":0,"rotation":0,"texture":"#0"}},"rotation":{"origin":[8.751944,7.9525,6.723771],"angle":-22.5,"axis":"y"}},{"from":[19.162655,7.2025,11.426421],"to":[20.662655,8.702499,16.926422],"faces":{"east":{"uv":[4.5625,10.0625,5.25,10.25],"tintindex":0,"rotation":0,"texture":"#0"},"south":{"uv":[12.0,11.375,12.1875,11.5625],"tintindex":0,"rotation":0,"texture":"#0"},"north":{"uv":[11.0,12.0,11.1875,12.1875],"tintindex":0,"rotation":0,"texture":"#0"},"west":{"uv":[7.125,10.0625,7.8125,10.25],"tintindex":0,"rotation":0,"texture":"#0"},"up":{"uv":[2.5625,10.6875,2.375,10.0],"tintindex":0,"rotation":0,"texture":"#0"},"down":{"uv":[8.0625,10.0625,7.875,10.75],"tintindex":0,"rotation":0,"texture":"#0"}},"rotation":{"origin":[21.912655,7.9525,12.176421],"angle":22.5,"axis":"y"}},{"from":[8.001944,7.9025,3.473771],"to":[24.001944,8.1025,23.97377],"faces":{"east":{"uv":[7.125,9.6875,9.6875,9.75],"tintindex":0,"rotation":0,"texture":"#0"},"south":{"uv":[10.25,1.5,12.25,1.5625],"tintindex":0,"rotation":0,"texture":"#0"},"north":{"uv":[10.25,1.375,12.25,1.4375],"tintindex":0,"rotation":0,"texture":"#0"},"west":{"uv":[9.75,9.6875,12.3125,9.75],"tintindex":0,"rotation":0,"texture":"#0"},"up":{"uv":[2.0,7.8125,0.0,5.25],"tintindex":0,"rotation":0,"texture":"#0"},"down":{"uv":[4.0625,5.25,2.0625,7.8125],"tintindex":0,"rotation":0,"texture":"#0"}}},{"from":[14.81158,7.2075,10.863313],"to":[20.30158,8.6975,12.3533125],"faces":{"east":{"uv":[10.5,12.0,10.6875,12.1875],"tintindex":0,"rotation":0,"texture":"#0"},"south":{"uv":[10.0,4.9375,10.6875,5.125],"tintindex":0,"rotation":0,"texture":"#0"},"north":{"uv":[1.625,10.0,2.3125,10.1875],"tintindex":0,"rotation":0,"texture":"#0"},"west":{"uv":[10.75,12.0,10.9375,12.1875],"tintindex":0,"rotation":0,"texture":"#0"},"up":{"uv":[10.6875,5.375,10.0,5.1875],"tintindex":0,"rotation":0,"texture":"#0"},"down":{"uv":[10.6875,5.4375,10.0,5.625],"tintindex":0,"rotation":0,"texture":"#0"}},"rotation":{"origin":[19.05658,7.9525,11.608313],"angle":-45.0,"axis":"y"}},{"from":[4.766124,7.9525,-1.2002544],"to":[12.266125,7.9525,5.2997456],"faces":{"up":{"uv":[6.3125,8.6875,5.375,7.875],"tintindex":0,"rotation":0,"texture":"#0"},"down":{"uv":[7.3125,7.875,6.375,8.6875],"tintindex":0,"rotation":0,"texture":"#0"}},"rotation":{"origin":[9.016124,7.9525,2.549746],"angle":22.5,"axis":"y"}}],"display":{"gui":{"rotation":[30,225,0]}}}