{"textures":{"0":"modelengine:entity/nocsy_drakonin7"},"elements":[{"from":[5.054999,5.4179554,6.019553],"to":[10.054998,9.417955,11.019553],"faces":{"east":{"uv":[6.375,11.4375,6.6875,11.6875],"tintindex":0,"rotation":0,"texture":"#0"},"south":{"uv":[7.1875,11.4375,7.5,11.6875],"tintindex":0,"rotation":0,"texture":"#0"},"north":{"uv":[11.4375,4.625,11.75,4.875],"tintindex":0,"rotation":0,"texture":"#0"},"west":{"uv":[11.4375,9.0625,11.75,9.3125],"tintindex":0,"rotation":0,"texture":"#0"},"up":{"uv":[10.9375,3.6875,10.625,3.375],"tintindex":0,"rotation":0,"texture":"#0"},"down":{"uv":[8.4375,10.625,8.125,10.9375],"tintindex":0,"rotation":0,"texture":"#0"}}},{"from":[6.0649986,5.4279556,10.429554],"to":[9.044998,8.407955,12.409554],"faces":{"east":{"uv":[0.5625,11.75,0.6875,11.9375],"tintindex":0,"rotation":0,"texture":"#0"},"south":{"uv":[12.1875,6.5625,12.375,6.75],"tintindex":0,"rotation":0,"texture":"#0"},"north":{"uv":[6.5625,12.1875,6.75,12.375],"tintindex":0,"rotation":0,"texture":"#0"},"west":{"uv":[3.875,12.0625,4.0,12.25],"tintindex":0,"rotation":0,"texture":"#0"},"up":{"uv":[12.4375,0.3125,12.25,0.1875],"tintindex":0,"rotation":0,"texture":"#0"},"down":{"uv":[12.4375,0.375,12.25,0.5],"tintindex":0,"rotation":0,"texture":"#0"}}},{"from":[3.2570117,5.4079547,4.25],"to":[6.277012,8.427956,8.27],"faces":{"east":{"uv":[6.625,11.9375,6.875,12.125],"tintindex":0,"rotation":0,"texture":"#0"},"south":{"uv":[12.1875,7.0625,12.375,7.25],"tintindex":0,"rotation":0,"texture":"#0"},"north":{"uv":[12.1875,6.8125,12.375,7.0],"tintindex":0,"rotation":0,"texture":"#0"},"west":{"uv":[7.8125,11.9375,8.0625,12.125],"tintindex":0,"rotation":0,"texture":"#0"},"up":{"uv":[5.5,12.1875,5.3125,11.9375],"tintindex":0,"rotation":0,"texture":"#0"},"down":{"uv":[8.6875,11.9375,8.5,12.1875],"tintindex":0,"rotation":0,"texture":"#0"}},"rotation":{"origin":[7.7670116,6.9179554,3.7600002],"angle":22.5,"axis":"y"}},{"from":[8.832985,5.4079547,4.25],"to":[11.852986,8.427956,8.27],"faces":{"east":{"uv":[11.9375,4.125,12.1875,4.3125],"tintindex":0,"rotation":0,"texture":"#0"},"south":{"uv":[12.1875,6.3125,12.375,6.5],"tintindex":0,"rotation":0,"texture":"#0"},"north":{"uv":[12.1875,6.0625,12.375,6.25],"tintindex":0,"rotation":0,"texture":"#0"},"west":{"uv":[4.75,11.9375,5.0,12.125],"tintindex":0,"rotation":0,"texture":"#0"},"up":{"uv":[5.25,12.1875,5.0625,11.9375],"tintindex":0,"rotation":0,"texture":"#0"},"down":{"uv":[12.125,5.25,11.9375,5.5],"tintindex":0,"rotation":0,"texture":"#0"}},"rotation":{"origin":[7.3429856,6.9179554,3.7600002],"angle":-22.5,"axis":"y"}},{"from":[7.5549984,5.649452,11.669408],"to":[7.5549984,9.649452,16.669407],"faces":{"east":{"uv":[8.75,11.375,9.0625,11.625],"tintindex":0,"rotation":0,"texture":"#0"},"west":{"uv":[11.3125,11.375,11.625,11.625],"tintindex":0,"rotation":0,"texture":"#0"}}},{"from":[7.397243,5.2446938,-0.5197067],"to":[7.397243,9.244694,5.4802933],"faces":{"east":{"uv":[6.25,10.9375,6.625,11.1875],"tintindex":0,"rotation":0,"texture":"#0"},"west":{"uv":[10.9375,7.5,11.3125,7.75],"tintindex":0,"rotation":0,"texture":"#0"}}},{"from":[3.897243,5.2446938,-0.5197067],"to":[3.897243,9.244694,5.4802933],"faces":{"east":{"uv":[10.9375,8.4375,11.3125,8.6875],"tintindex":0,"rotation":0,"texture":"#0"},"west":{"uv":[8.5,10.9375,8.875,11.1875],"tintindex":0,"rotation":0,"texture":"#0"}},"rotation":{"origin":[7.1972427,7.2446933,2.4802933],"angle":22.5,"axis":"y"}},{"from":[10.8972435,5.2446938,-0.5197067],"to":[10.8972435,9.244694,5.4802933],"faces":{"east":{"uv":[10.9375,7.8125,11.3125,8.0625],"tintindex":0,"rotation":0,"texture":"#0"},"west":{"uv":[10.9375,8.125,11.3125,8.375],"tintindex":0,"rotation":0,"texture":"#0"}},"rotation":{"origin":[7.1972427,7.2446933,2.4802933],"angle":-22.5,"axis":"y"}},{"from":[5.9470115,5.397955,4.2400002],"to":[8.987013,8.437956,8.280001],"faces":{"east":{"uv":[11.9375,8.625,12.1875,8.8125],"tintindex":0,"rotation":0,"texture":"#0"},"south":{"uv":[8.75,12.1875,8.9375,12.375],"tintindex":0,"rotation":0,"texture":"#0"},"north":{"uv":[7.8125,12.1875,8.0,12.375],"tintindex":0,"rotation":0,"texture":"#0"},"west":{"uv":[8.75,11.9375,9.0,12.125],"tintindex":0,"rotation":0,"texture":"#0"},"up":{"uv":[9.25,12.1875,9.0625,11.9375],"tintindex":0,"rotation":0,"texture":"#0"},"down":{"uv":[12.125,9.25,11.9375,9.5],"tintindex":0,"rotation":0,"texture":"#0"}}}],"display":{"gui":{"rotation":[30,225,0]}}}