{"textures":{"0":"modelengine:entity/nocsy_drakonin7"},"elements":[{"from":[6.0,3.3600554,5.889879],"to":[9.0,9.360056,9.889879],"faces":{"east":{"uv":[5.9375,10.8125,6.1875,11.1875],"tintindex":0,"rotation":0,"texture":"#0"},"south":{"uv":[2.5625,11.625,2.75,12.0],"tintindex":0,"rotation":0,"texture":"#0"},"north":{"uv":[1.375,11.625,1.5625,12.0],"tintindex":0,"rotation":0,"texture":"#0"},"west":{"uv":[7.8125,10.8125,8.0625,11.1875],"tintindex":0,"rotation":0,"texture":"#0"},"up":{"uv":[12.125,4.0625,11.9375,3.8125],"tintindex":0,"rotation":0,"texture":"#0"},"down":{"uv":[4.25,11.9375,4.0625,12.1875],"tintindex":0,"rotation":0,"texture":"#0"}},"rotation":{"origin":[8.5,9.160055,7.28988],"angle":22.5,"axis":"x"}}],"display":{"gui":{"rotation":[30,225,0]}}}