{"textures":{"0":"modelengine:entity/nocsy_drakonin7"},"elements":[{"from":[7.0,2.9629807,4.31389],"to":[11.0,10.96298,11.3138895],"faces":{"east":{"uv":[6.125,9.375,6.5625,9.875],"tintindex":0,"rotation":0,"texture":"#0"},"south":{"uv":[3.5625,10.125,3.8125,10.625],"tintindex":0,"rotation":0,"texture":"#0"},"north":{"uv":[3.25,10.125,3.5,10.625],"tintindex":0,"rotation":0,"texture":"#0"},"west":{"uv":[6.625,9.375,7.0625,9.875],"tintindex":0,"rotation":0,"texture":"#0"},"up":{"uv":[6.875,10.875,6.625,10.4375],"tintindex":0,"rotation":0,"texture":"#0"},"down":{"uv":[10.6875,10.3125,10.4375,10.75],"tintindex":0,"rotation":0,"texture":"#0"}},"rotation":{"origin":[4.5,7.9629803,9.3138895],"angle":-22.5,"axis":"x"}}],"display":{"gui":{"rotation":[30,225,0]}}}