{"textures":{"0":"modelengine:entity/nocsy_drakonin7"},"elements":[{"from":[9.196364,7.072788,7.2],"to":[15.696364,8.572788,8.7],"faces":{"east":{"uv":[6.3125,12.0,6.5,12.1875],"tintindex":0,"rotation":0,"texture":"#0"},"south":{"uv":[9.75,9.8125,10.5625,10.0],"tintindex":0,"rotation":0,"texture":"#0"},"north":{"uv":[8.875,9.8125,9.6875,10.0],"tintindex":0,"rotation":0,"texture":"#0"},"west":{"uv":[6.9375,12.0,7.125,12.1875],"tintindex":0,"rotation":0,"texture":"#0"},"up":{"uv":[3.625,10.0625,2.8125,9.875],"tintindex":0,"rotation":0,"texture":"#0"},"down":{"uv":[4.5,9.875,3.6875,10.0625],"tintindex":0,"rotation":0,"texture":"#0"}}},{"from":[15.53715,7.077788,3.4801264],"to":[17.02715,8.567787,6.970126],"faces":{"east":{"uv":[11.0,1.9375,11.4375,2.125],"tintindex":0,"rotation":0,"texture":"#0"},"south":{"uv":[7.5625,12.0,7.75,12.1875],"tintindex":0,"rotation":0,"texture":"#0"},"north":{"uv":[12.0,7.5,12.1875,7.6875],"tintindex":0,"rotation":0,"texture":"#0"},"west":{"uv":[11.0,2.1875,11.4375,2.375],"tintindex":0,"rotation":0,"texture":"#0"},"up":{"uv":[11.1875,3.375,11.0,2.9375],"tintindex":0,"rotation":0,"texture":"#0"},"down":{"uv":[3.75,11.0,3.5625,11.4375],"tintindex":0,"rotation":0,"texture":"#0"}},"rotation":{"origin":[14.28215,7.822788,6.2251263],"angle":-45.0,"axis":"y"}},{"from":[17.398026,7.072788,2.5713243],"to":[18.898026,8.572788,6.0713243],"faces":{"east":{"uv":[11.0,2.4375,11.4375,2.625],"tintindex":0,"rotation":0,"texture":"#0"},"south":{"uv":[9.5625,12.0,9.75,12.1875],"tintindex":0,"rotation":0,"texture":"#0"},"north":{"uv":[12.0,8.3125,12.1875,8.5],"tintindex":0,"rotation":0,"texture":"#0"},"west":{"uv":[11.0,3.4375,11.4375,3.625],"tintindex":0,"rotation":0,"texture":"#0"},"up":{"uv":[4.0,11.4375,3.8125,11.0],"tintindex":0,"rotation":0,"texture":"#0"},"down":{"uv":[4.25,11.0,4.0625,11.4375],"tintindex":0,"rotation":0,"texture":"#0"}},"rotation":{"origin":[18.148026,7.822788,4.3213243],"angle":-22.5,"axis":"y"}},{"from":[8.283844,7.722788,1.6453495],"to":[18.783844,8.222788,22.14535],"faces":{"east":{"uv":[9.5625,7.125,12.125,7.1875],"tintindex":0,"rotation":0,"texture":"#0"},"south":{"uv":[11.0625,0.875,12.375,0.9375],"tintindex":0,"rotation":0,"texture":"#0"},"north":{"uv":[11.0625,0.75,12.375,0.8125],"tintindex":0,"rotation":0,"texture":"#0"},"west":{"uv":[9.5625,7.25,12.125,7.3125],"tintindex":0,"rotation":0,"texture":"#0"},"up":{"uv":[8.875,5.1875,7.5625,2.625],"tintindex":0,"rotation":0,"texture":"#0"},"down":{"uv":[8.875,2.625,7.5625,5.1875],"tintindex":0,"rotation":0,"texture":"#0"}}},{"from":[7.1963644,6.822788,7.0],"to":[9.696364,8.822788,9.0],"faces":{"east":{"uv":[11.625,2.9375,11.875,3.1875],"tintindex":0,"rotation":0,"texture":"#0"},"south":{"uv":[0.375,11.1875,0.6875,11.4375],"tintindex":0,"rotation":0,"texture":"#0"},"north":{"uv":[11.1875,0.3125,11.5,0.5625],"tintindex":0,"rotation":0,"texture":"#0"},"west":{"uv":[3.125,11.625,3.375,11.875],"tintindex":0,"rotation":0,"texture":"#0"},"up":{"uv":[2.5,11.4375,2.1875,11.1875],"tintindex":0,"rotation":0,"texture":"#0"},"down":{"uv":[4.625,11.1875,4.3125,11.4375],"tintindex":0,"rotation":0,"texture":"#0"}}},{"from":[8.283844,7.872788,1.6453495],"to":[18.783844,7.972788,22.14535],"faces":{"east":{"uv":[9.5625,6.875,12.125,6.9375],"tintindex":0,"rotation":0,"texture":"#0"},"south":{"uv":[11.0625,0.625,12.375,0.6875],"tintindex":0,"rotation":0,"texture":"#0"},"north":{"uv":[11.0,2.6875,12.3125,2.75],"tintindex":0,"rotation":0,"texture":"#0"},"west":{"uv":[9.5625,7.0,12.125,7.0625],"tintindex":0,"rotation":0,"texture":"#0"},"up":{"uv":[8.1875,7.8125,6.875,5.25],"tintindex":0,"rotation":0,"texture":"#0"},"down":{"uv":[8.875,0.0,7.5625,2.5625],"tintindex":0,"rotation":0,"texture":"#0"}}}],"display":{"gui":{"rotation":[30,225,0]}}}