{"textures":{"0":"modelengine:entity/nocsy_drakonin7"},"elements":[{"from":[10.6,7.3857093,8.577297],"to":[14.6,7.3857093,16.577297],"faces":{"up":{"uv":[4.125,10.625,3.875,10.125],"tintindex":0,"rotation":0,"texture":"#0"},"down":{"uv":[4.4375,10.125,4.1875,10.625],"tintindex":0,"rotation":0,"texture":"#0"}},"rotation":{"origin":[12.5,8.085709,12.577297],"angle":-22.5,"axis":"z"}},{"from":[5.5,4.085709,6.577297],"to":[10.5,10.085709,13.577297],"faces":{"east":{"uv":[9.5,5.0,9.9375,5.375],"tintindex":0,"rotation":0,"texture":"#0"},"south":{"uv":[5.625,10.3125,5.9375,10.6875],"tintindex":0,"rotation":0,"texture":"#0"},"north":{"uv":[10.3125,3.875,10.625,4.25],"tintindex":0,"rotation":0,"texture":"#0"},"west":{"uv":[9.5,5.4375,9.9375,5.8125],"tintindex":0,"rotation":0,"texture":"#0"},"up":{"uv":[6.6875,10.375,6.375,9.9375],"tintindex":0,"rotation":0,"texture":"#0"},"down":{"uv":[7.0625,9.9375,6.75,10.375],"tintindex":0,"rotation":0,"texture":"#0"}},"rotation":{"origin":[7.5,5.7893925,12.753973],"angle":22.5,"axis":"x"}},{"from":[1.4000001,7.3857093,8.577297],"to":[5.4,7.3857093,16.577297],"faces":{"up":{"uv":[1.875,10.75,1.625,10.25],"tintindex":0,"rotation":0,"texture":"#0"},"down":{"uv":[2.1875,10.25,1.9375,10.75],"tintindex":0,"rotation":0,"texture":"#0"}},"rotation":{"origin":[3.5,8.085709,12.577297],"angle":22.5,"axis":"z"}}],"display":{"gui":{"rotation":[30,225,0]}}}