{"textures":{"0":"modelengine:entity/nocsy_drakonin_baby"},"elements":[{"from":[5.6933765,7.210512,10.465115],"to":[8.493377,7.210512,14.465115],"faces":{"up":{"uv":[8.375,3.75,8.0,3.25],"tintindex":0,"rotation":0,"texture":"#0"},"down":{"uv":[8.375,3.875,8.0,4.375],"tintindex":0,"rotation":0,"texture":"#0"}},"rotation":{"origin":[7.042439,7.4828606,12.453945],"angle":-22.5,"axis":"z"}},{"from":[6.0546584,6.37344,7.065115],"to":[8.054659,8.37344,11.065115],"faces":{"east":{"uv":[1.875,9.375,2.375,9.625],"tintindex":0,"rotation":0,"texture":"#0"},"south":{"uv":[10.25,8.25,10.5,8.5],"tintindex":0,"rotation":0,"texture":"#0"},"north":{"uv":[10.25,7.875,10.5,8.125],"tintindex":0,"rotation":0,"texture":"#0"},"west":{"uv":[2.5,9.375,3.0,9.625],"tintindex":0,"rotation":0,"texture":"#0"},"up":{"uv":[1.375,9.875,1.125,9.375],"tintindex":0,"rotation":0,"texture":"#0"},"down":{"uv":[6.625,9.375,6.375,9.875],"tintindex":0,"rotation":0,"texture":"#0"}},"rotation":{"origin":[7.444508,7.1499043,10.085945],"angle":22.5,"axis":"z"}},{"from":[6.967793,5.8874626,10.465115],"to":[6.967793,8.587463,14.465115],"faces":{"east":{"uv":[0.0,8.0,0.5,8.375],"tintindex":0,"rotation":0,"texture":"#0"},"west":{"uv":[8.0,2.0,8.5,2.375],"tintindex":0,"rotation":0,"texture":"#0"}},"rotation":{"origin":[6.8168554,7.159809,12.453945],"angle":-22.5,"axis":"z"}}],"display":{"gui":{"rotation":[30,225,0]}}}