{"textures":{"0":"modelengine:entity/nocsy_drakonin_baby"},"elements":[{"from":[7.5066233,7.210512,10.465115],"to":[10.306623,7.210512,14.465115],"faces":{"up":{"uv":[8.25,7.625,7.875,7.125],"tintindex":0,"rotation":0,"texture":"#0"},"down":{"uv":[8.25,7.75,7.875,8.25],"tintindex":0,"rotation":0,"texture":"#0"}},"rotation":{"origin":[8.9575615,7.4828606,12.453945],"angle":22.5,"axis":"z"}},{"from":[7.9453416,6.37344,7.065115],"to":[9.945341,8.37344,11.065115],"faces":{"east":{"uv":[5.375,9.25,5.875,9.5],"tintindex":0,"rotation":0,"texture":"#0"},"south":{"uv":[10.25,7.5,10.5,7.75],"tintindex":0,"rotation":0,"texture":"#0"},"north":{"uv":[10.25,7.125,10.5,7.375],"tintindex":0,"rotation":0,"texture":"#0"},"west":{"uv":[0.5,9.375,1.0,9.625],"tintindex":0,"rotation":0,"texture":"#0"},"up":{"uv":[6.25,9.75,6.0,9.25],"tintindex":0,"rotation":0,"texture":"#0"},"down":{"uv":[8.625,9.25,8.375,9.75],"tintindex":0,"rotation":0,"texture":"#0"}},"rotation":{"origin":[8.555492,7.1499043,10.085945],"angle":-22.5,"axis":"z"}},{"from":[9.0322075,5.8874626,10.465115],"to":[9.0322075,8.587463,14.465115],"faces":{"east":{"uv":[0.0,7.125,0.5,7.5],"tintindex":0,"rotation":0,"texture":"#0"},"west":{"uv":[7.875,5.875,8.375,6.25],"tintindex":0,"rotation":0,"texture":"#0"}},"rotation":{"origin":[9.183145,7.159809,12.453945],"angle":22.5,"axis":"z"}}],"display":{"gui":{"rotation":[30,225,0]}}}