{"textures":{"0":"modelengine:entity/nocsy_drakonin_baby"},"elements":[{"from":[6.396125,5.2045836,6.0675945],"to":[9.396125,8.204584,9.067595],"faces":{"east":{"uv":[9.25,6.875,8.875,7.25],"tintindex":0,"rotation":0,"texture":"#0"},"south":{"uv":[7.25,8.875,6.875,9.25],"tintindex":0,"rotation":0,"texture":"#0"},"north":{"uv":[6.75,8.875,6.375,9.25],"tintindex":0,"rotation":0,"texture":"#0"},"west":{"uv":[9.25,6.375,8.875,6.75],"tintindex":0,"rotation":0,"texture":"#0"},"up":{"uv":[7.375,9.25,7.75,8.875],"tintindex":0,"rotation":0,"texture":"#0"},"down":{"uv":[8.875,7.375,9.25,7.75],"tintindex":0,"rotation":0,"texture":"#0"}}},{"from":[6.406125,5.421691,5.5775948],"to":[9.386125,6.4016905,6.5575943],"faces":{"east":{"uv":[10.5,10.375,10.375,10.5],"tintindex":0,"rotation":0,"texture":"#0"},"south":{"uv":[6.5,10.375,6.125,10.5],"tintindex":0,"rotation":0,"texture":"#0"},"north":{"uv":[10.75,5.875,10.375,6.0],"tintindex":0,"rotation":0,"texture":"#0"},"west":{"uv":[10.25,10.375,10.125,10.5],"tintindex":0,"rotation":0,"texture":"#0"},"up":{"uv":[6.625,10.5,7.0,10.375],"tintindex":0,"rotation":0,"texture":"#0"},"down":{"uv":[7.125,10.375,7.5,10.5],"tintindex":0,"rotation":0,"texture":"#0"}},"rotation":{"origin":[7.896125,5.9116907,6.0675945],"angle":45.0,"axis":"x"}}],"display":{"gui":{"rotation":[30,225,0]}}}