{"textures":{"0":"modelengine:entity/nocsy_drakonin_baby2"},"elements":[{"from":[7.207183,14.731197,5.7423277],"to":[9.707183,18.731197,5.7423277],"faces":{"south":{"uv":[8.25,7.75,7.875,8.25],"tintindex":0,"rotation":0,"texture":"#0"},"north":{"uv":[7.875,7.75,8.25,8.25],"tintindex":0,"rotation":0,"texture":"#0"}},"rotation":{"origin":[5.2699747,-5.2688026,-6.7711477],"angle":22.5,"axis":"x"}},{"from":[7.9453416,6.373439,7.065115],"to":[9.945341,8.373438,11.065115],"faces":{"east":{"uv":[5.375,9.25,5.875,9.5],"tintindex":0,"rotation":0,"texture":"#0"},"south":{"uv":[10.25,7.5,10.5,7.75],"tintindex":0,"rotation":0,"texture":"#0"},"north":{"uv":[10.25,7.125,10.5,7.375],"tintindex":0,"rotation":0,"texture":"#0"},"west":{"uv":[0.5,9.375,1.0,9.625],"tintindex":0,"rotation":0,"texture":"#0"},"up":{"uv":[6.25,9.75,6.0,9.25],"tintindex":0,"rotation":0,"texture":"#0"},"down":{"uv":[8.625,9.25,8.375,9.75],"tintindex":0,"rotation":0,"texture":"#0"}},"rotation":{"origin":[8.555492,7.1499033,10.085945],"angle":-22.5,"axis":"z"}},{"from":[8.732767,14.731197,4.3653774],"to":[8.732767,18.731197,7.065377],"faces":{"east":{"uv":[7.875,6.25,8.375,5.875],"tintindex":0,"rotation":270,"texture":"#0"},"west":{"uv":[7.875,5.875,8.375,6.25],"tintindex":0,"rotation":270,"texture":"#0"}},"rotation":{"origin":[5.2699747,-5.2688026,-6.7711477],"angle":22.5,"axis":"x"}},{"from":[8.145342,6.8768654,10.204215],"to":[9.745341,8.476867,12.804215],"faces":{"east":{"uv":[5.375,9.25,5.875,9.5],"tintindex":0,"rotation":0,"texture":"#0"},"south":{"uv":[10.25,7.5,10.5,7.75],"tintindex":0,"rotation":0,"texture":"#0"},"north":{"uv":[10.25,7.125,10.5,7.375],"tintindex":0,"rotation":0,"texture":"#0"},"west":{"uv":[0.5,9.375,1.0,9.625],"tintindex":0,"rotation":0,"texture":"#0"},"up":{"uv":[6.25,9.75,6.0,9.25],"tintindex":0,"rotation":0,"texture":"#0"},"down":{"uv":[8.625,9.25,8.375,9.75],"tintindex":0,"rotation":0,"texture":"#0"}},"rotation":{"origin":[8.745341,7.6768665,11.104216],"angle":-45.0,"axis":"x"}}],"display":{"gui":{"rotation":[30,225,0]}}}