{"textures":{"0":"modelengine:entity/nocsy_drakonin_baby2"},"elements":[{"from":[6.254658,6.8768654,10.204215],"to":[7.854659,8.476867,12.804215],"faces":{"east":{"uv":[1.0,9.375,0.5,9.625],"tintindex":0,"rotation":0,"texture":"#0"},"south":{"uv":[10.5,7.5,10.25,7.75],"tintindex":0,"rotation":0,"texture":"#0"},"north":{"uv":[10.5,7.125,10.25,7.375],"tintindex":0,"rotation":0,"texture":"#0"},"west":{"uv":[5.875,9.25,5.375,9.5],"tintindex":0,"rotation":0,"texture":"#0"},"up":{"uv":[6.0,9.75,6.25,9.25],"tintindex":0,"rotation":0,"texture":"#0"},"down":{"uv":[8.375,9.25,8.625,9.75],"tintindex":0,"rotation":0,"texture":"#0"}},"rotation":{"origin":[7.2546587,7.6768665,11.104216],"angle":-45.0,"axis":"x"}},{"from":[7.267233,14.731197,4.3653774],"to":[7.267233,18.731197,7.065377],"faces":{"east":{"uv":[7.875,6.25,8.375,5.875],"tintindex":0,"rotation":270,"texture":"#0"},"west":{"uv":[7.875,5.875,8.375,6.25],"tintindex":0,"rotation":270,"texture":"#0"}},"rotation":{"origin":[10.730025,-5.2688026,-6.7711477],"angle":22.5,"axis":"x"}},{"from":[6.0546584,6.373439,7.065115],"to":[8.054659,8.373438,11.065115],"faces":{"east":{"uv":[1.0,9.375,0.5,9.625],"tintindex":0,"rotation":0,"texture":"#0"},"south":{"uv":[10.5,7.5,10.25,7.75],"tintindex":0,"rotation":0,"texture":"#0"},"north":{"uv":[10.5,7.125,10.25,7.375],"tintindex":0,"rotation":0,"texture":"#0"},"west":{"uv":[5.875,9.25,5.375,9.5],"tintindex":0,"rotation":0,"texture":"#0"},"up":{"uv":[6.0,9.75,6.25,9.25],"tintindex":0,"rotation":0,"texture":"#0"},"down":{"uv":[8.375,9.25,8.625,9.75],"tintindex":0,"rotation":0,"texture":"#0"}},"rotation":{"origin":[7.444508,7.1499033,10.085945],"angle":22.5,"axis":"z"}},{"from":[6.292817,14.731197,5.7423277],"to":[8.792817,18.731197,5.7423277],"faces":{"south":{"uv":[7.875,7.75,8.25,8.25],"tintindex":0,"rotation":0,"texture":"#0"},"north":{"uv":[8.25,7.75,7.875,8.25],"tintindex":0,"rotation":0,"texture":"#0"}},"rotation":{"origin":[10.730025,-5.2688026,-6.7711477],"angle":22.5,"axis":"x"}}],"display":{"gui":{"rotation":[30,225,0]}}}