{"textures":{"0":"modelengine:entity/nocsy_drakonin_baby2"},"elements":[{"from":[7.515049,5.5785284,5.4676857],"to":[9.515049,8.578528,8.467686],"faces":{"east":{"uv":[4.25,8.625,3.875,9.0],"tintindex":0,"rotation":0,"texture":"#0"},"south":{"uv":[1.75,9.875,1.5,10.25],"tintindex":0,"rotation":0,"texture":"#0"},"north":{"uv":[10.125,0.0,9.875,0.375],"tintindex":0,"rotation":0,"texture":"#0"},"west":{"uv":[3.75,8.625,3.375,9.0],"tintindex":0,"rotation":0,"texture":"#0"},"up":{"uv":[9.875,3.125,10.125,2.75],"tintindex":0,"rotation":0,"texture":"#0"},"down":{"uv":[9.875,3.25,10.125,3.625],"tintindex":0,"rotation":0,"texture":"#0"}},"rotation":{"origin":[5.745049,7.9785285,7.787686],"angle":-22.5,"axis":"x"}},{"from":[8.615049,8.378529,5.6676855],"to":[8.615049,11.378529,8.6676855],"faces":{"east":{"uv":[4.25,11.0,3.875,11.375],"tintindex":0,"rotation":0,"texture":"#0"},"south":{"uv":[1.75,9.875,1.5,10.25],"tintindex":0,"rotation":0,"texture":"#0"},"north":{"uv":[10.125,0.0,9.875,0.375],"tintindex":0,"rotation":0,"texture":"#0"},"west":{"uv":[3.875,11.0,4.25,11.375],"tintindex":0,"rotation":0,"texture":"#0"},"up":{"uv":[9.875,3.125,10.125,2.75],"tintindex":0,"rotation":0,"texture":"#0"},"down":{"uv":[9.875,3.25,10.125,3.625],"tintindex":0,"rotation":0,"texture":"#0"}},"rotation":{"origin":[5.745049,7.9785285,7.787686],"angle":-22.5,"axis":"x"}}],"display":{"gui":{"rotation":[30,225,0]}}}