{"textures":{"0":"modelengine:entity/manticore_dusk"},"elements":[{"from":[5.3554296,-1.3756943,7.3024845],"to":[10.35543,8.624306,12.3024845],"faces":{"east":{"uv":[8.125,1.25,7.8125,1.875],"tintindex":0,"rotation":0,"texture":"#0"},"south":{"uv":[8.0625,3.9375,7.75,4.5625],"tintindex":0,"rotation":0,"texture":"#0"},"north":{"uv":[8.0625,3.9375,7.75,4.5625],"tintindex":0,"rotation":0,"texture":"#0"},"west":{"uv":[8.125,1.25,7.8125,1.875],"tintindex":0,"rotation":0,"texture":"#0"},"up":{"uv":[8.5625,5.625,8.875,5.3125],"tintindex":0,"rotation":0,"texture":"#0"},"down":{"uv":[8.5625,5.625,8.875,5.3125],"tintindex":0,"rotation":0,"texture":"#0"}},"rotation":{"origin":[7.8554296,3.6243062,9.8024845],"angle":-22.5,"axis":"x"}}],"display":{"gui":{"rotation":[30,225,0]}}}