{"textures":{"0":"modelengine:entity/nocsy_drakonin5"},"elements":[{"from":[3.49,3.8388608,3.7456973],"to":[12.51,12.858861,14.7656975],"faces":{"east":{"uv":[4.875,5.25,5.5625,5.8125],"tintindex":0,"rotation":0,"texture":"#0"},"south":{"uv":[5.5,4.125,6.0625,4.6875],"tintindex":0,"rotation":0,"texture":"#0"},"north":{"uv":[5.5,3.5,6.0625,4.0625],"tintindex":0,"rotation":0,"texture":"#0"},"west":{"uv":[5.5,0.0,6.1875,0.5625],"tintindex":0,"rotation":0,"texture":"#0"},"up":{"uv":[6.0625,1.3125,5.5,0.625],"tintindex":0,"rotation":0,"texture":"#0"},"down":{"uv":[6.0625,1.375,5.5,2.0625],"tintindex":0,"rotation":0,"texture":"#0"}}},{"from":[3.51,2.8876579,12.45594],"to":[12.49,10.867658,20.435942],"faces":{"east":{"uv":[6.125,3.4375,6.625,3.9375],"tintindex":0,"rotation":0,"texture":"#0"},"south":{"uv":[6.125,0.625,6.6875,1.125],"tintindex":0,"rotation":0,"texture":"#0"},"north":{"uv":[4.875,5.875,5.4375,6.375],"tintindex":0,"rotation":0,"texture":"#0"},"west":{"uv":[6.125,4.0,6.625,4.5],"tintindex":0,"rotation":0,"texture":"#0"},"up":{"uv":[6.6875,1.6875,6.125,1.1875],"tintindex":0,"rotation":0,"texture":"#0"},"down":{"uv":[6.6875,1.75,6.125,2.25],"tintindex":0,"rotation":0,"texture":"#0"}},"rotation":{"origin":[7.5,6.084502,18.550362],"angle":22.5,"axis":"x"}},{"from":[3.5,5.6263013,1.6655111],"to":[12.5,15.626302,9.665511],"faces":{"east":{"uv":[5.625,4.75,6.125,5.375],"tintindex":0,"rotation":0,"texture":"#0"},"south":{"uv":[5.5,2.8125,6.0625,3.4375],"tintindex":0,"rotation":0,"texture":"#0"},"north":{"uv":[5.5,2.125,6.0625,2.75],"tintindex":0,"rotation":0,"texture":"#0"},"west":{"uv":[5.625,5.4375,6.125,6.0625],"tintindex":0,"rotation":0,"texture":"#0"},"up":{"uv":[6.6875,2.8125,6.125,2.3125],"tintindex":0,"rotation":0,"texture":"#0"},"down":{"uv":[6.6875,2.875,6.125,3.375],"tintindex":0,"rotation":0,"texture":"#0"}},"rotation":{"origin":[7.0,9.991618,7.178502],"angle":-22.5,"axis":"x"}}],"display":{"gui":{"rotation":[30,225,0]}}}