{"textures":{"0":"modelengine:entity/nocsy_drakonin5"},"elements":[{"from":[7.2072015,-1.5328853,3.19652],"to":[9.807202,1.0671146,8.79652],"faces":{"east":{"uv":[9.875,1.8125,10.25,2.0],"tintindex":0,"rotation":0,"texture":"#0"},"south":{"uv":[10.875,7.625,11.0625,7.8125],"tintindex":0,"rotation":0,"texture":"#0"},"north":{"uv":[10.875,6.5,11.0625,6.6875],"tintindex":0,"rotation":0,"texture":"#0"},"west":{"uv":[9.9375,0.75,10.3125,0.9375],"tintindex":0,"rotation":0,"texture":"#0"},"up":{"uv":[0.4375,10.3125,0.25,9.9375],"tintindex":0,"rotation":0,"texture":"#0"},"down":{"uv":[10.125,1.25,9.9375,1.625],"tintindex":0,"rotation":0,"texture":"#0"}},"rotation":{"origin":[8.207202,0.16711426,7.99652],"angle":45.0,"axis":"x"}},{"from":[7.757745,4.534319,6.196457],"to":[11.757745,8.534319,13.196457],"faces":{"east":{"uv":[8.4375,2.4375,8.875,2.6875],"tintindex":0,"rotation":0,"texture":"#0"},"south":{"uv":[10.25,9.75,10.5,10.0],"tintindex":0,"rotation":0,"texture":"#0"},"north":{"uv":[7.6875,10.25,7.9375,10.5],"tintindex":0,"rotation":0,"texture":"#0"},"west":{"uv":[8.4375,3.8125,8.875,4.0625],"tintindex":0,"rotation":0,"texture":"#0"},"up":{"uv":[8.6875,5.375,8.4375,4.9375],"tintindex":0,"rotation":0,"texture":"#0"},"down":{"uv":[8.6875,8.1875,8.4375,8.625],"tintindex":0,"rotation":0,"texture":"#0"}},"rotation":{"origin":[8.957745,6.534319,11.596457],"angle":-22.5,"axis":"z"}},{"from":[8.349532,6.678648,0.831666],"to":[11.349532,13.678646,3.831666],"faces":{"east":{"uv":[2.75,9.5,2.9375,9.9375],"tintindex":0,"rotation":0,"texture":"#0"},"south":{"uv":[9.5,2.8125,9.6875,3.25],"tintindex":0,"rotation":0,"texture":"#0"},"north":{"uv":[1.0,9.5,1.1875,9.9375],"tintindex":0,"rotation":0,"texture":"#0"},"west":{"uv":[9.5,4.4375,9.6875,4.875],"tintindex":0,"rotation":0,"texture":"#0"},"up":{"uv":[5.0,11.0625,4.8125,10.875],"tintindex":0,"rotation":0,"texture":"#0"},"down":{"uv":[5.25,10.875,5.0625,11.0625],"tintindex":0,"rotation":0,"texture":"#0"}},"rotation":{"origin":[10.349532,10.478647,3.1316662],"angle":-22.5,"axis":"x"}},{"from":[6.907202,0.033980563,8.41231],"to":[9.507202,2.6339805,14.01231],"faces":{"east":{"uv":[9.5625,7.6875,9.9375,7.875],"tintindex":0,"rotation":0,"texture":"#0"},"south":{"uv":[6.0625,10.875,6.25,11.0625],"tintindex":0,"rotation":0,"texture":"#0"},"north":{"uv":[10.875,5.25,11.0625,5.4375],"tintindex":0,"rotation":0,"texture":"#0"},"west":{"uv":[9.8125,5.8125,10.1875,6.0],"tintindex":0,"rotation":0,"texture":"#0"},"up":{"uv":[5.75,10.25,5.5625,9.875],"tintindex":0,"rotation":0,"texture":"#0"},"down":{"uv":[8.375,9.875,8.1875,10.25],"tintindex":0,"rotation":0,"texture":"#0"}},"rotation":{"origin":[16.207203,7.3339806,14.21231],"angle":22.5,"axis":"x"}}],"display":{"gui":{"rotation":[30,225,0]}}}