{"textures":{"0":"modelengine:entity/nocsy_drakonin5"},"elements":[{"from":[4.242255,4.534319,6.196457],"to":[8.242255,8.534319,13.196457],"faces":{"east":{"uv":[8.4375,4.125,8.875,4.375],"tintindex":0,"rotation":0,"texture":"#0"},"south":{"uv":[10.3125,1.75,10.5625,2.0],"tintindex":0,"rotation":0,"texture":"#0"},"north":{"uv":[10.25,10.0625,10.5,10.3125],"tintindex":0,"rotation":0,"texture":"#0"},"west":{"uv":[8.5,2.75,8.9375,3.0],"tintindex":0,"rotation":0,"texture":"#0"},"up":{"uv":[3.125,9.0,2.875,8.5625],"tintindex":0,"rotation":0,"texture":"#0"},"down":{"uv":[8.8125,3.0625,8.5625,3.5],"tintindex":0,"rotation":0,"texture":"#0"}},"rotation":{"origin":[7.0422554,6.534319,11.596457],"angle":22.5,"axis":"z"}},{"from":[6.192798,-1.5328853,3.19652],"to":[8.792798,1.0671146,8.79652],"faces":{"east":{"uv":[3.0,9.9375,3.375,10.125],"tintindex":0,"rotation":0,"texture":"#0"},"south":{"uv":[10.875,8.875,11.0625,9.0625],"tintindex":0,"rotation":0,"texture":"#0"},"north":{"uv":[10.875,8.625,11.0625,8.8125],"tintindex":0,"rotation":0,"texture":"#0"},"west":{"uv":[3.4375,9.9375,3.8125,10.125],"tintindex":0,"rotation":0,"texture":"#0"},"up":{"uv":[4.0625,10.3125,3.875,9.9375],"tintindex":0,"rotation":0,"texture":"#0"},"down":{"uv":[4.3125,9.9375,4.125,10.3125],"tintindex":0,"rotation":0,"texture":"#0"}},"rotation":{"origin":[7.792798,0.16711426,7.99652],"angle":45.0,"axis":"x"}},{"from":[4.650468,6.678648,0.831666],"to":[7.650468,13.678646,3.831666],"faces":{"east":{"uv":[9.5,9.4375,9.6875,9.875],"tintindex":0,"rotation":0,"texture":"#0"},"south":{"uv":[4.4375,9.5625,4.625,10.0],"tintindex":0,"rotation":0,"texture":"#0"},"north":{"uv":[9.5,4.9375,9.6875,5.375],"tintindex":0,"rotation":0,"texture":"#0"},"west":{"uv":[4.6875,9.5625,4.875,10.0],"tintindex":0,"rotation":0,"texture":"#0"},"up":{"uv":[8.0,11.0625,7.8125,10.875],"tintindex":0,"rotation":0,"texture":"#0"},"down":{"uv":[11.0625,7.875,10.875,8.0625],"tintindex":0,"rotation":0,"texture":"#0"}},"rotation":{"origin":[5.650468,10.478647,3.1316662],"angle":-22.5,"axis":"x"}},{"from":[6.492798,0.033980563,8.41231],"to":[9.092798,2.6339805,14.01231],"faces":{"east":{"uv":[1.5625,9.9375,1.9375,10.125],"tintindex":0,"rotation":0,"texture":"#0"},"south":{"uv":[10.875,8.375,11.0625,8.5625],"tintindex":0,"rotation":0,"texture":"#0"},"north":{"uv":[10.875,8.125,11.0625,8.3125],"tintindex":0,"rotation":0,"texture":"#0"},"west":{"uv":[2.0,9.9375,2.375,10.125],"tintindex":0,"rotation":0,"texture":"#0"},"up":{"uv":[10.125,2.75,9.9375,2.375],"tintindex":0,"rotation":0,"texture":"#0"},"down":{"uv":[2.625,9.9375,2.4375,10.3125],"tintindex":0,"rotation":0,"texture":"#0"}},"rotation":{"origin":[-0.20720196,7.3339806,14.21231],"angle":22.5,"axis":"x"}}],"display":{"gui":{"rotation":[30,225,0]}}}