{"textures":{"0":"modelengine:entity/nocsy_drakonin5"},"elements":[{"from":[6.733876,6.7025,3.799746],"to":[9.233876,9.202499,5.7997456],"faces":{"east":{"uv":[8.625,9.5625,8.875,9.875],"tintindex":0,"rotation":0,"texture":"#0"},"south":{"uv":[3.75,8.625,4.0625,8.9375],"tintindex":0,"rotation":0,"texture":"#0"},"north":{"uv":[8.625,0.75,8.9375,1.0625],"tintindex":0,"rotation":0,"texture":"#0"},"west":{"uv":[8.9375,9.5625,9.1875,9.875],"tintindex":0,"rotation":0,"texture":"#0"},"up":{"uv":[0.5625,9.875,0.25,9.625],"tintindex":0,"rotation":0,"texture":"#0"},"down":{"uv":[2.0625,9.625,1.75,9.875],"tintindex":0,"rotation":0,"texture":"#0"}}},{"from":[-4.3015795,7.2075,10.863313],"to":[1.1884203,8.6975,12.3533125],"faces":{"east":{"uv":[10.75,10.625,10.9375,10.8125],"tintindex":0,"rotation":0,"texture":"#0"},"south":{"uv":[7.8125,1.3125,8.5,1.5],"tintindex":0,"rotation":0,"texture":"#0"},"north":{"uv":[7.6875,5.1875,8.375,5.375],"tintindex":0,"rotation":0,"texture":"#0"},"west":{"uv":[10.8125,0.25,11.0,0.4375],"tintindex":0,"rotation":0,"texture":"#0"},"up":{"uv":[8.5,7.5,7.8125,7.3125],"tintindex":0,"rotation":0,"texture":"#0"},"down":{"uv":[1.8125,7.875,1.125,8.0625],"tintindex":0,"rotation":0,"texture":"#0"}},"rotation":{"origin":[-3.0565796,7.9525,11.608313],"angle":45.0,"axis":"y"}},{"from":[-4.662655,7.2025,11.426421],"to":[-3.1626549,8.702499,16.926422],"faces":{"east":{"uv":[1.875,7.875,2.5625,8.0625],"tintindex":0,"rotation":0,"texture":"#0"},"south":{"uv":[10.8125,5.0,11.0,5.1875],"tintindex":0,"rotation":0,"texture":"#0"},"north":{"uv":[10.8125,3.8125,11.0,4.0],"tintindex":0,"rotation":0,"texture":"#0"},"west":{"uv":[7.875,6.8125,8.5625,7.0],"tintindex":0,"rotation":0,"texture":"#0"},"up":{"uv":[5.0625,8.5,4.875,7.8125],"tintindex":0,"rotation":0,"texture":"#0"},"down":{"uv":[2.8125,7.9375,2.625,8.625],"tintindex":0,"rotation":0,"texture":"#0"}},"rotation":{"origin":[-5.912655,7.9525,12.176421],"angle":-22.5,"axis":"y"}},{"from":[-0.5019436,7.2025,4.973771],"to":[7.9980564,8.702499,6.473771],"faces":{"east":{"uv":[10.75,6.25,10.9375,6.4375],"tintindex":0,"rotation":0,"texture":"#0"},"south":{"uv":[3.875,6.4375,4.9375,6.625],"tintindex":0,"rotation":0,"texture":"#0"},"north":{"uv":[2.75,6.25,3.8125,6.4375],"tintindex":0,"rotation":0,"texture":"#0"},"west":{"uv":[9.3125,10.75,9.5,10.9375],"tintindex":0,"rotation":0,"texture":"#0"},"up":{"uv":[3.8125,6.6875,2.75,6.5],"tintindex":0,"rotation":0,"texture":"#0"},"down":{"uv":[7.6875,6.125,6.625,6.3125],"tintindex":0,"rotation":0,"texture":"#0"}},"rotation":{"origin":[7.2480564,7.9525,6.723771],"angle":22.5,"axis":"y"}},{"from":[-8.001944,8.002501,4.973771],"to":[7.9980564,8.1025,25.473772],"faces":{"east":{"uv":[7.1875,5.6875,9.75,5.75],"tintindex":0,"rotation":0,"texture":"#0"},"south":{"uv":[8.0625,0.625,10.0625,0.6875],"tintindex":0,"rotation":0,"texture":"#0"},"north":{"uv":[7.8125,1.5625,9.8125,1.625],"tintindex":0,"rotation":0,"texture":"#0"},"west":{"uv":[7.1875,5.8125,9.75,5.875],"tintindex":0,"rotation":0,"texture":"#0"},"up":{"uv":[2.0,2.5625,0.0,0.0],"tintindex":0,"rotation":0,"texture":"#0"},"down":{"uv":[4.0625,0.0,2.0625,2.5625],"tintindex":0,"rotation":0,"texture":"#0"}}},{"from":[6.433876,6.9525,1.799746],"to":[8.433876,8.952499,5.2997456],"faces":{"east":{"uv":[8.25,6.5,8.6875,6.75],"tintindex":0,"rotation":0,"texture":"#0"},"south":{"uv":[10.25,0.3125,10.5,0.5625],"tintindex":0,"rotation":0,"texture":"#0"},"north":{"uv":[10.25,0.0,10.5,0.25],"tintindex":0,"rotation":0,"texture":"#0"},"west":{"uv":[3.75,8.3125,4.1875,8.5625],"tintindex":0,"rotation":0,"texture":"#0"},"up":{"uv":[4.5,8.75,4.25,8.3125],"tintindex":0,"rotation":0,"texture":"#0"},"down":{"uv":[4.8125,8.3125,4.5625,8.75],"tintindex":0,"rotation":0,"texture":"#0"}},"rotation":{"origin":[7.483876,7.4525,3.049746],"angle":22.5,"axis":"y"}}],"display":{"gui":{"rotation":[30,225,0]}}}