{"textures":{"0":"modelengine:entity/nocsy_drakonin5"},"elements":[{"from":[5.7,6.86298,3.6138897],"to":[8.7,12.86298,6.6138897],"faces":{"east":{"uv":[6.4375,9.9375,6.625,10.3125],"tintindex":0,"rotation":0,"texture":"#0"},"south":{"uv":[6.6875,9.9375,6.875,10.3125],"tintindex":0,"rotation":0,"texture":"#0"},"north":{"uv":[5.8125,9.9375,6.0,10.3125],"tintindex":0,"rotation":0,"texture":"#0"},"west":{"uv":[6.9375,9.9375,7.125,10.3125],"tintindex":0,"rotation":0,"texture":"#0"},"up":{"uv":[11.0625,9.3125,10.875,9.125],"tintindex":0,"rotation":0,"texture":"#0"},"down":{"uv":[11.0625,10.3125,10.875,10.5],"tintindex":0,"rotation":0,"texture":"#0"}},"rotation":{"origin":[5.8,10.46298,7.7138896],"angle":-45.0,"axis":"x"}},{"from":[4.3,2.9629803,5.3138895],"to":[9.3,8.96298,11.3138895],"faces":{"east":{"uv":[7.25,4.375,7.625,4.75],"tintindex":0,"rotation":0,"texture":"#0"},"south":{"uv":[6.5,8.125,6.8125,8.5],"tintindex":0,"rotation":0,"texture":"#0"},"north":{"uv":[8.125,2.9375,8.4375,3.3125],"tintindex":0,"rotation":0,"texture":"#0"},"west":{"uv":[6.9375,7.3125,7.3125,7.6875],"tintindex":0,"rotation":0,"texture":"#0"},"up":{"uv":[7.1875,8.5,6.875,8.125],"tintindex":0,"rotation":0,"texture":"#0"},"down":{"uv":[7.5625,8.125,7.25,8.5],"tintindex":0,"rotation":0,"texture":"#0"}},"rotation":{"origin":[11.5,7.9629803,9.3138895],"angle":-22.5,"axis":"x"}},{"from":[0.6000004,7.0629807,8.61389],"to":[3.6000004,13.062981,11.61389],"faces":{"east":{"uv":[7.1875,9.9375,7.375,10.3125],"tintindex":0,"rotation":0,"texture":"#0"},"south":{"uv":[7.4375,9.9375,7.625,10.3125],"tintindex":0,"rotation":0,"texture":"#0"},"north":{"uv":[9.9375,7.125,10.125,7.5],"tintindex":0,"rotation":0,"texture":"#0"},"west":{"uv":[8.4375,9.9375,8.625,10.3125],"tintindex":0,"rotation":0,"texture":"#0"},"up":{"uv":[10.9375,11.0625,10.75,10.875],"tintindex":0,"rotation":0,"texture":"#0"},"down":{"uv":[11.125,0.0,10.9375,0.1875],"tintindex":0,"rotation":0,"texture":"#0"}},"rotation":{"origin":[5.2,11.86298,10.11389],"angle":45.0,"axis":"z"}},{"from":[3.8000002,7.9629803,5.713889],"to":[7.8,12.96298,9.713889],"faces":{"east":{"uv":[9.75,3.1875,10.0,3.5],"tintindex":0,"rotation":0,"texture":"#0"},"south":{"uv":[9.75,4.4375,10.0,4.75],"tintindex":0,"rotation":0,"texture":"#0"},"north":{"uv":[9.75,2.8125,10.0,3.125],"tintindex":0,"rotation":0,"texture":"#0"},"west":{"uv":[9.75,4.8125,10.0,5.125],"tintindex":0,"rotation":0,"texture":"#0"},"up":{"uv":[10.5625,3.0,10.3125,2.75],"tintindex":0,"rotation":0,"texture":"#0"},"down":{"uv":[10.5625,4.4375,10.3125,4.6875],"tintindex":0,"rotation":0,"texture":"#0"}},"rotation":{"origin":[6.8,10.46298,7.7138896],"angle":22.5,"axis":"z"}}],"display":{"gui":{"rotation":[30,225,0]}}}