{"textures":{"0":"modelengine:entity/nocsy_drakonin5"},"elements":[{"from":[4.5,8.111329,6.949988],"to":[11.5,15.111329,12.949987],"faces":{"east":{"uv":[6.75,4.9375,7.125,5.375],"tintindex":0,"rotation":0,"texture":"#0"},"south":{"uv":[3.875,6.6875,4.3125,7.125],"tintindex":0,"rotation":0,"texture":"#0"},"north":{"uv":[5.0,6.4375,5.4375,6.875],"tintindex":0,"rotation":0,"texture":"#0"},"west":{"uv":[6.5,6.875,6.875,7.3125],"tintindex":0,"rotation":0,"texture":"#0"},"up":{"uv":[7.1875,3.375,6.75,3.0],"tintindex":0,"rotation":0,"texture":"#0"},"down":{"uv":[5.3125,6.9375,4.875,7.3125],"tintindex":0,"rotation":0,"texture":"#0"}}},{"from":[4.51,14.245261,6.2280493],"to":[11.49,18.22526,12.208049],"faces":{"east":{"uv":[2.25,8.6875,2.625,8.9375],"tintindex":0,"rotation":0,"texture":"#0"},"south":{"uv":[8.4375,2.125,8.875,2.375],"tintindex":0,"rotation":0,"texture":"#0"},"north":{"uv":[8.4375,1.8125,8.875,2.0625],"tintindex":0,"rotation":0,"texture":"#0"},"west":{"uv":[3.1875,8.6875,3.5625,8.9375],"tintindex":0,"rotation":0,"texture":"#0"},"up":{"uv":[7.375,7.25,6.9375,6.875],"tintindex":0,"rotation":0,"texture":"#0"},"down":{"uv":[4.1875,7.1875,3.75,7.5625],"tintindex":0,"rotation":0,"texture":"#0"}},"rotation":{"origin":[7.5,16.51315,10.381875],"angle":-22.5,"axis":"x"}}],"display":{"gui":{"rotation":[30,225,0]}}}