{"textures":{"0":"modelengine:entity/nocsy_drakonin5"},"elements":[{"from":[6.7000003,2.9629803,4.31389],"to":[11.7,9.96298,11.3138895],"faces":{"east":{"uv":[7.1875,0.0,6.75,0.4375],"tintindex":0,"rotation":0,"texture":"#0"},"south":{"uv":[8.125,0.8125,7.8125,1.25],"tintindex":0,"rotation":0,"texture":"#0"},"north":{"uv":[8.0,7.75,7.6875,8.1875],"tintindex":0,"rotation":0,"texture":"#0"},"west":{"uv":[6.4375,6.6875,6.0,7.125],"tintindex":0,"rotation":0,"texture":"#0"},"up":{"uv":[7.8125,3.875,8.125,3.4375],"tintindex":0,"rotation":0,"texture":"#0"},"down":{"uv":[4.5,7.8125,4.8125,8.25],"tintindex":0,"rotation":0,"texture":"#0"}},"rotation":{"origin":[4.5,7.9629803,9.3138895],"angle":-22.5,"axis":"x"}},{"from":[6.1000004,8.16298,1.9138899],"to":[10.1,14.16298,5.91389],"faces":{"east":{"uv":[9.25,6.75,9.0,7.125],"tintindex":0,"rotation":0,"texture":"#0"},"south":{"uv":[6.1875,9.0,5.9375,9.375],"tintindex":0,"rotation":0,"texture":"#0"},"north":{"uv":[3.75,9.0,3.5,9.375],"tintindex":0,"rotation":0,"texture":"#0"},"west":{"uv":[4.0625,9.0,3.8125,9.375],"tintindex":0,"rotation":0,"texture":"#0"},"up":{"uv":[6.9375,10.625,7.1875,10.375],"tintindex":0,"rotation":0,"texture":"#0"},"down":{"uv":[7.25,10.375,7.5,10.625],"tintindex":0,"rotation":0,"texture":"#0"}},"rotation":{"origin":[10.0,11.76298,7.0138903],"angle":-45.0,"axis":"x"}},{"from":[8.700001,8.562981,5.01389],"to":[12.7,14.562981,9.01389],"faces":{"east":{"uv":[3.4375,9.0,3.1875,9.375],"tintindex":0,"rotation":0,"texture":"#0"},"south":{"uv":[2.8125,9.0,2.5625,9.375],"tintindex":0,"rotation":0,"texture":"#0"},"north":{"uv":[7.3125,8.875,7.0625,9.25],"tintindex":0,"rotation":0,"texture":"#0"},"west":{"uv":[2.5,9.0,2.25,9.375],"tintindex":0,"rotation":0,"texture":"#0"},"up":{"uv":[6.3125,10.625,6.5625,10.375],"tintindex":0,"rotation":0,"texture":"#0"},"down":{"uv":[6.625,10.375,6.875,10.625],"tintindex":0,"rotation":0,"texture":"#0"}},"rotation":{"origin":[9.0,11.76298,7.0138903],"angle":-22.5,"axis":"z"}},{"from":[12.6,7.9629803,7.91389],"to":[15.6,13.96298,10.91389],"faces":{"east":{"uv":[10.25,9.0625,10.0625,9.4375],"tintindex":0,"rotation":0,"texture":"#0"},"south":{"uv":[10.25,8.625,10.0625,9.0],"tintindex":0,"rotation":0,"texture":"#0"},"north":{"uv":[4.8125,10.0625,4.625,10.4375],"tintindex":0,"rotation":0,"texture":"#0"},"west":{"uv":[10.25,8.1875,10.0625,8.5625],"tintindex":0,"rotation":0,"texture":"#0"},"up":{"uv":[8.3125,11.125,8.5,10.9375],"tintindex":0,"rotation":0,"texture":"#0"},"down":{"uv":[8.5625,10.9375,8.75,11.125],"tintindex":0,"rotation":0,"texture":"#0"}},"rotation":{"origin":[10.6,13.16298,9.41389],"angle":-45.0,"axis":"z"}}],"display":{"gui":{"rotation":[30,225,0]}}}