{"textures":{"0":"modelengine:entity/nocsy_drakonin5"},"elements":[{"from":[12.4,7.0629807,8.61389],"to":[15.4,13.062981,11.61389],"faces":{"east":{"uv":[8.625,9.9375,8.4375,10.3125],"tintindex":0,"rotation":0,"texture":"#0"},"south":{"uv":[7.625,9.9375,7.4375,10.3125],"tintindex":0,"rotation":0,"texture":"#0"},"north":{"uv":[10.125,7.125,9.9375,7.5],"tintindex":0,"rotation":0,"texture":"#0"},"west":{"uv":[7.375,9.9375,7.1875,10.3125],"tintindex":0,"rotation":0,"texture":"#0"},"up":{"uv":[10.75,11.0625,10.9375,10.875],"tintindex":0,"rotation":0,"texture":"#0"},"down":{"uv":[10.9375,0.0,11.125,0.1875],"tintindex":0,"rotation":0,"texture":"#0"}},"rotation":{"origin":[10.8,11.86298,10.11389],"angle":-45.0,"axis":"z"}},{"from":[6.7,2.9629803,5.3138895],"to":[11.7,8.96298,11.3138895],"faces":{"east":{"uv":[7.3125,7.3125,6.9375,7.6875],"tintindex":0,"rotation":0,"texture":"#0"},"south":{"uv":[6.8125,8.125,6.5,8.5],"tintindex":0,"rotation":0,"texture":"#0"},"north":{"uv":[8.4375,2.9375,8.125,3.3125],"tintindex":0,"rotation":0,"texture":"#0"},"west":{"uv":[7.625,4.375,7.25,4.75],"tintindex":0,"rotation":0,"texture":"#0"},"up":{"uv":[6.875,8.5,7.1875,8.125],"tintindex":0,"rotation":0,"texture":"#0"},"down":{"uv":[7.25,8.125,7.5625,8.5],"tintindex":0,"rotation":0,"texture":"#0"}},"rotation":{"origin":[4.5,7.9629803,9.3138895],"angle":-22.5,"axis":"x"}},{"from":[8.2,7.9629803,5.713889],"to":[12.2,12.96298,9.713889],"faces":{"east":{"uv":[10.0,4.8125,9.75,5.125],"tintindex":0,"rotation":0,"texture":"#0"},"south":{"uv":[10.0,4.4375,9.75,4.75],"tintindex":0,"rotation":0,"texture":"#0"},"north":{"uv":[10.0,2.8125,9.75,3.125],"tintindex":0,"rotation":0,"texture":"#0"},"west":{"uv":[10.0,3.1875,9.75,3.5],"tintindex":0,"rotation":0,"texture":"#0"},"up":{"uv":[10.3125,3.0,10.5625,2.75],"tintindex":0,"rotation":0,"texture":"#0"},"down":{"uv":[10.3125,4.4375,10.5625,4.6875],"tintindex":0,"rotation":0,"texture":"#0"}},"rotation":{"origin":[9.2,10.46298,7.7138896],"angle":-22.5,"axis":"z"}},{"from":[7.3,6.86298,3.6138897],"to":[10.3,12.86298,6.6138897],"faces":{"east":{"uv":[7.125,9.9375,6.9375,10.3125],"tintindex":0,"rotation":0,"texture":"#0"},"south":{"uv":[6.875,9.9375,6.6875,10.3125],"tintindex":0,"rotation":0,"texture":"#0"},"north":{"uv":[6.0,9.9375,5.8125,10.3125],"tintindex":0,"rotation":0,"texture":"#0"},"west":{"uv":[6.625,9.9375,6.4375,10.3125],"tintindex":0,"rotation":0,"texture":"#0"},"up":{"uv":[10.875,9.3125,11.0625,9.125],"tintindex":0,"rotation":0,"texture":"#0"},"down":{"uv":[10.875,10.3125,11.0625,10.5],"tintindex":0,"rotation":0,"texture":"#0"}},"rotation":{"origin":[10.2,10.46298,7.7138896],"angle":-45.0,"axis":"x"}}],"display":{"gui":{"rotation":[30,225,0]}}}