{"textures":{"0":"modelengine:entity/nocsy_drakonin5"},"elements":[{"from":[7.1963644,6.822788,7.0],"to":[9.696364,8.822788,9.0],"faces":{"east":{"uv":[10.25,3.5,10.5,3.75],"tintindex":0,"rotation":0,"texture":"#0"},"south":{"uv":[9.625,6.3125,9.9375,6.5625],"tintindex":0,"rotation":0,"texture":"#0"},"north":{"uv":[9.625,2.0625,9.9375,2.3125],"tintindex":0,"rotation":0,"texture":"#0"},"west":{"uv":[10.25,3.8125,10.5,4.0625],"tintindex":0,"rotation":0,"texture":"#0"},"up":{"uv":[6.8125,9.875,6.5,9.625],"tintindex":0,"rotation":0,"texture":"#0"},"down":{"uv":[7.1875,9.625,6.875,9.875],"tintindex":0,"rotation":0,"texture":"#0"}}},{"from":[9.196364,7.072788,7.2],"to":[15.696364,8.572788,8.7],"faces":{"east":{"uv":[10.8125,5.625,11.0,5.8125],"tintindex":0,"rotation":0,"texture":"#0"},"south":{"uv":[2.75,7.25,3.5625,7.4375],"tintindex":0,"rotation":0,"texture":"#0"},"north":{"uv":[7.25,2.6875,8.0625,2.875],"tintindex":0,"rotation":0,"texture":"#0"},"west":{"uv":[10.8125,7.375,11.0,7.5625],"tintindex":0,"rotation":0,"texture":"#0"},"up":{"uv":[8.0625,3.125,7.25,2.9375],"tintindex":0,"rotation":0,"texture":"#0"},"down":{"uv":[8.0625,3.1875,7.25,3.375],"tintindex":0,"rotation":0,"texture":"#0"}}},{"from":[15.53715,7.077788,3.4801264],"to":[17.02715,8.567787,6.970126],"faces":{"east":{"uv":[9.375,3.8125,9.8125,4.0],"tintindex":0,"rotation":0,"texture":"#0"},"south":{"uv":[10.8125,9.5625,11.0,9.75],"tintindex":0,"rotation":0,"texture":"#0"},"north":{"uv":[7.5625,10.8125,7.75,11.0],"tintindex":0,"rotation":0,"texture":"#0"},"west":{"uv":[9.375,4.0625,9.8125,4.25],"tintindex":0,"rotation":0,"texture":"#0"},"up":{"uv":[2.4375,9.875,2.25,9.4375],"tintindex":0,"rotation":0,"texture":"#0"},"down":{"uv":[2.6875,9.4375,2.5,9.875],"tintindex":0,"rotation":0,"texture":"#0"}},"rotation":{"origin":[14.28215,7.822788,6.2251263],"angle":-45.0,"axis":"y"}},{"from":[17.398026,7.072788,2.5713243],"to":[18.898026,8.572788,6.0713243],"faces":{"east":{"uv":[9.4375,0.75,9.875,0.9375],"tintindex":0,"rotation":0,"texture":"#0"},"south":{"uv":[10.8125,10.0625,11.0,10.25],"tintindex":0,"rotation":0,"texture":"#0"},"north":{"uv":[10.8125,9.8125,11.0,10.0],"tintindex":0,"rotation":0,"texture":"#0"},"west":{"uv":[9.4375,2.5625,9.875,2.75],"tintindex":0,"rotation":0,"texture":"#0"},"up":{"uv":[3.375,9.875,3.1875,9.4375],"tintindex":0,"rotation":0,"texture":"#0"},"down":{"uv":[3.625,9.4375,3.4375,9.875],"tintindex":0,"rotation":0,"texture":"#0"}},"rotation":{"origin":[18.148026,7.822788,4.3213243],"angle":-22.5,"axis":"y"}},{"from":[8.283844,7.872788,3.1453495],"to":[18.783844,7.972788,23.64535],"faces":{"east":{"uv":[7.1875,5.9375,9.75,6.0],"tintindex":0,"rotation":0,"texture":"#0"},"south":{"uv":[9.375,4.3125,10.6875,4.375],"tintindex":0,"rotation":0,"texture":"#0"},"north":{"uv":[9.3125,7.0,10.625,7.0625],"tintindex":0,"rotation":0,"texture":"#0"},"west":{"uv":[7.25,0.0,9.8125,0.0625],"tintindex":0,"rotation":0,"texture":"#0"},"up":{"uv":[1.3125,7.8125,0.0,5.25],"tintindex":0,"rotation":0,"texture":"#0"},"down":{"uv":[2.6875,5.25,1.375,7.8125],"tintindex":0,"rotation":0,"texture":"#0"}}}],"display":{"gui":{"rotation":[30,225,0]}}}