{"textures":{"0":"modelengine:entity/nocsy_drakonin5"},"elements":[{"from":[7.566124,6.9525,1.799746],"to":[9.566124,8.952499,5.2997456],"faces":{"east":{"uv":[5.9375,8.3125,6.375,8.5625],"tintindex":0,"rotation":0,"texture":"#0"},"south":{"uv":[10.25,5.625,10.5,5.875],"tintindex":0,"rotation":0,"texture":"#0"},"north":{"uv":[5.1875,10.25,5.4375,10.5],"tintindex":0,"rotation":0,"texture":"#0"},"west":{"uv":[0.0,8.375,0.4375,8.625],"tintindex":0,"rotation":0,"texture":"#0"},"up":{"uv":[0.75,8.8125,0.5,8.375],"tintindex":0,"rotation":0,"texture":"#0"},"down":{"uv":[1.0625,8.375,0.8125,8.8125],"tintindex":0,"rotation":0,"texture":"#0"}},"rotation":{"origin":[8.516124,7.4525,3.049746],"angle":-22.5,"axis":"y"}},{"from":[14.81158,7.2075,10.863313],"to":[20.30158,8.6975,12.3533125],"faces":{"east":{"uv":[2.0,10.875,2.1875,11.0625],"tintindex":0,"rotation":0,"texture":"#0"},"south":{"uv":[2.875,7.9375,3.5625,8.125],"tintindex":0,"rotation":0,"texture":"#0"},"north":{"uv":[7.875,7.0625,8.5625,7.25],"tintindex":0,"rotation":0,"texture":"#0"},"west":{"uv":[10.875,2.9375,11.0625,3.125],"tintindex":0,"rotation":0,"texture":"#0"},"up":{"uv":[8.75,0.5625,8.0625,0.375],"tintindex":0,"rotation":0,"texture":"#0"},"down":{"uv":[4.3125,8.0625,3.625,8.25],"tintindex":0,"rotation":0,"texture":"#0"}},"rotation":{"origin":[19.05658,7.9525,11.608313],"angle":-45.0,"axis":"y"}},{"from":[8.001944,7.2025,4.973771],"to":[16.501944,8.702499,6.473771],"faces":{"east":{"uv":[10.875,1.25,11.0625,1.4375],"tintindex":0,"rotation":0,"texture":"#0"},"south":{"uv":[6.625,6.625,7.6875,6.8125],"tintindex":0,"rotation":0,"texture":"#0"},"north":{"uv":[6.625,6.375,7.6875,6.5625],"tintindex":0,"rotation":0,"texture":"#0"},"west":{"uv":[10.875,1.5,11.0625,1.6875],"tintindex":0,"rotation":0,"texture":"#0"},"up":{"uv":[7.75,3.625,6.6875,3.4375],"tintindex":0,"rotation":0,"texture":"#0"},"down":{"uv":[7.75,3.6875,6.6875,3.875],"tintindex":0,"rotation":0,"texture":"#0"}},"rotation":{"origin":[8.751944,7.9525,6.723771],"angle":-22.5,"axis":"y"}},{"from":[19.162655,7.2025,11.426421],"to":[20.662655,8.702499,16.926422],"faces":{"east":{"uv":[8.0625,7.5625,8.75,7.75],"tintindex":0,"rotation":0,"texture":"#0"},"south":{"uv":[10.875,4.625,11.0625,4.8125],"tintindex":0,"rotation":0,"texture":"#0"},"north":{"uv":[10.875,4.375,11.0625,4.5625],"tintindex":0,"rotation":0,"texture":"#0"},"west":{"uv":[8.0625,7.8125,8.75,8.0],"tintindex":0,"rotation":0,"texture":"#0"},"up":{"uv":[5.3125,8.75,5.125,8.0625],"tintindex":0,"rotation":0,"texture":"#0"},"down":{"uv":[5.5625,8.0625,5.375,8.75],"tintindex":0,"rotation":0,"texture":"#0"}},"rotation":{"origin":[21.912655,7.9525,12.176421],"angle":22.5,"axis":"y"}},{"from":[8.001944,8.002501,4.973771],"to":[24.001944,8.1025,25.473772],"faces":{"east":{"uv":[7.25,0.125,9.8125,0.1875],"tintindex":0,"rotation":0,"texture":"#0"},"south":{"uv":[8.125,1.6875,10.125,1.75],"tintindex":0,"rotation":0,"texture":"#0"},"north":{"uv":[8.0625,8.0625,10.0625,8.125],"tintindex":0,"rotation":0,"texture":"#0"},"west":{"uv":[7.25,0.25,9.8125,0.3125],"tintindex":0,"rotation":0,"texture":"#0"},"up":{"uv":[2.0,5.1875,0.0,2.625],"tintindex":0,"rotation":0,"texture":"#0"},"down":{"uv":[4.0625,2.625,2.0625,5.1875],"tintindex":0,"rotation":0,"texture":"#0"}}},{"from":[6.766124,6.7025,3.799746],"to":[9.266124,9.202499,5.7997456],"faces":{"east":{"uv":[1.25,9.6875,1.5,10.0],"tintindex":0,"rotation":0,"texture":"#0"},"south":{"uv":[8.625,6.0625,8.9375,6.375],"tintindex":0,"rotation":0,"texture":"#0"},"north":{"uv":[5.9375,8.625,6.25,8.9375],"tintindex":0,"rotation":0,"texture":"#0"},"west":{"uv":[9.6875,8.1875,9.9375,8.5],"tintindex":0,"rotation":0,"texture":"#0"},"up":{"uv":[10.0,8.8125,9.6875,8.5625],"tintindex":0,"rotation":0,"texture":"#0"},"down":{"uv":[10.0,8.875,9.6875,9.125],"tintindex":0,"rotation":0,"texture":"#0"}}}],"display":{"gui":{"rotation":[30,225,0]}}}