{"textures":{"0":"modelengine:entity/nocsy_drakonin5"},"elements":[{"from":[11.6,7.3857093,8.577297],"to":[15.6,7.3857093,16.577297],"faces":{"up":{"uv":[1.375,8.625,1.125,8.125],"tintindex":0,"rotation":0,"texture":"#0"},"down":{"uv":[1.6875,8.125,1.4375,8.625],"tintindex":0,"rotation":0,"texture":"#0"}},"rotation":{"origin":[12.5,8.085709,12.577297],"angle":-22.5,"axis":"z"}},{"from":[4.5,3.085709,6.577297],"to":[11.5,10.085709,13.577297],"faces":{"east":{"uv":[6.75,2.0,7.1875,2.4375],"tintindex":0,"rotation":0,"texture":"#0"},"south":{"uv":[6.75,2.5,7.1875,2.9375],"tintindex":0,"rotation":0,"texture":"#0"},"north":{"uv":[6.75,1.5,7.1875,1.9375],"tintindex":0,"rotation":0,"texture":"#0"},"west":{"uv":[2.75,6.75,3.1875,7.1875],"tintindex":0,"rotation":0,"texture":"#0"},"up":{"uv":[3.6875,7.1875,3.25,6.75],"tintindex":0,"rotation":0,"texture":"#0"},"down":{"uv":[7.1875,4.4375,6.75,4.875],"tintindex":0,"rotation":0,"texture":"#0"}},"rotation":{"origin":[6.5,5.7893925,12.753973],"angle":22.5,"axis":"x"}},{"from":[0.4000001,7.3857093,8.577297],"to":[4.4,7.3857093,16.577297],"faces":{"up":{"uv":[2.0,8.625,1.75,8.125],"tintindex":0,"rotation":0,"texture":"#0"},"down":{"uv":[8.375,1.8125,8.125,2.3125],"tintindex":0,"rotation":0,"texture":"#0"}},"rotation":{"origin":[3.5,8.085709,12.577297],"angle":22.5,"axis":"z"}}],"display":{"gui":{"rotation":[30,225,0]}}}