{"textures":{"0":"modelengine:entity/manticore_aether"},"elements":[{"from":[13.025,12.09054,-3.628151],"to":[13.025,17.09054,5.3718495],"faces":{"east":{"uv":[3.8125,8.0625,3.25,8.375],"tintindex":0,"rotation":0,"texture":"#0"},"west":{"uv":[3.25,8.0625,3.8125,8.375],"tintindex":0,"rotation":0,"texture":"#0"}},"rotation":{"origin":[13.025,14.59054,0.87184954],"angle":-22.5,"axis":"x"}},{"from":[2.975,12.09054,-3.628151],"to":[2.975,17.09054,5.3718495],"faces":{"east":{"uv":[3.8125,8.0625,3.25,8.375],"tintindex":0,"rotation":0,"texture":"#0"},"west":{"uv":[3.25,8.0625,3.8125,8.375],"tintindex":0,"rotation":0,"texture":"#0"}},"rotation":{"origin":[2.975,14.59054,0.87184954],"angle":-22.5,"axis":"x"}},{"from":[0.9749999,-1.1810837,-4.993698],"to":[15.025,11.818916,9.006302],"faces":{"east":{"uv":[2.25,4.125,3.125,4.9375],"tintindex":0,"rotation":0,"texture":"#0"},"south":{"uv":[4.0,3.375,4.875,4.1875],"tintindex":0,"rotation":0,"texture":"#0"},"north":{"uv":[4.0,3.375,4.875,4.1875],"tintindex":0,"rotation":0,"texture":"#0"},"west":{"uv":[4.125,4.25,5.0,5.0625],"tintindex":0,"rotation":0,"texture":"#0"},"up":{"uv":[4.5,0.875,3.625,0.0],"tintindex":0,"rotation":0,"texture":"#0"},"down":{"uv":[4.5,0.875,3.625,0.0],"tintindex":0,"rotation":0,"texture":"#0"}},"rotation":{"origin":[8.0,5.3189163,2.0063014],"angle":-22.5,"axis":"x"}}],"display":{"gui":{"rotation":[30,225,0]}}}