{"textures":{"0":"modelengine:entity/manticore_aether"},"elements":[{"from":[3.6157365,4.2482142,1.9357648],"to":[7.615736,8.248215,5.9357643],"faces":{"east":{"uv":[9.1875,5.3125,8.9375,5.5625],"tintindex":0,"rotation":0,"texture":"#0"},"south":{"uv":[4.375,8.9375,4.125,9.1875],"tintindex":0,"rotation":0,"texture":"#0"},"north":{"uv":[4.375,8.9375,4.125,9.1875],"tintindex":0,"rotation":0,"texture":"#0"},"west":{"uv":[4.375,8.9375,4.125,9.1875],"tintindex":0,"rotation":0,"texture":"#0"},"up":{"uv":[8.9375,6.125,9.1875,5.875],"tintindex":0,"rotation":0,"texture":"#0"},"down":{"uv":[8.9375,6.125,9.1875,5.875],"tintindex":0,"rotation":0,"texture":"#0"}},"rotation":{"origin":[5.6157365,6.2482142,3.9357643],"angle":22.5,"axis":"y"}},{"from":[8.354018,4.2482142,1.853692],"to":[12.354018,8.248215,5.853692],"faces":{"east":{"uv":[9.1875,5.3125,8.9375,5.5625],"tintindex":0,"rotation":0,"texture":"#0"},"south":{"uv":[4.375,8.9375,4.125,9.1875],"tintindex":0,"rotation":0,"texture":"#0"},"north":{"uv":[4.375,8.9375,4.125,9.1875],"tintindex":0,"rotation":0,"texture":"#0"},"west":{"uv":[9.1875,5.3125,8.9375,5.5625],"tintindex":0,"rotation":0,"texture":"#0"},"up":{"uv":[8.9375,6.125,9.1875,5.875],"tintindex":0,"rotation":0,"texture":"#0"},"down":{"uv":[8.9375,6.125,9.1875,5.875],"tintindex":0,"rotation":0,"texture":"#0"}},"rotation":{"origin":[10.354018,6.2482142,3.853692],"angle":-22.5,"axis":"y"}},{"from":[4.359777,4.223214,4.1089163],"to":[11.359777,8.198215,10.108916],"faces":{"east":{"uv":[8.9375,8.25,8.5625,8.5],"tintindex":0,"rotation":0,"texture":"#0"},"south":{"uv":[8.875,4.6875,8.4375,4.9375],"tintindex":0,"rotation":0,"texture":"#0"},"north":{"uv":[8.875,4.6875,8.4375,4.9375],"tintindex":0,"rotation":0,"texture":"#0"},"west":{"uv":[8.9375,8.25,8.5625,8.5],"tintindex":0,"rotation":0,"texture":"#0"},"up":{"uv":[6.75,5.0625,7.1875,4.6875],"tintindex":0,"rotation":0,"texture":"#0"},"down":{"uv":[6.75,5.0625,7.1875,4.6875],"tintindex":0,"rotation":0,"texture":"#0"}}},{"from":[6.100355,4.2732143,1.1016035],"to":[10.100355,8.273214,5.1016035],"faces":{"east":{"uv":[9.1875,5.3125,8.9375,5.5625],"tintindex":0,"rotation":0,"texture":"#0"},"south":{"uv":[4.375,8.9375,4.125,9.1875],"tintindex":0,"rotation":0,"texture":"#0"},"north":{"uv":[4.375,8.9375,4.125,9.1875],"tintindex":0,"rotation":0,"texture":"#0"},"west":{"uv":[9.1875,5.3125,8.9375,5.5625],"tintindex":0,"rotation":0,"texture":"#0"},"up":{"uv":[8.9375,6.125,9.1875,5.875],"tintindex":0,"rotation":0,"texture":"#0"},"down":{"uv":[8.9375,6.125,9.1875,5.875],"tintindex":0,"rotation":0,"texture":"#0"}}},{"from":[4.0850024,4.2482142,-1.7597532],"to":[4.0850024,8.248215,2.2402463],"faces":{"east":{"uv":[9.25,1.0,9.0,1.25],"tintindex":0,"rotation":0,"texture":"#0"},"west":{"uv":[9.0,1.0,9.25,1.25],"tintindex":0,"rotation":0,"texture":"#0"}},"rotation":{"origin":[4.0850024,6.2482142,0.2402463],"angle":22.5,"axis":"y"}},{"from":[11.884752,4.2482142,-1.8418264],"to":[11.884752,8.248215,2.158174],"faces":{"east":{"uv":[9.25,1.0,9.0,1.25],"tintindex":0,"rotation":0,"texture":"#0"},"west":{"uv":[9.0,1.0,9.25,1.25],"tintindex":0,"rotation":0,"texture":"#0"}},"rotation":{"origin":[11.884752,6.2482142,0.15817404],"angle":-22.5,"axis":"y"}},{"from":[8.100355,4.2732143,-2.8983965],"to":[8.100355,8.273214,1.1016035],"faces":{"east":{"uv":[9.25,1.0,9.0,1.25],"tintindex":0,"rotation":0,"texture":"#0"},"west":{"uv":[9.0,1.0,9.25,1.25],"tintindex":0,"rotation":0,"texture":"#0"}}}],"display":{"gui":{"rotation":[30,225,0]}}}