{"textures":{"0":"modelengine:entity/manticore_aether"},"elements":[{"from":[2.98487,-2.1982212,4.1538715],"to":[9.98487,8.801779,12.153872],"faces":{"east":{"uv":[2.0,6.875,1.5,7.5625],"tintindex":0,"rotation":0,"texture":"#0"},"south":{"uv":[1.125,7.0,0.6875,7.6875],"tintindex":0,"rotation":0,"texture":"#0"},"north":{"uv":[1.125,7.0,0.6875,7.6875],"tintindex":0,"rotation":0,"texture":"#0"},"west":{"uv":[2.0,6.875,1.5,7.5625],"tintindex":0,"rotation":0,"texture":"#0"},"up":{"uv":[7.125,8.0625,7.5625,7.5625],"tintindex":0,"rotation":0,"texture":"#0"},"down":{"uv":[7.125,8.0625,7.5625,7.5625],"tintindex":0,"rotation":0,"texture":"#0"}}},{"from":[9.98487,-2.1982212,8.153872],"to":[14.98487,8.801779,8.153872],"faces":{"south":{"uv":[5.6875,7.625,6.0,8.3125],"tintindex":0,"rotation":0,"texture":"#0"},"north":{"uv":[6.0,7.625,5.6875,8.3125],"tintindex":0,"rotation":0,"texture":"#0"}}},{"from":[9.93487,1.0311813,9.307154],"to":[9.93487,11.031181,18.307154],"faces":{"east":{"uv":[7.25,1.375,6.6875,2.0],"tintindex":0,"rotation":0,"texture":"#0"},"west":{"uv":[6.6875,1.375,7.25,2.0],"tintindex":0,"rotation":0,"texture":"#0"}},"rotation":{"origin":[9.93487,6.0311813,13.807154],"angle":-22.5,"axis":"x"}}],"display":{"gui":{"rotation":[30,225,0]}}}