{"textures":{"0":"modelengine:entity/manticore_aether"},"elements":[{"from":[4.0,16.752201,-1.3007412],"to":[4.0,21.752201,9.699259],"faces":{"east":{"uv":[4.5625,7.75,3.875,8.0625],"tintindex":0,"rotation":0,"texture":"#0"},"west":{"uv":[3.875,7.75,4.5625,8.0625],"tintindex":0,"rotation":0,"texture":"#0"}}},{"from":[2.0,4.752201,-5.300741],"to":[14.0,16.752201,9.699259],"faces":{"east":{"uv":[0.0,4.75,0.9375,5.5],"tintindex":0,"rotation":0,"texture":"#0"},"south":{"uv":[5.875,1.875,6.625,2.625],"tintindex":0,"rotation":0,"texture":"#0"},"north":{"uv":[5.875,1.0625,6.625,1.8125],"tintindex":0,"rotation":0,"texture":"#0"},"west":{"uv":[1.0,4.75,1.9375,5.5],"tintindex":0,"rotation":0,"texture":"#0"},"up":{"uv":[2.75,5.9375,2.0,5.0],"tintindex":0,"rotation":0,"texture":"#0"},"down":{"uv":[2.75,5.9375,2.0,5.0],"tintindex":0,"rotation":0,"texture":"#0"}}},{"from":[12.0,16.752201,-1.3007412],"to":[12.0,21.752201,9.699259],"faces":{"east":{"uv":[4.5625,7.75,3.875,8.0625],"tintindex":0,"rotation":0,"texture":"#0"},"west":{"uv":[3.875,7.75,4.5625,8.0625],"tintindex":0,"rotation":0,"texture":"#0"}}}],"display":{"gui":{"rotation":[30,225,0]}}}