{"textures":{"0":"modelengine:entity/toro_deep_creature"},"elements":[{"from":[2.0,12.0,1.1666665],"to":[4.333333,18.666668,3.5],"faces":{"east":{"uv":[0.3125,7.0625,0.53125,7.6875],"tintindex":0,"rotation":0,"texture":"#0"},"south":{"uv":[0.53125,7.0625,0.75,7.6875],"tintindex":0,"rotation":0,"texture":"#0"},"north":{"uv":[3.28125,7.0,3.5,7.625],"tintindex":0,"rotation":0,"texture":"#0"},"west":{"uv":[7.09375,6.625,7.3125,7.25],"tintindex":0,"rotation":0,"texture":"#0"},"up":{"uv":[8.59375,6.15625,8.375,5.9375],"tintindex":0,"rotation":0,"texture":"#0"},"down":{"uv":[8.625,2.84375,8.40625,3.0625],"tintindex":0,"rotation":0,"texture":"#0"}}},{"from":[2.833333,26.307943,7.9530563],"to":[6.5,30.97461,11.28639],"faces":{"east":{"uv":[7.0,2.375,7.3125,2.8125],"tintindex":0,"rotation":0,"texture":"#0"},"south":{"uv":[6.96875,6.1875,7.3125,6.625],"tintindex":0,"rotation":0,"texture":"#0"},"north":{"uv":[4.875,6.96875,5.21875,7.40625],"tintindex":0,"rotation":0,"texture":"#0"},"west":{"uv":[4.25,7.0,4.5625,7.4375],"tintindex":0,"rotation":0,"texture":"#0"},"up":{"uv":[7.8125,5.9375,7.46875,5.625],"tintindex":0,"rotation":0,"texture":"#0"},"down":{"uv":[7.6875,7.5625,7.34375,7.875],"tintindex":0,"rotation":0,"texture":"#0"}},"rotation":{"origin":[8.0,21.391277,11.369723],"angle":22.5,"axis":"z"}},{"from":[-0.33333397,13.333334,0.5],"to":[16.333334,20.0,7.5],"faces":{"east":{"uv":[4.0,0.5,4.65625,1.125],"tintindex":0,"rotation":0,"texture":"#0"},"south":{"uv":[1.5625,0.0,3.125,0.625],"tintindex":0,"rotation":0,"texture":"#0"},"north":{"uv":[0.0,1.3125,1.5625,1.9375],"tintindex":0,"rotation":0,"texture":"#0"},"west":{"uv":[0.5625,4.28125,1.21875,4.90625],"tintindex":0,"rotation":0,"texture":"#0"},"up":{"uv":[1.5625,0.65625,0.0,0.0],"tintindex":0,"rotation":0,"texture":"#0"},"down":{"uv":[1.5625,0.65625,0.0,1.3125],"tintindex":0,"rotation":0,"texture":"#0"}},"rotation":{"origin":[8.0,19.333334,-3.833334],"angle":-22.5,"axis":"x"}},{"from":[1.0,18.057943,6.3697233],"to":[5.6666665,25.391277,10.369723],"faces":{"east":{"uv":[5.6875,0.375,6.0625,1.0625],"tintindex":0,"rotation":0,"texture":"#0"},"south":{"uv":[3.8125,5.46875,4.25,6.15625],"tintindex":0,"rotation":0,"texture":"#0"},"north":{"uv":[5.40625,1.75,5.84375,2.4375],"tintindex":0,"rotation":0,"texture":"#0"},"west":{"uv":[5.09375,5.71875,5.46875,6.40625],"tintindex":0,"rotation":0,"texture":"#0"},"up":{"uv":[7.125,3.65625,6.6875,3.28125],"tintindex":0,"rotation":0,"texture":"#0"},"down":{"uv":[7.15625,1.5625,6.71875,1.9375],"tintindex":0,"rotation":0,"texture":"#0"}},"rotation":{"origin":[8.0,21.391277,11.369723],"angle":22.5,"axis":"x"}},{"from":[1.1666665,12.34944,3.3478737],"to":[14.833334,19.34944,10.347874],"faces":{"east":{"uv":[3.4375,4.25,4.09375,4.90625],"tintindex":0,"rotation":0,"texture":"#0"},"south":{"uv":[1.5625,1.28125,2.84375,1.9375],"tintindex":0,"rotation":0,"texture":"#0"},"north":{"uv":[1.5625,0.625,2.84375,1.28125],"tintindex":0,"rotation":0,"texture":"#0"},"west":{"uv":[4.09375,4.25,4.75,4.90625],"tintindex":0,"rotation":0,"texture":"#0"},"up":{"uv":[1.28125,2.59375,0.0,1.9375],"tintindex":0,"rotation":0,"texture":"#0"},"down":{"uv":[2.5625,1.9375,1.28125,2.59375],"tintindex":0,"rotation":0,"texture":"#0"}}},{"from":[6.833333,11.7432785,1.2731595],"to":[9.166667,18.409946,3.606493],"faces":{"east":{"uv":[7.25,5.125,7.46875,5.75],"tintindex":0,"rotation":0,"texture":"#0"},"south":{"uv":[6.65625,7.25,6.875,7.875],"tintindex":0,"rotation":0,"texture":"#0"},"north":{"uv":[7.25,3.90625,7.46875,4.53125],"tintindex":0,"rotation":0,"texture":"#0"},"west":{"uv":[6.875,7.25,7.09375,7.875],"tintindex":0,"rotation":0,"texture":"#0"},"up":{"uv":[8.65625,2.15625,8.4375,1.9375],"tintindex":0,"rotation":0,"texture":"#0"},"down":{"uv":[5.9375,8.4375,5.71875,8.65625],"tintindex":0,"rotation":0,"texture":"#0"}},"rotation":{"origin":[8.0,15.076612,2.439826],"angle":22.5,"axis":"x"}},{"from":[10.333334,18.057943,6.3697233],"to":[15.0,25.391277,10.369723],"faces":{"east":{"uv":[5.46875,5.8125,5.84375,6.5],"tintindex":0,"rotation":0,"texture":"#0"},"south":{"uv":[0.4375,5.5,0.875,6.1875],"tintindex":0,"rotation":0,"texture":"#0"},"north":{"uv":[0.0,5.5,0.4375,6.1875],"tintindex":0,"rotation":0,"texture":"#0"},"west":{"uv":[5.84375,1.75,6.21875,2.4375],"tintindex":0,"rotation":0,"texture":"#0"},"up":{"uv":[7.09375,7.25,6.65625,6.875],"tintindex":0,"rotation":0,"texture":"#0"},"down":{"uv":[2.09375,6.90625,1.65625,7.28125],"tintindex":0,"rotation":0,"texture":"#0"}},"rotation":{"origin":[8.0,21.391277,11.369723],"angle":22.5,"axis":"x"}},{"from":[11.666667,12.0,1.1666665],"to":[14.0,18.666668,3.5],"faces":{"east":{"uv":[7.15625,3.28125,7.375,3.90625],"tintindex":0,"rotation":0,"texture":"#0"},"south":{"uv":[7.1875,0.4375,7.40625,1.0625],"tintindex":0,"rotation":0,"texture":"#0"},"north":{"uv":[7.15625,1.5625,7.375,2.1875],"tintindex":0,"rotation":0,"texture":"#0"},"west":{"uv":[5.8125,7.1875,6.03125,7.8125],"tintindex":0,"rotation":0,"texture":"#0"},"up":{"uv":[8.0625,8.625,7.84375,8.40625],"tintindex":0,"rotation":0,"texture":"#0"},"down":{"uv":[8.65625,0.3125,8.4375,0.53125],"tintindex":0,"rotation":0,"texture":"#0"}}},{"from":[9.5,26.307943,7.9530563],"to":[13.166667,30.97461,11.28639],"faces":{"east":{"uv":[7.03125,0.0,7.34375,0.4375],"tintindex":0,"rotation":0,"texture":"#0"},"south":{"uv":[1.15625,7.0,1.5,7.4375],"tintindex":0,"rotation":0,"texture":"#0"},"north":{"uv":[0.8125,7.0,1.15625,7.4375],"tintindex":0,"rotation":0,"texture":"#0"},"west":{"uv":[7.03125,4.6875,7.34375,5.125],"tintindex":0,"rotation":0,"texture":"#0"},"up":{"uv":[3.25,7.90625,2.90625,7.59375],"tintindex":0,"rotation":0,"texture":"#0"},"down":{"uv":[4.21875,7.59375,3.875,7.90625],"tintindex":0,"rotation":0,"texture":"#0"}},"rotation":{"origin":[8.0,21.391277,11.369723],"angle":-22.5,"axis":"z"}}],"display":{"gui":{"rotation":[30,225,0]}}}