{"textures":{"0":"modelengine:entity/toro_deep_creature"},"elements":[{"from":[-4.1085815,-3.692646,0.0],"to":[5.8914185,7.307354,16.0],"faces":{"east":{"uv":[6.5625,0.4375,7.0625,0.78125],"tintindex":0,"rotation":0,"texture":"#0"},"south":{"uv":[7.65625,6.4375,7.96875,6.78125],"tintindex":0,"rotation":0,"texture":"#0"},"north":{"uv":[5.46875,7.65625,5.78125,8.0],"tintindex":0,"rotation":0,"texture":"#0"},"west":{"uv":[6.65625,3.75,7.15625,4.09375],"tintindex":0,"rotation":0,"texture":"#0"},"up":{"uv":[3.4375,0.5,3.125,0.0],"tintindex":0,"rotation":0,"texture":"#0"},"down":{"uv":[0.3125,6.84375,0.0,7.34375],"tintindex":0,"rotation":0,"texture":"#0"}},"rotation":{"origin":[-0.60858154,1.307354,8.0],"angle":-22.5,"axis":"z"}},{"from":[0.39141846,0.557354,1.0],"to":[15.391418,9.557354,15.0],"faces":{"east":{"uv":[5.125,4.75,5.5625,5.03125],"tintindex":0,"rotation":0,"texture":"#0"},"south":{"uv":[7.1875,1.0625,7.65625,1.34375],"tintindex":0,"rotation":0,"texture":"#0"},"north":{"uv":[7.0,5.8125,7.46875,6.09375],"tintindex":0,"rotation":0,"texture":"#0"},"west":{"uv":[0.75,7.4375,1.1875,7.71875],"tintindex":0,"rotation":0,"texture":"#0"},"up":{"uv":[2.3125,6.90625,1.84375,6.46875],"tintindex":0,"rotation":0,"texture":"#0"},"down":{"uv":[5.8125,6.5,5.34375,6.9375],"tintindex":0,"rotation":0,"texture":"#0"}},"rotation":{"origin":[5.3914185,3.307354,8.0],"angle":22.5,"axis":"z"}}],"display":{"gui":{"rotation":[30,225,0]}}}