{"textures":{"0":"modelengine:entity/toro_deep_creature"},"elements":[{"from":[2.414112,-4.769597,7.195709],"to":[5.164112,0.85540295,9.195709],"faces":{"east":{"uv":[7.0625,0.4375,7.1875,0.78125],"tintindex":0,"rotation":0,"texture":"#0"},"south":{"uv":[6.4375,8.03125,6.625,8.375],"tintindex":0,"rotation":0,"texture":"#0"},"north":{"uv":[7.03125,5.125,7.21875,5.46875],"tintindex":0,"rotation":0,"texture":"#0"},"west":{"uv":[0.96875,8.5,1.09375,8.84375],"tintindex":0,"rotation":0,"texture":"#0"},"up":{"uv":[5.40625,4.0625,5.21875,3.9375],"tintindex":0,"rotation":0,"texture":"#0"},"down":{"uv":[5.59375,3.9375,5.40625,4.0625],"tintindex":0,"rotation":0,"texture":"#0"}},"rotation":{"origin":[3.9928398,2.4039407,8.195709],"angle":22.5,"axis":"z"}},{"from":[2.7988853,0.33361912,6.945709],"to":[6.2988853,4.8336186,9.445709],"faces":{"east":{"uv":[7.1875,8.46875,7.34375,8.75],"tintindex":0,"rotation":0,"texture":"#0"},"south":{"uv":[7.84375,8.125,8.0625,8.40625],"tintindex":0,"rotation":0,"texture":"#0"},"north":{"uv":[3.96875,8.125,4.1875,8.40625],"tintindex":0,"rotation":0,"texture":"#0"},"west":{"uv":[4.59375,8.5,4.75,8.78125],"tintindex":0,"rotation":0,"texture":"#0"},"up":{"uv":[8.78125,1.5,8.5625,1.34375],"tintindex":0,"rotation":0,"texture":"#0"},"down":{"uv":[8.78125,4.125,8.5625,4.28125],"tintindex":0,"rotation":0,"texture":"#0"}}},{"from":[1.6957092,3.125,6.445709],"to":[9.195709,6.625,9.945709],"faces":{"east":{"uv":[7.59375,8.46875,7.8125,8.6875],"tintindex":0,"rotation":0,"texture":"#0"},"south":{"uv":[7.65625,2.84375,8.125,3.0625],"tintindex":0,"rotation":0,"texture":"#0"},"north":{"uv":[6.6875,1.125,7.15625,1.34375],"tintindex":0,"rotation":0,"texture":"#0"},"west":{"uv":[8.46875,8.0,8.6875,8.21875],"tintindex":0,"rotation":0,"texture":"#0"},"up":{"uv":[8.15625,5.3125,7.6875,5.09375],"tintindex":0,"rotation":0,"texture":"#0"},"down":{"uv":[8.15625,5.3125,7.6875,5.53125],"tintindex":0,"rotation":0,"texture":"#0"}},"rotation":{"origin":[3.9928398,6.903941,8.195709],"angle":45.0,"axis":"z"}}],"display":{"gui":{"rotation":[30,225,0]}}}