{"textures":{"0":"modelengine:entity/toro_deep_creature"},"elements":[{"from":[-1.6085815,-2.75,4.8914185],"to":[10.391418,4.25,11.891418],"faces":{"east":{"uv":[8.46875,6.8125,8.6875,7.03125],"tintindex":0,"rotation":0,"texture":"#0"},"south":{"uv":[2.875,7.90625,3.25,8.125],"tintindex":0,"rotation":0,"texture":"#0"},"north":{"uv":[6.71875,1.9375,7.09375,2.15625],"tintindex":0,"rotation":0,"texture":"#0"},"west":{"uv":[6.96875,8.46875,7.1875,8.6875],"tintindex":0,"rotation":0,"texture":"#0"},"up":{"uv":[8.28125,3.96875,7.90625,3.75],"tintindex":0,"rotation":0,"texture":"#0"},"down":{"uv":[4.25,7.90625,3.875,8.125],"tintindex":0,"rotation":0,"texture":"#0"}},"rotation":{"origin":[-0.014320374,4.8078814,8.391418],"angle":45.0,"axis":"z"}},{"from":[-0.4022293,-5.832762,5.8914185],"to":[5.5977707,3.1672373,10.891418],"faces":{"east":{"uv":[1.5,7.0,1.65625,7.28125],"tintindex":0,"rotation":0,"texture":"#0"},"south":{"uv":[0.4375,8.34375,0.625,8.625],"tintindex":0,"rotation":0,"texture":"#0"},"north":{"uv":[8.3125,7.71875,8.5,8.0],"tintindex":0,"rotation":0,"texture":"#0"},"west":{"uv":[6.28125,8.40625,6.4375,8.6875],"tintindex":0,"rotation":0,"texture":"#0"},"up":{"uv":[7.375,3.25,7.1875,3.09375],"tintindex":0,"rotation":0,"texture":"#0"},"down":{"uv":[8.34375,6.21875,8.15625,6.375],"tintindex":0,"rotation":0,"texture":"#0"}}},{"from":[-0.42177582,-14.539194,6.3914185],"to":[5.078224,-5.289194,10.391418],"faces":{"east":{"uv":[8.625,2.78125,8.75,3.0625],"tintindex":0,"rotation":0,"texture":"#0"},"south":{"uv":[8.34375,3.34375,8.53125,3.625],"tintindex":0,"rotation":0,"texture":"#0"},"north":{"uv":[8.34375,3.0625,8.53125,3.34375],"tintindex":0,"rotation":0,"texture":"#0"},"west":{"uv":[3.5,8.625,3.625,8.90625],"tintindex":0,"rotation":0,"texture":"#0"},"up":{"uv":[3.3125,0.625,3.125,0.5],"tintindex":0,"rotation":0,"texture":"#0"},"down":{"uv":[5.0625,0.375,4.875,0.5],"tintindex":0,"rotation":0,"texture":"#0"}},"rotation":{"origin":[-0.014320374,-4.1921186,8.391418],"angle":22.5,"axis":"z"}}],"display":{"gui":{"rotation":[30,225,0]}}}