{"textures":{"0":"modelengine:entity/toro_deep_creature"},"elements":[{"from":[10.108582,-3.692646,0.0],"to":[20.108582,7.307354,16.0],"faces":{"east":{"uv":[6.6875,0.78125,7.1875,1.125],"tintindex":0,"rotation":0,"texture":"#0"},"south":{"uv":[7.6875,0.0,8.0,0.34375],"tintindex":0,"rotation":0,"texture":"#0"},"north":{"uv":[7.65625,6.78125,7.96875,7.125],"tintindex":0,"rotation":0,"texture":"#0"},"west":{"uv":[6.6875,2.9375,7.1875,3.28125],"tintindex":0,"rotation":0,"texture":"#0"},"up":{"uv":[3.03125,7.40625,2.71875,6.90625],"tintindex":0,"rotation":0,"texture":"#0"},"down":{"uv":[2.40625,6.96875,2.09375,7.46875],"tintindex":0,"rotation":0,"texture":"#0"}},"rotation":{"origin":[16.608582,1.307354,8.0],"angle":22.5,"axis":"z"}},{"from":[0.60858154,0.557354,1.0],"to":[15.608582,9.557354,15.0],"faces":{"east":{"uv":[6.03125,7.4375,6.46875,7.71875],"tintindex":0,"rotation":0,"texture":"#0"},"south":{"uv":[7.3125,2.1875,7.78125,2.46875],"tintindex":0,"rotation":0,"texture":"#0"},"north":{"uv":[7.1875,2.8125,7.65625,3.09375],"tintindex":0,"rotation":0,"texture":"#0"},"west":{"uv":[7.46875,3.78125,7.90625,4.0625],"tintindex":0,"rotation":0,"texture":"#0"},"up":{"uv":[7.03125,0.4375,6.5625,0.0],"tintindex":0,"rotation":0,"texture":"#0"},"down":{"uv":[0.8125,6.625,0.34375,7.0625],"tintindex":0,"rotation":0,"texture":"#0"}},"rotation":{"origin":[10.608582,3.307354,8.0],"angle":-22.5,"axis":"z"}}],"display":{"gui":{"rotation":[30,225,0]}}}