{"textures":{"0":"modelengine:entity/tequetal"},"elements":[{"from":[-0.4774197,3.002,-10.472228],"to":[7.993581,6.998,-2.0262158],"faces":{"east":{"uv":[4.25,9.4375,4.78125,9.6875],"tintindex":0,"rotation":0,"texture":"#0"},"south":{"uv":[10.25,6.5,10.78125,6.75],"tintindex":0,"rotation":0,"texture":"#0"},"north":{"uv":[4.9375,7.9375,5.46875,8.1875],"tintindex":0,"rotation":0,"texture":"#0"},"west":{"uv":[10.25,7.5,10.78125,7.75],"tintindex":0,"rotation":0,"texture":"#0"},"up":{"uv":[2.40625,10.53125,1.875,10.0],"tintindex":0,"rotation":0,"texture":"#0"},"down":{"uv":[9.71875,0.875,9.0,1.59375],"tintindex":0,"rotation":0,"texture":"#0"}},"rotation":{"origin":[7.9955807,4.5,-1.9992218],"angle":-45.0,"axis":"y"}},{"from":[1.9955807,3.0,-7.999222],"to":[13.995581,7.0,4.000778],"faces":{"east":{"uv":[10.25,0.3125,11.0,0.5625],"tintindex":0,"rotation":0,"texture":"#0"},"south":{"uv":[10.25,0.5625,11.0,0.8125],"tintindex":0,"rotation":0,"texture":"#0"},"north":{"uv":[8.0,7.5625,8.75,7.8125],"tintindex":0,"rotation":0,"texture":"#0"},"west":{"uv":[10.25,0.8125,11.0,1.0625],"tintindex":0,"rotation":0,"texture":"#0"},"up":{"uv":[4.6875,7.125,3.9375,6.375],"tintindex":0,"rotation":0,"texture":"#0"},"down":{"uv":[2.5,9.0,1.75,10.0],"tintindex":0,"rotation":0,"texture":"#0"}}}],"display":{"gui":{"rotation":[30,225,0]}}}