{"textures":{"0":"modelengine:entity/nocsy_drakonin_roots"},"elements":[{"from":[7.6746235,7.507555,6.1058645],"to":[14.1746235,11.007555,9.605865],"faces":{"east":{"uv":[2.75,6.25,3.625,7.125],"tintindex":0,"rotation":0,"texture":"#0"},"south":{"uv":[4.75,4.375,3.125,5.25],"tintindex":0,"rotation":0,"texture":"#0"},"north":{"uv":[3.125,4.375,4.75,5.25],"tintindex":0,"rotation":0,"texture":"#0"},"west":{"uv":[3.75,6.25,4.625,7.125],"tintindex":0,"rotation":0,"texture":"#0"},"up":{"uv":[6.5,5.25,4.875,4.375],"tintindex":0,"rotation":0,"texture":"#0"},"down":{"uv":[6.5,4.375,4.875,5.25],"tintindex":0,"rotation":0,"texture":"#0"}},"rotation":{"origin":[10.6746235,9.757555,7.6058645],"angle":22.5,"axis":"z"}},{"from":[13.924587,15.970881,6.8058643],"to":[15.924587,20.470882,8.805864],"faces":{"east":{"uv":[1.125,6.5,0.625,7.625],"tintindex":0,"rotation":0,"texture":"#0"},"south":{"uv":[6.875,6.25,6.375,7.375],"tintindex":0,"rotation":0,"texture":"#0"},"north":{"uv":[6.375,6.25,6.875,7.375],"tintindex":0,"rotation":0,"texture":"#0"},"west":{"uv":[0.625,6.5,1.125,7.625],"tintindex":0,"rotation":0,"texture":"#0"},"up":{"uv":[6.125,7.25,5.625,6.75],"tintindex":0,"rotation":0,"texture":"#0"},"down":{"uv":[7.5,6.25,7.0,6.75],"tintindex":0,"rotation":0,"texture":"#0"}},"rotation":{"origin":[15.274588,18.470882,7.8558645],"angle":45.0,"axis":"z"}},{"from":[9.418343,18.157278,7.4058647],"to":[11.918343,19.157278,8.405865],"faces":{"east":{"uv":[1.75,3.25,2.0,3.5],"tintindex":0,"rotation":0,"texture":"#0"},"south":{"uv":[7.5,1.75,6.875,2.0],"tintindex":0,"rotation":0,"texture":"#0"},"north":{"uv":[6.875,1.75,7.5,2.0],"tintindex":0,"rotation":0,"texture":"#0"},"west":{"uv":[1.75,3.625,2.0,3.875],"tintindex":0,"rotation":0,"texture":"#0"},"up":{"uv":[7.75,0.375,7.125,0.625],"tintindex":0,"rotation":0,"texture":"#0"},"down":{"uv":[7.75,0.375,7.125,0.625],"tintindex":0,"rotation":0,"texture":"#0"}},"rotation":{"origin":[10.168343,18.407278,7.9058647],"angle":45.0,"axis":"z"}},{"from":[12.79957,10.273422,6.3558645],"to":[17.29957,13.273422,9.355865],"faces":{"east":{"uv":[4.75,6.25,5.5,7.0],"tintindex":0,"rotation":0,"texture":"#0"},"south":{"uv":[4.25,5.375,3.125,6.125],"tintindex":0,"rotation":0,"texture":"#0"},"north":{"uv":[3.125,5.375,4.25,6.125],"tintindex":0,"rotation":0,"texture":"#0"},"west":{"uv":[6.375,5.375,7.125,6.125],"tintindex":0,"rotation":0,"texture":"#0"},"up":{"uv":[1.125,6.375,0.0,5.625],"tintindex":0,"rotation":0,"texture":"#0"},"down":{"uv":[1.125,5.625,0.0,6.375],"tintindex":0,"rotation":0,"texture":"#0"}},"rotation":{"origin":[15.29957,12.023422,7.3558645],"angle":45.0,"axis":"z"}},{"from":[11.29957,4.7734222,8.405865],"to":[19.29957,10.273422,8.405865],"faces":{"south":{"uv":[4.125,0.0,2.125,1.375],"tintindex":0,"rotation":0,"texture":"#0"},"north":{"uv":[2.125,0.0,4.125,1.375],"tintindex":0,"rotation":0,"texture":"#0"}},"rotation":{"origin":[15.29957,12.023422,7.3558645],"angle":45.0,"axis":"z"}},{"from":[9.075449,18.125044,7.8558645],"to":[17.07545,24.125044,7.8558645],"faces":{"south":{"uv":[2.0,0.0,0.0,1.5],"tintindex":0,"rotation":0,"texture":"#0"},"north":{"uv":[0.0,0.0,2.0,1.5],"tintindex":0,"rotation":0,"texture":"#0"}},"rotation":{"origin":[12.625449,19.425045,7.9058647],"angle":22.5,"axis":"x"}},{"from":[17.147629,12.538261,7.0558643],"to":[22.647629,17.538261,7.0558643],"faces":{"south":{"uv":[5.25,3.0,3.875,4.25],"tintindex":0,"rotation":0,"texture":"#0"},"north":{"uv":[3.875,3.0,5.25,4.25],"tintindex":0,"rotation":0,"texture":"#0"}},"rotation":{"origin":[19.897629,14.788261,7.6058645],"angle":22.5,"axis":"z"}},{"from":[16.697628,12.288261,2.6058645],"to":[16.697628,17.288261,9.105865],"faces":{"east":{"uv":[1.625,3.25,0.0,4.5],"tintindex":0,"rotation":0,"texture":"#0"},"west":{"uv":[0.0,3.25,1.625,4.5],"tintindex":0,"rotation":0,"texture":"#0"}},"rotation":{"origin":[15.197627,14.788261,5.8558645],"angle":-22.5,"axis":"y"}},{"from":[10.875449,18.675045,7.1558647],"to":[14.375449,20.175045,8.655865],"faces":{"east":{"uv":[7.125,0.75,7.5,1.125],"tintindex":0,"rotation":0,"texture":"#0"},"south":{"uv":[6.25,3.75,5.375,4.125],"tintindex":0,"rotation":0,"texture":"#0"},"north":{"uv":[5.375,3.75,6.25,4.125],"tintindex":0,"rotation":0,"texture":"#0"},"west":{"uv":[1.25,7.125,1.625,7.5],"tintindex":0,"rotation":0,"texture":"#0"},"up":{"uv":[7.75,1.625,6.875,1.25],"tintindex":0,"rotation":0,"texture":"#0"},"down":{"uv":[7.75,1.25,6.875,1.625],"tintindex":0,"rotation":0,"texture":"#0"}}},{"from":[15.197627,12.288261,6.6058645],"to":[17.697628,17.288261,9.105865],"faces":{"east":{"uv":[2.625,5.75,2.0,7.0],"tintindex":0,"rotation":0,"texture":"#0"},"south":{"uv":[6.25,5.375,5.625,6.625],"tintindex":0,"rotation":0,"texture":"#0"},"north":{"uv":[5.625,5.375,6.25,6.625],"tintindex":0,"rotation":0,"texture":"#0"},"west":{"uv":[2.0,5.75,2.625,7.0],"tintindex":0,"rotation":0,"texture":"#0"},"up":{"uv":[7.25,4.375,6.625,3.75],"tintindex":0,"rotation":0,"texture":"#0"},"down":{"uv":[2.0,7.0,2.625,5.75],"tintindex":0,"rotation":0,"texture":"#0"}}},{"from":[4.4183426,16.157278,7.9058647],"to":[9.418343,21.157278,7.9058647],"faces":{"south":{"uv":[5.5,1.375,4.25,2.625],"tintindex":0,"rotation":0,"texture":"#0"},"north":{"uv":[4.25,1.375,5.5,2.625],"tintindex":0,"rotation":0,"texture":"#0"}},"rotation":{"origin":[10.168343,18.407278,7.9058647],"angle":45.0,"axis":"z"}}],"display":{"gui":{"rotation":[30,225,0]}}}