{"textures":{"0":"modelengine:entity/dragon_glacial"},"elements":[{"from":[2.3484573,8.00125,1.523735],"to":[8.348457,8.00125,29.523735],"faces":{"up":{"uv":[3.125,7.0625,2.375,3.5625],"tintindex":0,"rotation":0,"texture":"#0"},"down":{"uv":[3.125,3.5625,2.375,7.0625],"tintindex":0,"rotation":0,"texture":"#0"}}},{"from":[2.4739475,7.5012503,6.00225],"to":[8.473948,8.50125,7.50225],"faces":{"east":{"uv":[4.625,3.375,4.8125,3.5],"tintindex":0,"rotation":0,"texture":"#0"},"south":{"uv":[4.0,9.5,4.75,9.375],"tintindex":0,"rotation":0,"texture":"#0"},"north":{"uv":[4.0,9.375,4.75,9.5],"tintindex":0,"rotation":0,"texture":"#0"},"west":{"uv":[3.0,9.0625,3.1875,9.1875],"tintindex":0,"rotation":0,"texture":"#0"},"up":{"uv":[4.0,9.1875,3.25,9.0],"tintindex":0,"rotation":0,"texture":"#0"},"down":{"uv":[4.0,9.1875,3.25,9.0],"tintindex":0,"rotation":0,"texture":"#0"}},"rotation":{"origin":[5.4739475,8.00125,6.75225],"angle":-22.5,"axis":"y"}}],"display":{"gui":{"rotation":[30,225,0]}}}