{"textures":{"0":"modelengine:entity/dragon_glacial"},"elements":[{"from":[11.5,16.538074,-0.65084267],"to":[11.5,22.538074,13.349157],"faces":{"east":{"uv":[8.125,0.4375,7.25,0.8125],"tintindex":0,"rotation":0,"texture":"#0"},"west":{"uv":[7.25,0.4375,8.125,0.8125],"tintindex":0,"rotation":0,"texture":"#0"}},"rotation":{"origin":[11.5,19.538074,6.3491583],"angle":22.5,"axis":"x"}},{"from":[4.5,16.538074,-0.65084267],"to":[4.5,22.538074,13.349157],"faces":{"east":{"uv":[8.125,0.4375,7.25,0.8125],"tintindex":0,"rotation":0,"texture":"#0"},"west":{"uv":[7.25,0.4375,8.125,0.8125],"tintindex":0,"rotation":0,"texture":"#0"}},"rotation":{"origin":[4.5,19.538074,6.3491583],"angle":22.5,"axis":"x"}},{"from":[2.5,4.261219,-4.286335],"to":[13.5,17.261219,9.713665],"faces":{"east":{"uv":[5.5625,0.0,6.4375,0.8125],"tintindex":0,"rotation":0,"texture":"#0"},"south":{"uv":[6.0,4.6875,6.6875,5.5],"tintindex":0,"rotation":0,"texture":"#0"},"north":{"uv":[5.875,3.8125,6.5625,4.625],"tintindex":0,"rotation":0,"texture":"#0"},"west":{"uv":[5.0625,5.5625,5.9375,6.375],"tintindex":0,"rotation":0,"texture":"#0"},"up":{"uv":[6.5,2.625,5.8125,1.75],"tintindex":0,"rotation":0,"texture":"#0"},"down":{"uv":[6.6875,2.6875,6.0,3.5625],"tintindex":0,"rotation":0,"texture":"#0"}},"rotation":{"origin":[8.0,10.761219,2.713665],"angle":22.5,"axis":"x"}}],"display":{"gui":{"rotation":[30,225,0]}}}