{"textures":{"0":"modelengine:entity/dragon_glacial"},"elements":[{"from":[4.0022726,3.734171,-0.41576004],"to":[12.002273,12.734171,8.58424],"faces":{"east":{"uv":[7.25,0.875,7.8125,1.4375],"tintindex":0,"rotation":0,"texture":"#0"},"south":{"uv":[1.6875,7.625,2.1875,8.1875],"tintindex":0,"rotation":0,"texture":"#0"},"north":{"uv":[1.125,7.625,1.625,8.1875],"tintindex":0,"rotation":0,"texture":"#0"},"west":{"uv":[3.875,7.25,4.4375,7.8125],"tintindex":0,"rotation":0,"texture":"#0"},"up":{"uv":[2.75,8.1875,2.25,7.625],"tintindex":0,"rotation":0,"texture":"#0"},"down":{"uv":[3.3125,7.625,2.8125,8.1875],"tintindex":0,"rotation":0,"texture":"#0"}}}],"display":{"gui":{"rotation":[30,225,0]}}}