{"textures":{"0":"modelengine:entity/nocsy_drakonin_baby4"},"elements":[{"from":[5.349153,7.022625,8.575371],"to":[7.349153,9.022625,12.575371],"faces":{"east":{"uv":[9.625,3.625,10.125,3.875],"tintindex":0,"rotation":0,"texture":"#0"},"south":{"uv":[10.5,7.125,10.75,7.375],"tintindex":0,"rotation":0,"texture":"#0"},"north":{"uv":[6.75,10.5,7.0,10.75],"tintindex":0,"rotation":0,"texture":"#0"},"west":{"uv":[9.625,4.375,10.125,4.625],"tintindex":0,"rotation":0,"texture":"#0"},"up":{"uv":[9.875,9.0,9.625,8.5],"tintindex":0,"rotation":0,"texture":"#0"},"down":{"uv":[9.0,9.625,8.75,10.125],"tintindex":0,"rotation":0,"texture":"#0"}},"rotation":{"origin":[4.939003,6.4990892,10.596201],"angle":-22.5,"axis":"x"}},{"from":[4.5205183,7.93165,12.248051],"to":[7.3205185,7.93165,16.24805],"faces":{"up":{"uv":[2.5,9.0,2.125,8.5],"tintindex":0,"rotation":0,"texture":"#0"},"down":{"uv":[3.0,8.5,2.625,9.0],"tintindex":0,"rotation":0,"texture":"#0"}},"rotation":{"origin":[5.578909,6.823987,11.543267],"angle":-45.0,"axis":"x"}},{"from":[5.8610067,6.6086006,12.407562],"to":[5.8610067,9.308601,16.407562],"faces":{"east":{"uv":[8.5,0.0,9.0,0.375],"tintindex":0,"rotation":0,"texture":"#0"},"west":{"uv":[1.5,8.5,2.0,8.875],"tintindex":0,"rotation":0,"texture":"#0"}},"rotation":{"origin":[5.578909,6.823987,11.543267],"angle":-45.0,"axis":"x"}},{"from":[6.0546584,6.373439,7.065115],"to":[8.054659,8.37344,11.065115],"faces":{"east":{"uv":[9.625,1.5,10.125,1.75],"tintindex":0,"rotation":0,"texture":"#0"},"south":{"uv":[10.5,6.125,10.75,6.375],"tintindex":0,"rotation":0,"texture":"#0"},"north":{"uv":[10.5,5.75,10.75,6.0],"tintindex":0,"rotation":0,"texture":"#0"},"west":{"uv":[1.875,9.625,2.375,9.875],"tintindex":0,"rotation":0,"texture":"#0"},"up":{"uv":[2.75,10.125,2.5,9.625],"tintindex":0,"rotation":0,"texture":"#0"},"down":{"uv":[9.875,7.125,9.625,7.625],"tintindex":0,"rotation":0,"texture":"#0"}},"rotation":{"origin":[7.444508,7.1499043,10.085945],"angle":22.5,"axis":"z"}}],"display":{"gui":{"rotation":[30,225,0]}}}