{"textures":{"0":"modelengine:entity/nocsy_drakonin_baby4"},"elements":[{"from":[8.6508465,7.022625,8.575371],"to":[10.6508465,9.022625,12.575371],"faces":{"east":{"uv":[9.625,0.0,10.125,0.25],"tintindex":0,"rotation":0,"texture":"#0"},"south":{"uv":[5.125,10.5,5.375,10.75],"tintindex":0,"rotation":0,"texture":"#0"},"north":{"uv":[4.75,10.5,5.0,10.75],"tintindex":0,"rotation":0,"texture":"#0"},"west":{"uv":[0.5,9.625,1.0,9.875],"tintindex":0,"rotation":0,"texture":"#0"},"up":{"uv":[5.875,10.0,5.625,9.5],"tintindex":0,"rotation":0,"texture":"#0"},"down":{"uv":[1.375,9.625,1.125,10.125],"tintindex":0,"rotation":0,"texture":"#0"}},"rotation":{"origin":[11.060997,6.4990892,10.596201],"angle":-22.5,"axis":"x"}},{"from":[8.6794815,7.93165,12.248051],"to":[11.479482,7.93165,16.24805],"faces":{"up":{"uv":[0.875,9.0,0.5,8.5],"tintindex":0,"rotation":0,"texture":"#0"},"down":{"uv":[1.375,8.5,1.0,9.0],"tintindex":0,"rotation":0,"texture":"#0"}},"rotation":{"origin":[10.421091,6.823987,11.543267],"angle":-45.0,"axis":"x"}},{"from":[7.9453416,6.373439,7.065115],"to":[9.945341,8.37344,11.065115],"faces":{"east":{"uv":[9.5,5.75,10.0,6.0],"tintindex":0,"rotation":0,"texture":"#0"},"south":{"uv":[3.5,10.5,3.75,10.75],"tintindex":0,"rotation":0,"texture":"#0"},"north":{"uv":[10.5,1.75,10.75,2.0],"tintindex":0,"rotation":0,"texture":"#0"},"west":{"uv":[9.375,9.5,9.875,9.75],"tintindex":0,"rotation":0,"texture":"#0"},"up":{"uv":[8.625,9.875,8.375,9.375],"tintindex":0,"rotation":0,"texture":"#0"},"down":{"uv":[1.75,9.5,1.5,10.0],"tintindex":0,"rotation":0,"texture":"#0"}},"rotation":{"origin":[8.555492,7.1499043,10.085945],"angle":-22.5,"axis":"z"}},{"from":[10.138993,6.6086006,12.407562],"to":[10.138993,9.308601,16.407562],"faces":{"east":{"uv":[4.375,8.375,4.875,8.75],"tintindex":0,"rotation":0,"texture":"#0"},"west":{"uv":[5.0,8.375,5.5,8.75],"tintindex":0,"rotation":0,"texture":"#0"}},"rotation":{"origin":[10.421091,6.823987,11.543267],"angle":-45.0,"axis":"x"}}],"display":{"gui":{"rotation":[30,225,0]}}}