{"textures":{"0":"modelengine:entity/nocsy_drakonin_baby4"},"elements":[{"from":[-0.8334824,7.3849,10.996571],"to":[0.36651763,8.5849,15.196571],"faces":{"east":{"uv":[8.25,10.375,7.75,10.5],"tintindex":0,"rotation":0,"texture":"#0"},"south":{"uv":[4.625,7.625,4.5,7.75],"tintindex":0,"rotation":0,"texture":"#0"},"north":{"uv":[2.0,7.125,1.875,7.25],"tintindex":0,"rotation":0,"texture":"#0"},"west":{"uv":[7.625,10.375,7.125,10.5],"tintindex":0,"rotation":0,"texture":"#0"},"up":{"uv":[6.0,10.875,6.125,10.375],"tintindex":0,"rotation":0,"texture":"#0"},"down":{"uv":[8.375,10.375,8.5,10.875],"tintindex":0,"rotation":0,"texture":"#0"}},"rotation":{"origin":[0.26651764,7.9849,9.996571],"angle":-22.5,"axis":"y"}},{"from":[-5.997448,7.8849,6.035283],"to":[8.002552,7.9849,25.035282],"faces":{"east":{"uv":[9.375,6.125,7.0,6.25],"tintindex":0,"rotation":0,"texture":"#0"},"south":{"uv":[9.625,6.375,7.875,6.5],"tintindex":0,"rotation":0,"texture":"#0"},"north":{"uv":[9.625,4.125,7.875,4.25],"tintindex":0,"rotation":0,"texture":"#0"},"west":{"uv":[9.375,5.875,7.0,6.0],"tintindex":0,"rotation":0,"texture":"#0"},"up":{"uv":[0.0,4.875,1.75,2.5],"tintindex":0,"rotation":0,"texture":"#0"},"down":{"uv":[0.0,2.5,1.75,4.875],"tintindex":0,"rotation":0,"texture":"#0"}}},{"from":[-1.4334824,7.2849,9.296571],"to":[3.9665177,8.684899,10.69657],"faces":{"east":{"uv":[10.625,5.375,10.375,5.625],"tintindex":0,"rotation":0,"texture":"#0"},"south":{"uv":[1.5,8.125,0.75,8.375],"tintindex":0,"rotation":0,"texture":"#0"},"north":{"uv":[8.75,7.75,8.0,8.0],"tintindex":0,"rotation":0,"texture":"#0"},"west":{"uv":[4.625,10.375,4.375,10.625],"tintindex":0,"rotation":0,"texture":"#0"},"up":{"uv":[1.625,8.375,2.375,8.125],"tintindex":0,"rotation":0,"texture":"#0"},"down":{"uv":[2.5,8.125,3.25,8.375],"tintindex":0,"rotation":0,"texture":"#0"}},"rotation":{"origin":[0.26651764,7.9849,9.996571],"angle":45.0,"axis":"y"}},{"from":[3.0525525,7.1849,5.235283],"to":[9.652553,8.7849,6.8352833],"faces":{"east":{"uv":[4.25,10.375,4.0,10.625],"tintindex":0,"rotation":0,"texture":"#0"},"south":{"uv":[3.875,7.75,3.0,8.0],"tintindex":0,"rotation":0,"texture":"#0"},"north":{"uv":[8.625,2.125,7.75,2.375],"tintindex":0,"rotation":0,"texture":"#0"},"west":{"uv":[2.125,10.375,1.875,10.625],"tintindex":0,"rotation":0,"texture":"#0"},"up":{"uv":[6.25,8.0,7.125,7.75],"tintindex":0,"rotation":0,"texture":"#0"},"down":{"uv":[7.875,3.75,8.75,4.0],"tintindex":0,"rotation":0,"texture":"#0"}},"rotation":{"origin":[6.8525524,7.9849,8.035283],"angle":22.5,"axis":"y"}}],"display":{"gui":{"rotation":[30,225,0]}}}