{"textures":{"0":"modelengine:entity/nocsy_drakonin_baby3"},"elements":[{"from":[9.206623,6.8105116,10.765115],"to":[12.006623,6.8105116,14.765115],"faces":{"up":{"uv":[8.25,7.625,7.875,7.125],"tintindex":0,"rotation":0,"texture":"#0"},"down":{"uv":[8.25,7.75,7.875,8.25],"tintindex":0,"rotation":0,"texture":"#0"}},"rotation":{"origin":[8.9575615,7.4828587,12.453945],"angle":45.0,"axis":"y"}},{"from":[7.9453416,6.373439,7.065115],"to":[9.945341,8.373438,11.065115],"faces":{"east":{"uv":[5.375,9.25,5.875,9.5],"tintindex":0,"rotation":0,"texture":"#0"},"south":{"uv":[10.25,7.5,10.5,7.75],"tintindex":0,"rotation":0,"texture":"#0"},"north":{"uv":[10.25,7.125,10.5,7.375],"tintindex":0,"rotation":0,"texture":"#0"},"west":{"uv":[0.5,9.375,1.0,9.625],"tintindex":0,"rotation":0,"texture":"#0"},"up":{"uv":[6.25,9.75,6.0,9.25],"tintindex":0,"rotation":0,"texture":"#0"},"down":{"uv":[8.625,9.25,8.375,9.75],"tintindex":0,"rotation":0,"texture":"#0"}},"rotation":{"origin":[8.555492,7.1499033,10.085945],"angle":-22.5,"axis":"z"}},{"from":[10.732207,5.487461,10.765115],"to":[10.732207,8.187462,14.765115],"faces":{"east":{"uv":[0.0,7.125,0.5,7.5],"tintindex":0,"rotation":0,"texture":"#0"},"west":{"uv":[7.875,5.875,8.375,6.25],"tintindex":0,"rotation":0,"texture":"#0"}},"rotation":{"origin":[9.183145,7.159809,12.453945],"angle":45.0,"axis":"y"}}],"display":{"gui":{"rotation":[30,225,0]}}}