{"textures":{"0":"modelengine:entity/nocsy_drakonin_baby3"},"elements":[{"from":[5.2677927,5.487461,10.765115],"to":[5.2677927,8.187462,14.765115],"faces":{"east":{"uv":[8.375,5.875,7.875,6.25],"tintindex":0,"rotation":0,"texture":"#0"},"west":{"uv":[0.5,7.125,0.0,7.5],"tintindex":0,"rotation":0,"texture":"#0"}},"rotation":{"origin":[6.8168554,7.159809,12.453945],"angle":-45.0,"axis":"y"}},{"from":[6.0546584,6.373439,7.065115],"to":[8.054659,8.373438,11.065115],"faces":{"east":{"uv":[1.0,9.375,0.5,9.625],"tintindex":0,"rotation":0,"texture":"#0"},"south":{"uv":[10.5,7.5,10.25,7.75],"tintindex":0,"rotation":0,"texture":"#0"},"north":{"uv":[10.5,7.125,10.25,7.375],"tintindex":0,"rotation":0,"texture":"#0"},"west":{"uv":[5.875,9.25,5.375,9.5],"tintindex":0,"rotation":0,"texture":"#0"},"up":{"uv":[6.0,9.75,6.25,9.25],"tintindex":0,"rotation":0,"texture":"#0"},"down":{"uv":[8.375,9.25,8.625,9.75],"tintindex":0,"rotation":0,"texture":"#0"}},"rotation":{"origin":[7.444508,7.1499033,10.085945],"angle":22.5,"axis":"z"}},{"from":[3.9933767,6.8105116,10.765115],"to":[6.793377,6.8105116,14.765115],"faces":{"up":{"uv":[7.875,7.625,8.25,7.125],"tintindex":0,"rotation":0,"texture":"#0"},"down":{"uv":[7.875,7.75,8.25,8.25],"tintindex":0,"rotation":0,"texture":"#0"}},"rotation":{"origin":[7.042439,7.4828587,12.453945],"angle":-45.0,"axis":"y"}}],"display":{"gui":{"rotation":[30,225,0]}}}