{"textures":{"0":"modelengine:entity/nocsy_drakonin_baby3"},"elements":[{"from":[5.28555,9.35,1.4910254],"to":[10.285549,9.35,7.4910254],"faces":{"up":{"uv":[6.125,2.5,5.5,1.75],"tintindex":0,"rotation":0,"texture":"#0"},"down":{"uv":[6.125,2.625,5.5,3.375],"tintindex":0,"rotation":0,"texture":"#0"}},"rotation":{"origin":[8.085549,7.85,4.5910254],"angle":22.5,"axis":"x"}},{"from":[7.5855494,6.85,6.791025],"to":[10.18555,9.45,9.391026],"faces":{"east":{"uv":[8.375,8.25,8.75,8.625],"tintindex":0,"rotation":0,"texture":"#0"},"south":{"uv":[0.0,8.5,0.375,8.875],"tintindex":0,"rotation":0,"texture":"#0"},"north":{"uv":[7.875,8.375,8.25,8.75],"tintindex":0,"rotation":0,"texture":"#0"},"west":{"uv":[8.5,3.25,8.875,3.625],"tintindex":0,"rotation":0,"texture":"#0"},"up":{"uv":[8.875,4.125,8.5,3.75],"tintindex":0,"rotation":0,"texture":"#0"},"down":{"uv":[8.875,5.875,8.5,6.25],"tintindex":0,"rotation":0,"texture":"#0"}},"rotation":{"origin":[6.6855497,8.35,10.191025],"angle":22.5,"axis":"y"}},{"from":[5.28555,6.65,1.4910254],"to":[10.285549,6.65,7.4910254],"faces":{"up":{"uv":[6.125,2.5,5.5,1.75],"tintindex":0,"rotation":0,"texture":"#0"},"down":{"uv":[6.125,2.625,5.5,3.375],"tintindex":0,"rotation":0,"texture":"#0"}},"rotation":{"origin":[8.085549,7.85,4.5910254],"angle":-22.5,"axis":"x"}}],"display":{"gui":{"rotation":[30,225,0]}}}