{"textures":{"0":"modelengine:entity/nocsy_drakonin_baby3"},"elements":[{"from":[15.633482,7.3849,10.996571],"to":[16.833483,8.5849,15.196571],"faces":{"east":{"uv":[10.625,9.0,10.125,9.125],"tintindex":0,"rotation":0,"texture":"#0"},"south":{"uv":[0.75,8.0,0.625,8.125],"tintindex":0,"rotation":0,"texture":"#0"},"north":{"uv":[7.625,7.125,7.5,7.25],"tintindex":0,"rotation":0,"texture":"#0"},"west":{"uv":[9.5,10.125,9.0,10.25],"tintindex":0,"rotation":0,"texture":"#0"},"up":{"uv":[2.625,10.625,2.75,10.125],"tintindex":0,"rotation":0,"texture":"#0"},"down":{"uv":[4.625,10.125,4.75,10.625],"tintindex":0,"rotation":0,"texture":"#0"}},"rotation":{"origin":[15.733482,7.9849,9.996571],"angle":22.5,"axis":"y"}},{"from":[7.997448,7.8849,6.035283],"to":[21.997448,7.9849,25.035282],"faces":{"east":{"uv":[9.125,5.25,6.75,5.375],"tintindex":0,"rotation":0,"texture":"#0"},"south":{"uv":[6.0,7.375,4.25,7.5],"tintindex":0,"rotation":0,"texture":"#0"},"north":{"uv":[4.125,7.375,2.375,7.5],"tintindex":0,"rotation":0,"texture":"#0"},"west":{"uv":[9.125,5.0,6.75,5.125],"tintindex":0,"rotation":0,"texture":"#0"},"up":{"uv":[0.0,4.875,1.75,2.5],"tintindex":0,"rotation":0,"texture":"#0"},"down":{"uv":[0.0,2.5,1.75,4.875],"tintindex":0,"rotation":0,"texture":"#0"}}},{"from":[12.033483,7.2849,9.296571],"to":[17.433483,8.684899,10.69657],"faces":{"east":{"uv":[4.5,10.125,4.25,10.375],"tintindex":0,"rotation":0,"texture":"#0"},"south":{"uv":[8.25,5.5,7.5,5.75],"tintindex":0,"rotation":0,"texture":"#0"},"north":{"uv":[8.25,1.625,7.5,1.875],"tintindex":0,"rotation":0,"texture":"#0"},"west":{"uv":[4.125,10.125,3.875,10.375],"tintindex":0,"rotation":0,"texture":"#0"},"up":{"uv":[7.5,7.0,8.25,6.75],"tintindex":0,"rotation":0,"texture":"#0"},"down":{"uv":[0.0,7.625,0.75,7.875],"tintindex":0,"rotation":0,"texture":"#0"}},"rotation":{"origin":[15.733482,7.9849,9.996571],"angle":-45.0,"axis":"y"}},{"from":[6.3474474,7.1849,5.235283],"to":[12.947448,8.7849,6.8352833],"faces":{"east":{"uv":[3.75,10.125,3.5,10.375],"tintindex":0,"rotation":0,"texture":"#0"},"south":{"uv":[4.25,7.0,3.375,7.25],"tintindex":0,"rotation":0,"texture":"#0"},"north":{"uv":[7.875,3.25,7.0,3.5],"tintindex":0,"rotation":0,"texture":"#0"},"west":{"uv":[3.375,10.125,3.125,10.375],"tintindex":0,"rotation":0,"texture":"#0"},"up":{"uv":[7.0,3.875,7.875,3.625],"tintindex":0,"rotation":0,"texture":"#0"},"down":{"uv":[7.0,4.0,7.875,4.25],"tintindex":0,"rotation":0,"texture":"#0"}},"rotation":{"origin":[9.147448,7.9849,8.035283],"angle":-22.5,"axis":"y"}}],"display":{"gui":{"rotation":[30,225,0]}}}