{"textures":{"0":"modelengine:entity/nocsy_drakonin_baby3"},"elements":[{"from":[5.7144504,9.35,1.4910254],"to":[10.71445,9.35,7.4910254],"faces":{"up":{"uv":[5.5,2.5,6.125,1.75],"tintindex":0,"rotation":0,"texture":"#0"},"down":{"uv":[5.5,2.625,6.125,3.375],"tintindex":0,"rotation":0,"texture":"#0"}},"rotation":{"origin":[7.9144506,7.85,4.5910254],"angle":22.5,"axis":"x"}},{"from":[5.7144504,6.65,1.4910254],"to":[10.71445,6.65,7.4910254],"faces":{"up":{"uv":[5.5,2.5,6.125,1.75],"tintindex":0,"rotation":0,"texture":"#0"},"down":{"uv":[5.5,2.625,6.125,3.375],"tintindex":0,"rotation":0,"texture":"#0"}},"rotation":{"origin":[7.9144506,7.85,4.5910254],"angle":-22.5,"axis":"x"}},{"from":[5.8144503,6.85,6.791025],"to":[8.414451,9.45,9.391026],"faces":{"east":{"uv":[8.875,3.25,8.5,3.625],"tintindex":0,"rotation":0,"texture":"#0"},"south":{"uv":[0.375,8.5,0.0,8.875],"tintindex":0,"rotation":0,"texture":"#0"},"north":{"uv":[8.25,8.375,7.875,8.75],"tintindex":0,"rotation":0,"texture":"#0"},"west":{"uv":[8.75,8.25,8.375,8.625],"tintindex":0,"rotation":0,"texture":"#0"},"up":{"uv":[8.5,4.125,8.875,3.75],"tintindex":0,"rotation":0,"texture":"#0"},"down":{"uv":[8.5,5.875,8.875,6.25],"tintindex":0,"rotation":0,"texture":"#0"}},"rotation":{"origin":[9.31445,8.35,10.191025],"angle":-22.5,"axis":"y"}}],"display":{"gui":{"rotation":[30,225,0]}}}