{"textures":{"0":"modelengine:entity/sabertooth_midnight"},"elements":[{"from":[5.7256556,-2.0044212,5.1624336],"to":[12.725656,8.995579,13.162434],"faces":{"east":{"uv":[4.0625,4.75,4.5625,5.4375],"tintindex":0,"rotation":0,"texture":"#0"},"south":{"uv":[5.375,0.75,5.8125,1.4375],"tintindex":0,"rotation":0,"texture":"#0"},"north":{"uv":[5.375,0.0,5.8125,0.6875],"tintindex":0,"rotation":0,"texture":"#0"},"west":{"uv":[0.625,5.3125,1.125,6.0],"tintindex":0,"rotation":0,"texture":"#0"},"up":{"uv":[4.9375,7.0625,4.5,6.5625],"tintindex":0,"rotation":0,"texture":"#0"},"down":{"uv":[7.0625,0.0,6.625,0.5],"tintindex":0,"rotation":0,"texture":"#0"}},"rotation":{"origin":[9.225656,3.4955788,9.162434],"angle":-22.5,"axis":"x"}},{"from":[5.750655,0.057045937,11.553471],"to":[5.750655,8.057047,19.55347],"faces":{"east":{"uv":[6.75,6.3125,6.25,6.8125],"tintindex":0,"rotation":0,"texture":"#0"},"west":{"uv":[6.25,6.3125,6.75,6.8125],"tintindex":0,"rotation":0,"texture":"#0"}}}],"display":{"gui":{"rotation":[30,225,0]}}}