{"textures":{"0":"modelengine:entity/sabertooth_midnight"},"elements":[{"from":[5.3773055,-1.4473152,2.9991055],"to":[10.377306,9.552685,8.999105],"faces":{"east":{"uv":[3.5,6.1875,3.125,6.875],"tintindex":0,"rotation":0,"texture":"#0"},"south":{"uv":[7.125,6.25,6.8125,6.9375],"tintindex":0,"rotation":0,"texture":"#0"},"north":{"uv":[5.3125,6.75,5.0,7.4375],"tintindex":0,"rotation":0,"texture":"#0"},"west":{"uv":[3.0625,6.1875,2.6875,6.875],"tintindex":0,"rotation":0,"texture":"#0"},"up":{"uv":[7.6875,4.9375,8.0,4.5625],"tintindex":0,"rotation":0,"texture":"#0"},"down":{"uv":[5.3125,7.6875,5.625,8.0625],"tintindex":0,"rotation":0,"texture":"#0"}},"rotation":{"origin":[7.877306,4.052685,5.9991055],"angle":22.5,"axis":"x"}}],"display":{"gui":{"rotation":[30,225,0]}}}