{"textures":{"0":"modelengine:entity/nocsy_drakonin3"},"elements":[{"from":[4.0,4.7727404,3.373014],"to":[12.0,12.77274,15.3730135],"faces":{"east":{"uv":[6.375,0.875,7.125,1.375],"tintindex":0,"rotation":0,"texture":"#0"},"south":{"uv":[2.75,6.9375,3.25,7.4375],"tintindex":0,"rotation":0,"texture":"#0"},"north":{"uv":[6.9375,2.6875,7.4375,3.1875],"tintindex":0,"rotation":0,"texture":"#0"},"west":{"uv":[6.375,1.4375,7.125,1.9375],"tintindex":0,"rotation":0,"texture":"#0"},"up":{"uv":[6.875,2.75,6.375,2.0],"tintindex":0,"rotation":0,"texture":"#0"},"down":{"uv":[6.875,2.8125,6.375,3.5625],"tintindex":0,"rotation":0,"texture":"#0"}}},{"from":[4.01,2.811537,13.084082],"to":[11.99,10.791536,21.064081],"faces":{"east":{"uv":[3.3125,6.9375,3.8125,7.4375],"tintindex":0,"rotation":0,"texture":"#0"},"south":{"uv":[3.875,6.9375,4.375,7.4375],"tintindex":0,"rotation":0,"texture":"#0"},"north":{"uv":[6.9375,3.25,7.4375,3.75],"tintindex":0,"rotation":0,"texture":"#0"},"west":{"uv":[4.4375,6.9375,4.9375,7.4375],"tintindex":0,"rotation":0,"texture":"#0"},"up":{"uv":[7.4375,5.5,6.9375,5.0],"tintindex":0,"rotation":0,"texture":"#0"},"down":{"uv":[7.5,0.0,7.0,0.5],"tintindex":0,"rotation":0,"texture":"#0"}},"rotation":{"origin":[8.0,6.008381,19.178501],"angle":22.5,"axis":"x"}},{"from":[3.99,4.2792497,1.1274507],"to":[12.01,12.299251,8.147451],"faces":{"east":{"uv":[7.1875,6.0625,7.625,6.5625],"tintindex":0,"rotation":0,"texture":"#0"},"south":{"uv":[6.9375,7.0625,7.4375,7.5625],"tintindex":0,"rotation":0,"texture":"#0"},"north":{"uv":[6.375,7.0625,6.875,7.5625],"tintindex":0,"rotation":0,"texture":"#0"},"west":{"uv":[5.0,7.3125,5.4375,7.8125],"tintindex":0,"rotation":0,"texture":"#0"},"up":{"uv":[6.0,7.75,5.5,7.3125],"tintindex":0,"rotation":0,"texture":"#0"},"down":{"uv":[7.875,4.3125,7.375,4.75],"tintindex":0,"rotation":0,"texture":"#0"}},"rotation":{"origin":[8.0,10.28925,6.337451],"angle":45.0,"axis":"x"}}],"display":{"gui":{"rotation":[30,225,0]}}}