{"textures":{"0":"modelengine:entity/nocsy_drakonin3"},"elements":[{"from":[13.307201,4.73398,18.51231],"to":[13.307201,7.3339806,24.51231],"faces":{"east":{"uv":[9.625,2.375,10.0,2.5625],"tintindex":0,"rotation":0,"texture":"#0"},"west":{"uv":[4.75,9.625,5.125,9.8125],"tintindex":0,"rotation":0,"texture":"#0"}},"rotation":{"origin":[9.888817,7.3264065,17.181051],"angle":45.0,"axis":"y"}},{"from":[11.719637,6.1325436,18.51231],"to":[14.319637,6.1325436,24.51231],"faces":{"up":{"uv":[9.375,9.9375,9.1875,9.5625],"tintindex":0,"rotation":0,"texture":"#0"},"down":{"uv":[0.1875,9.625,0.0,10.0],"tintindex":0,"rotation":0,"texture":"#0"}},"rotation":{"origin":[9.888817,7.3264065,17.181051],"angle":45.0,"axis":"y"}},{"from":[7.757745,4.534319,6.196457],"to":[10.757745,8.534319,13.196457],"faces":{"east":{"uv":[8.8125,4.25,9.25,4.5],"tintindex":0,"rotation":0,"texture":"#0"},"south":{"uv":[8.6875,9.8125,8.875,10.0625],"tintindex":0,"rotation":0,"texture":"#0"},"north":{"uv":[5.5,9.8125,5.6875,10.0625],"tintindex":0,"rotation":0,"texture":"#0"},"west":{"uv":[8.8125,5.875,9.25,6.125],"tintindex":0,"rotation":0,"texture":"#0"},"up":{"uv":[1.9375,9.875,1.75,9.4375],"tintindex":0,"rotation":0,"texture":"#0"},"down":{"uv":[2.1875,9.4375,2.0,9.875],"tintindex":0,"rotation":0,"texture":"#0"}},"rotation":{"origin":[8.957745,6.534319,11.596457],"angle":-22.5,"axis":"z"}},{"from":[11.707202,4.733981,12.91231],"to":[14.307202,7.3339815,18.512308],"faces":{"east":{"uv":[8.6875,3.875,9.0625,4.0625],"tintindex":0,"rotation":0,"texture":"#0"},"south":{"uv":[10.1875,3.625,10.375,3.8125],"tintindex":0,"rotation":0,"texture":"#0"},"north":{"uv":[10.1875,3.375,10.375,3.5625],"tintindex":0,"rotation":0,"texture":"#0"},"west":{"uv":[8.5,9.5625,8.875,9.75],"tintindex":0,"rotation":0,"texture":"#0"},"up":{"uv":[7.375,1.9375,7.1875,1.5625],"tintindex":0,"rotation":0,"texture":"#0"},"down":{"uv":[9.125,9.5625,8.9375,9.9375],"tintindex":0,"rotation":0,"texture":"#0"}},"rotation":{"origin":[9.888817,7.3264065,17.181051],"angle":45.0,"axis":"y"}}],"display":{"gui":{"rotation":[30,225,0]}}}