{"textures":{"0":"modelengine:entity/nocsy_drakonin3"},"elements":[{"from":[1.6927984,4.733981,12.91231],"to":[4.2927985,7.3339815,18.512308],"faces":{"east":{"uv":[8.875,9.5625,8.5,9.75],"tintindex":0,"rotation":0,"texture":"#0"},"south":{"uv":[10.375,3.625,10.1875,3.8125],"tintindex":0,"rotation":0,"texture":"#0"},"north":{"uv":[10.375,3.375,10.1875,3.5625],"tintindex":0,"rotation":0,"texture":"#0"},"west":{"uv":[9.0625,3.875,8.6875,4.0625],"tintindex":0,"rotation":0,"texture":"#0"},"up":{"uv":[7.1875,1.9375,7.375,1.5625],"tintindex":0,"rotation":0,"texture":"#0"},"down":{"uv":[8.9375,9.5625,9.125,9.9375],"tintindex":0,"rotation":0,"texture":"#0"}},"rotation":{"origin":[6.111183,7.3264065,17.181051],"angle":-45.0,"axis":"y"}},{"from":[2.6927981,4.73398,18.51231],"to":[2.6927981,7.3339806,24.51231],"faces":{"east":{"uv":[5.125,9.625,4.75,9.8125],"tintindex":0,"rotation":0,"texture":"#0"},"west":{"uv":[10.0,2.375,9.625,2.5625],"tintindex":0,"rotation":0,"texture":"#0"}},"rotation":{"origin":[6.111183,7.3264065,17.181051],"angle":-45.0,"axis":"y"}},{"from":[1.6803627,6.1325436,18.51231],"to":[4.2803626,6.1325436,24.51231],"faces":{"up":{"uv":[9.1875,9.9375,9.375,9.5625],"tintindex":0,"rotation":0,"texture":"#0"},"down":{"uv":[0.0,9.625,0.1875,10.0],"tintindex":0,"rotation":0,"texture":"#0"}},"rotation":{"origin":[6.111183,7.3264065,17.181051],"angle":-45.0,"axis":"y"}},{"from":[5.242255,4.534319,6.196457],"to":[8.242255,8.534319,13.196457],"faces":{"east":{"uv":[9.25,5.875,8.8125,6.125],"tintindex":0,"rotation":0,"texture":"#0"},"south":{"uv":[8.875,9.8125,8.6875,10.0625],"tintindex":0,"rotation":0,"texture":"#0"},"north":{"uv":[5.6875,9.8125,5.5,10.0625],"tintindex":0,"rotation":0,"texture":"#0"},"west":{"uv":[9.25,4.25,8.8125,4.5],"tintindex":0,"rotation":0,"texture":"#0"},"up":{"uv":[1.75,9.875,1.9375,9.4375],"tintindex":0,"rotation":0,"texture":"#0"},"down":{"uv":[2.0,9.4375,2.1875,9.875],"tintindex":0,"rotation":0,"texture":"#0"}},"rotation":{"origin":[7.0422554,6.534319,11.596457],"angle":22.5,"axis":"z"}}],"display":{"gui":{"rotation":[30,225,0]}}}