{"textures":{"0":"modelengine:entity/nocsy_drakonin3"},"elements":[{"from":[-2.783844,7.872788,3.1453495],"to":[7.7161565,7.972788,23.64535],"faces":{"east":{"uv":[7.9375,1.875,10.5,1.9375],"tintindex":0,"rotation":0,"texture":"#0"},"south":{"uv":[9.375,5.3125,10.6875,5.375],"tintindex":0,"rotation":0,"texture":"#0"},"north":{"uv":[9.1875,2.6875,10.5,2.75],"tintindex":0,"rotation":0,"texture":"#0"},"west":{"uv":[7.9375,2.0,10.5,2.0625],"tintindex":0,"rotation":0,"texture":"#0"},"up":{"uv":[1.3125,7.8125,0.0,5.25],"tintindex":0,"rotation":0,"texture":"#0"},"down":{"uv":[2.6875,5.25,1.375,7.8125],"tintindex":0,"rotation":0,"texture":"#0"}}},{"from":[-1.0271502,7.077788,3.4801264],"to":[0.46284962,8.567787,6.970126],"faces":{"east":{"uv":[9.3125,8.4375,9.75,8.625],"tintindex":0,"rotation":0,"texture":"#0"},"south":{"uv":[10.1875,0.25,10.375,0.4375],"tintindex":0,"rotation":0,"texture":"#0"},"north":{"uv":[0.25,10.1875,0.4375,10.375],"tintindex":0,"rotation":0,"texture":"#0"},"west":{"uv":[8.5,9.3125,8.9375,9.5],"tintindex":0,"rotation":0,"texture":"#0"},"up":{"uv":[6.8125,9.8125,6.625,9.375],"tintindex":0,"rotation":0,"texture":"#0"},"down":{"uv":[9.5625,6.625,9.375,7.0625],"tintindex":0,"rotation":0,"texture":"#0"}},"rotation":{"origin":[1.7178493,7.822788,6.2251263],"angle":45.0,"axis":"y"}},{"from":[-2.8980246,7.072788,2.5713243],"to":[-1.3980246,8.572788,6.0713243],"faces":{"east":{"uv":[9.375,5.0625,9.8125,5.25],"tintindex":0,"rotation":0,"texture":"#0"},"south":{"uv":[1.0625,10.1875,1.25,10.375],"tintindex":0,"rotation":0,"texture":"#0"},"north":{"uv":[10.1875,0.875,10.375,1.0625],"tintindex":0,"rotation":0,"texture":"#0"},"west":{"uv":[6.875,9.375,7.3125,9.5625],"tintindex":0,"rotation":0,"texture":"#0"},"up":{"uv":[8.0,9.8125,7.8125,9.375],"tintindex":0,"rotation":0,"texture":"#0"},"down":{"uv":[9.5625,8.6875,9.375,9.125],"tintindex":0,"rotation":0,"texture":"#0"}},"rotation":{"origin":[-2.1480246,7.822788,4.3213243],"angle":22.5,"axis":"y"}},{"from":[0.3036356,7.072788,7.2],"to":[6.8036356,8.572788,8.7],"faces":{"east":{"uv":[9.5,10.125,9.6875,10.3125],"tintindex":0,"rotation":0,"texture":"#0"},"south":{"uv":[8.0,2.875,8.8125,3.0625],"tintindex":0,"rotation":0,"texture":"#0"},"north":{"uv":[8.0,2.625,8.8125,2.8125],"tintindex":0,"rotation":0,"texture":"#0"},"west":{"uv":[9.75,10.125,9.9375,10.3125],"tintindex":0,"rotation":0,"texture":"#0"},"up":{"uv":[7.3125,8.1875,6.5,8.0],"tintindex":0,"rotation":0,"texture":"#0"},"down":{"uv":[8.1875,8.0,7.375,8.1875],"tintindex":0,"rotation":0,"texture":"#0"}}},{"from":[6.3036356,6.572788,6.75],"to":[8.803636,9.072788,9.25],"faces":{"east":{"uv":[7.875,9.0,8.1875,9.3125],"tintindex":0,"rotation":0,"texture":"#0"},"south":{"uv":[9.0,8.875,9.3125,9.1875],"tintindex":0,"rotation":0,"texture":"#0"},"north":{"uv":[9.0,7.1875,9.3125,7.5],"tintindex":0,"rotation":0,"texture":"#0"},"west":{"uv":[0.25,9.0625,0.5625,9.375],"tintindex":0,"rotation":0,"texture":"#0"},"up":{"uv":[9.375,0.6875,9.0625,0.375],"tintindex":0,"rotation":0,"texture":"#0"},"down":{"uv":[0.9375,9.0625,0.625,9.375],"tintindex":0,"rotation":0,"texture":"#0"}}}],"display":{"gui":{"rotation":[30,225,0]}}}