{"textures":{"0":"modelengine:entity/nocsy_drakonin3"},"elements":[{"from":[-8.001944,8.002501,4.973771],"to":[7.9980564,8.1025,25.473772],"faces":{"east":{"uv":[7.9375,2.125,10.5,2.1875],"tintindex":0,"rotation":0,"texture":"#0"},"south":{"uv":[8.3125,5.75,10.3125,5.8125],"tintindex":0,"rotation":0,"texture":"#0"},"north":{"uv":[8.3125,5.625,10.3125,5.6875],"tintindex":0,"rotation":0,"texture":"#0"},"west":{"uv":[7.9375,2.25,10.5,2.3125],"tintindex":0,"rotation":0,"texture":"#0"},"up":{"uv":[2.0,5.1875,0.0,2.625],"tintindex":0,"rotation":0,"texture":"#0"},"down":{"uv":[4.0625,2.625,2.0625,5.1875],"tintindex":0,"rotation":0,"texture":"#0"}}},{"from":[-4.3015795,7.2075,10.863313],"to":[1.1884203,8.6975,12.3533125],"faces":{"east":{"uv":[2.1875,10.1875,2.375,10.375],"tintindex":0,"rotation":0,"texture":"#0"},"south":{"uv":[8.3125,0.75,9.0,0.9375],"tintindex":0,"rotation":0,"texture":"#0"},"north":{"uv":[8.3125,0.5,9.0,0.6875],"tintindex":0,"rotation":0,"texture":"#0"},"west":{"uv":[2.4375,10.1875,2.625,10.375],"tintindex":0,"rotation":0,"texture":"#0"},"up":{"uv":[9.0,1.1875,8.3125,1.0],"tintindex":0,"rotation":0,"texture":"#0"},"down":{"uv":[9.0,1.25,8.3125,1.4375],"tintindex":0,"rotation":0,"texture":"#0"}},"rotation":{"origin":[-3.0565796,7.9525,11.608313],"angle":45.0,"axis":"y"}},{"from":[-0.5019436,7.2025,4.973771],"to":[7.9980564,8.702499,6.473771],"faces":{"east":{"uv":[10.1875,1.125,10.375,1.3125],"tintindex":0,"rotation":0,"texture":"#0"},"south":{"uv":[7.6875,6.0625,8.75,6.25],"tintindex":0,"rotation":0,"texture":"#0"},"north":{"uv":[6.0625,7.625,7.125,7.8125],"tintindex":0,"rotation":0,"texture":"#0"},"west":{"uv":[1.3125,10.1875,1.5,10.375],"tintindex":0,"rotation":0,"texture":"#0"},"up":{"uv":[8.75,6.5,7.6875,6.3125],"tintindex":0,"rotation":0,"texture":"#0"},"down":{"uv":[8.25,7.75,7.1875,7.9375],"tintindex":0,"rotation":0,"texture":"#0"}},"rotation":{"origin":[7.2480564,7.9525,6.723771],"angle":22.5,"axis":"y"}},{"from":[-4.662655,7.2025,11.426421],"to":[-3.1626549,8.702499,16.926422],"faces":{"east":{"uv":[4.5625,8.3125,5.25,8.5],"tintindex":0,"rotation":0,"texture":"#0"},"south":{"uv":[3.0625,10.1875,3.25,10.375],"tintindex":0,"rotation":0,"texture":"#0"},"north":{"uv":[10.1875,2.8125,10.375,3.0],"tintindex":0,"rotation":0,"texture":"#0"},"west":{"uv":[5.3125,8.3125,6.0,8.5],"tintindex":0,"rotation":0,"texture":"#0"},"up":{"uv":[6.25,9.0,6.0625,8.3125],"tintindex":0,"rotation":0,"texture":"#0"},"down":{"uv":[0.1875,8.375,0.0,9.0625],"tintindex":0,"rotation":0,"texture":"#0"}},"rotation":{"origin":[-5.912655,7.9525,12.176421],"angle":-22.5,"axis":"y"}}],"display":{"gui":{"rotation":[30,225,0]}}}