{"textures":{"0":"modelengine:entity/nocsy_drakonin3"},"elements":[{"from":[5.0,8.111329,6.9499884],"to":[11.0,15.111329,12.949987],"faces":{"east":{"uv":[3.25,7.875,3.625,8.3125],"tintindex":0,"rotation":0,"texture":"#0"},"south":{"uv":[3.6875,7.875,4.0625,8.3125],"tintindex":0,"rotation":0,"texture":"#0"},"north":{"uv":[2.0,7.875,2.375,8.3125],"tintindex":0,"rotation":0,"texture":"#0"},"west":{"uv":[4.125,7.875,4.5,8.3125],"tintindex":0,"rotation":0,"texture":"#0"},"up":{"uv":[6.5625,6.0625,6.1875,5.6875],"tintindex":0,"rotation":0,"texture":"#0"},"down":{"uv":[5.4375,7.875,5.0625,8.25],"tintindex":0,"rotation":0,"texture":"#0"}}},{"from":[5.01,14.245261,6.2280493],"to":[10.99,18.22526,12.208048],"faces":{"east":{"uv":[6.625,9.0625,7.0,9.3125],"tintindex":0,"rotation":0,"texture":"#0"},"south":{"uv":[7.0625,9.0625,7.4375,9.3125],"tintindex":0,"rotation":0,"texture":"#0"},"north":{"uv":[8.875,7.6875,9.25,7.9375],"tintindex":0,"rotation":0,"texture":"#0"},"west":{"uv":[9.125,0.0,9.5,0.25],"tintindex":0,"rotation":0,"texture":"#0"},"up":{"uv":[2.8125,8.4375,2.4375,8.0625],"tintindex":0,"rotation":0,"texture":"#0"},"down":{"uv":[8.625,3.125,8.25,3.5],"tintindex":0,"rotation":0,"texture":"#0"}},"rotation":{"origin":[8.0,16.51315,10.381875],"angle":-22.5,"axis":"x"}}],"display":{"gui":{"rotation":[30,225,0]}}}