{"textures":{"0":"modelengine:entity/nocsy_drakonin3"},"elements":[{"from":[8.001944,8.002501,4.973771],"to":[24.001944,8.1025,25.473772],"faces":{"east":{"uv":[10.5,2.25,7.9375,2.3125],"tintindex":0,"rotation":0,"texture":"#0"},"south":{"uv":[10.3125,5.75,8.3125,5.8125],"tintindex":0,"rotation":0,"texture":"#0"},"north":{"uv":[10.3125,5.625,8.3125,5.6875],"tintindex":0,"rotation":0,"texture":"#0"},"west":{"uv":[10.5,2.125,7.9375,2.1875],"tintindex":0,"rotation":0,"texture":"#0"},"up":{"uv":[0.0,5.1875,2.0,2.625],"tintindex":0,"rotation":0,"texture":"#0"},"down":{"uv":[2.0625,2.625,4.0625,5.1875],"tintindex":0,"rotation":0,"texture":"#0"}}},{"from":[14.81158,7.2075,10.863313],"to":[20.30158,8.6975,12.3533125],"faces":{"east":{"uv":[2.625,10.1875,2.4375,10.375],"tintindex":0,"rotation":0,"texture":"#0"},"south":{"uv":[9.0,0.75,8.3125,0.9375],"tintindex":0,"rotation":0,"texture":"#0"},"north":{"uv":[9.0,0.5,8.3125,0.6875],"tintindex":0,"rotation":0,"texture":"#0"},"west":{"uv":[2.375,10.1875,2.1875,10.375],"tintindex":0,"rotation":0,"texture":"#0"},"up":{"uv":[8.3125,1.1875,9.0,1.0],"tintindex":0,"rotation":0,"texture":"#0"},"down":{"uv":[8.3125,1.25,9.0,1.4375],"tintindex":0,"rotation":0,"texture":"#0"}},"rotation":{"origin":[19.05658,7.9525,11.608313],"angle":-45.0,"axis":"y"}},{"from":[19.162655,7.2025,11.426421],"to":[20.662655,8.702499,16.926422],"faces":{"east":{"uv":[6.0,8.3125,5.3125,8.5],"tintindex":0,"rotation":0,"texture":"#0"},"south":{"uv":[3.25,10.1875,3.0625,10.375],"tintindex":0,"rotation":0,"texture":"#0"},"north":{"uv":[10.375,2.8125,10.1875,3.0],"tintindex":0,"rotation":0,"texture":"#0"},"west":{"uv":[5.25,8.3125,4.5625,8.5],"tintindex":0,"rotation":0,"texture":"#0"},"up":{"uv":[6.0625,9.0,6.25,8.3125],"tintindex":0,"rotation":0,"texture":"#0"},"down":{"uv":[0.0,8.375,0.1875,9.0625],"tintindex":0,"rotation":0,"texture":"#0"}},"rotation":{"origin":[21.912655,7.9525,12.176421],"angle":22.5,"axis":"y"}},{"from":[8.001944,7.2025,4.973771],"to":[16.501944,8.702499,6.473771],"faces":{"east":{"uv":[1.5,10.1875,1.3125,10.375],"tintindex":0,"rotation":0,"texture":"#0"},"south":{"uv":[8.75,6.0625,7.6875,6.25],"tintindex":0,"rotation":0,"texture":"#0"},"north":{"uv":[7.125,7.625,6.0625,7.8125],"tintindex":0,"rotation":0,"texture":"#0"},"west":{"uv":[10.375,1.125,10.1875,1.3125],"tintindex":0,"rotation":0,"texture":"#0"},"up":{"uv":[7.6875,6.5,8.75,6.3125],"tintindex":0,"rotation":0,"texture":"#0"},"down":{"uv":[7.1875,7.75,8.25,7.9375],"tintindex":0,"rotation":0,"texture":"#0"}},"rotation":{"origin":[8.751944,7.9525,6.723771],"angle":-22.5,"axis":"y"}}],"display":{"gui":{"rotation":[30,225,0]}}}