{"textures":{"0":"modelengine:entity/nocsy_drakonin3"},"elements":[{"from":[7.1963644,6.572788,6.75],"to":[9.696364,9.072788,9.25],"faces":{"east":{"uv":[0.5625,9.0625,0.25,9.375],"tintindex":0,"rotation":0,"texture":"#0"},"south":{"uv":[9.3125,8.875,9.0,9.1875],"tintindex":0,"rotation":0,"texture":"#0"},"north":{"uv":[9.3125,7.1875,9.0,7.5],"tintindex":0,"rotation":0,"texture":"#0"},"west":{"uv":[8.1875,9.0,7.875,9.3125],"tintindex":0,"rotation":0,"texture":"#0"},"up":{"uv":[9.0625,0.6875,9.375,0.375],"tintindex":0,"rotation":0,"texture":"#0"},"down":{"uv":[0.625,9.0625,0.9375,9.375],"tintindex":0,"rotation":0,"texture":"#0"}}},{"from":[17.398026,7.072788,2.5713243],"to":[18.898026,8.572788,6.0713243],"faces":{"east":{"uv":[7.3125,9.375,6.875,9.5625],"tintindex":0,"rotation":0,"texture":"#0"},"south":{"uv":[1.25,10.1875,1.0625,10.375],"tintindex":0,"rotation":0,"texture":"#0"},"north":{"uv":[10.375,0.875,10.1875,1.0625],"tintindex":0,"rotation":0,"texture":"#0"},"west":{"uv":[9.8125,5.0625,9.375,5.25],"tintindex":0,"rotation":0,"texture":"#0"},"up":{"uv":[7.8125,9.8125,8.0,9.375],"tintindex":0,"rotation":0,"texture":"#0"},"down":{"uv":[9.375,8.6875,9.5625,9.125],"tintindex":0,"rotation":0,"texture":"#0"}},"rotation":{"origin":[18.148026,7.822788,4.3213243],"angle":-22.5,"axis":"y"}},{"from":[8.283844,7.872788,3.1453495],"to":[18.783844,7.972788,23.64535],"faces":{"east":{"uv":[10.5,2.0,7.9375,2.0625],"tintindex":0,"rotation":0,"texture":"#0"},"south":{"uv":[10.6875,5.3125,9.375,5.375],"tintindex":0,"rotation":0,"texture":"#0"},"north":{"uv":[10.5,2.6875,9.1875,2.75],"tintindex":0,"rotation":0,"texture":"#0"},"west":{"uv":[10.5,1.875,7.9375,1.9375],"tintindex":0,"rotation":0,"texture":"#0"},"up":{"uv":[0.0,7.8125,1.3125,5.25],"tintindex":0,"rotation":0,"texture":"#0"},"down":{"uv":[1.375,5.25,2.6875,7.8125],"tintindex":0,"rotation":0,"texture":"#0"}}},{"from":[15.53715,7.077788,3.4801264],"to":[17.02715,8.567787,6.970126],"faces":{"east":{"uv":[8.9375,9.3125,8.5,9.5],"tintindex":0,"rotation":0,"texture":"#0"},"south":{"uv":[10.375,0.25,10.1875,0.4375],"tintindex":0,"rotation":0,"texture":"#0"},"north":{"uv":[0.4375,10.1875,0.25,10.375],"tintindex":0,"rotation":0,"texture":"#0"},"west":{"uv":[9.75,8.4375,9.3125,8.625],"tintindex":0,"rotation":0,"texture":"#0"},"up":{"uv":[6.625,9.8125,6.8125,9.375],"tintindex":0,"rotation":0,"texture":"#0"},"down":{"uv":[9.375,6.625,9.5625,7.0625],"tintindex":0,"rotation":0,"texture":"#0"}},"rotation":{"origin":[14.28215,7.822788,6.2251263],"angle":-45.0,"axis":"y"}},{"from":[9.196364,7.072788,7.2],"to":[15.696364,8.572788,8.7],"faces":{"east":{"uv":[9.9375,10.125,9.75,10.3125],"tintindex":0,"rotation":0,"texture":"#0"},"south":{"uv":[8.8125,2.875,8.0,3.0625],"tintindex":0,"rotation":0,"texture":"#0"},"north":{"uv":[8.8125,2.625,8.0,2.8125],"tintindex":0,"rotation":0,"texture":"#0"},"west":{"uv":[9.6875,10.125,9.5,10.3125],"tintindex":0,"rotation":0,"texture":"#0"},"up":{"uv":[6.5,8.1875,7.3125,8.0],"tintindex":0,"rotation":0,"texture":"#0"},"down":{"uv":[7.375,8.0,8.1875,8.1875],"tintindex":0,"rotation":0,"texture":"#0"}}}],"display":{"gui":{"rotation":[30,225,0]}}}