{"textures":{"0":"modelengine:entity/nocsy_drakonin3"},"elements":[{"from":[10.6,7.3857093,8.577297],"to":[14.6,7.3857093,16.577297],"faces":{"up":{"uv":[2.5625,9.0,2.8125,8.5],"tintindex":0,"rotation":0,"texture":"#0"},"down":{"uv":[2.5625,8.5,2.8125,9.0],"tintindex":0,"rotation":0,"texture":"#0"}},"rotation":{"origin":[12.5,8.08571,12.577297],"angle":-22.5,"axis":"z"}},{"from":[5.5,4.0857096,6.577297],"to":[10.5,10.08571,13.577297],"faces":{"east":{"uv":[4.5625,7.875,5.0,8.25],"tintindex":0,"rotation":0,"texture":"#0"},"south":{"uv":[1.5,8.6875,1.8125,9.0625],"tintindex":0,"rotation":0,"texture":"#0"},"north":{"uv":[1.125,8.6875,1.4375,9.0625],"tintindex":0,"rotation":0,"texture":"#0"},"west":{"uv":[6.0,7.875,6.4375,8.25],"tintindex":0,"rotation":0,"texture":"#0"},"up":{"uv":[3.1875,8.5,2.875,8.0625],"tintindex":0,"rotation":0,"texture":"#0"},"down":{"uv":[8.5625,4.75,8.25,5.1875],"tintindex":0,"rotation":0,"texture":"#0"}},"rotation":{"origin":[7.5,5.7893925,12.753973],"angle":22.5,"axis":"x"}},{"from":[1.4000001,7.3857093,8.577297],"to":[5.4,7.3857093,16.577297],"faces":{"up":{"uv":[2.8125,9.0,2.5625,8.5],"tintindex":0,"rotation":0,"texture":"#0"},"down":{"uv":[2.8125,8.5,2.5625,9.0],"tintindex":0,"rotation":0,"texture":"#0"}},"rotation":{"origin":[3.5,8.08571,12.577297],"angle":22.5,"axis":"z"}}],"display":{"gui":{"rotation":[30,225,0]}}}