{"textures":{"0":"modelengine:entity/hover_bike"},"elements":[{"from":[2.9982057,9.505388,6.014145],"to":[3.4982057,11.505388,10.014145],"faces":{"east":{"uv":[7.5,2.9375,7.75,3.0625],"tintindex":0,"rotation":0,"texture":"#0"},"south":{"uv":[4.1875,9.0,4.21875,9.125],"tintindex":0,"rotation":0,"texture":"#0"},"north":{"uv":[4.125,9.0,4.15625,9.125],"tintindex":0,"rotation":0,"texture":"#0"},"west":{"uv":[7.5,3.25,7.75,3.375],"tintindex":0,"rotation":0,"texture":"#0"},"up":{"uv":[1.65625,8.8125,1.625,8.5625],"tintindex":0,"rotation":0,"texture":"#0"},"down":{"uv":[1.71875,8.5625,1.6875,8.8125],"tintindex":0,"rotation":0,"texture":"#0"}},"rotation":{"origin":[3.2482057,8.505388,8.014145],"angle":45.0,"axis":"y"}},{"from":[11.106962,5.5053883,9.372902],"to":[11.606962,7.5053883,13.372902],"faces":{"east":{"uv":[7.5,4.375,7.75,4.5],"tintindex":0,"rotation":0,"texture":"#0"},"south":{"uv":[6.25,9.0,6.28125,9.125],"tintindex":0,"rotation":0,"texture":"#0"},"north":{"uv":[6.1875,9.0,6.21875,9.125],"tintindex":0,"rotation":0,"texture":"#0"},"west":{"uv":[4.4375,7.5,4.6875,7.625],"tintindex":0,"rotation":0,"texture":"#0"},"up":{"uv":[3.09375,8.8125,3.0625,8.5625],"tintindex":0,"rotation":0,"texture":"#0"},"down":{"uv":[3.15625,8.5625,3.125,8.8125],"tintindex":0,"rotation":0,"texture":"#0"}},"rotation":{"origin":[11.356962,8.505388,11.372902],"angle":45.0,"axis":"y"}},{"from":[7.7482057,9.505388,10.764145],"to":[8.248205,11.505388,14.764145],"faces":{"east":{"uv":[7.5,0.125,7.75,0.25],"tintindex":0,"rotation":0,"texture":"#0"},"south":{"uv":[3.5625,9.0,3.59375,9.125],"tintindex":0,"rotation":0,"texture":"#0"},"north":{"uv":[3.25,9.0,3.28125,9.125],"tintindex":0,"rotation":0,"texture":"#0"},"west":{"uv":[0.625,7.5,0.875,7.625],"tintindex":0,"rotation":0,"texture":"#0"},"up":{"uv":[8.59375,1.375,8.5625,1.125],"tintindex":0,"rotation":0,"texture":"#0"},"down":{"uv":[1.21875,8.5625,1.1875,8.8125],"tintindex":0,"rotation":0,"texture":"#0"}}},{"from":[4.389448,5.5053883,2.6553879],"to":[4.889448,7.5053883,6.655388],"faces":{"east":{"uv":[6.5625,7.5625,6.8125,7.6875],"tintindex":0,"rotation":0,"texture":"#0"},"south":{"uv":[7.0,9.0,7.03125,9.125],"tintindex":0,"rotation":0,"texture":"#0"},"north":{"uv":[6.9375,9.0,6.96875,9.125],"tintindex":0,"rotation":0,"texture":"#0"},"west":{"uv":[7.5625,6.625,7.8125,6.75],"tintindex":0,"rotation":0,"texture":"#0"},"up":{"uv":[4.40625,8.8125,4.375,8.5625],"tintindex":0,"rotation":0,"texture":"#0"},"down":{"uv":[4.46875,8.5625,4.4375,8.8125],"tintindex":0,"rotation":0,"texture":"#0"}},"rotation":{"origin":[4.639448,8.505388,4.655388],"angle":45.0,"axis":"y"}},{"from":[4.389448,9.505388,9.372902],"to":[4.889448,11.505388,13.372902],"faces":{"east":{"uv":[7.5,3.75,7.75,3.875],"tintindex":0,"rotation":0,"texture":"#0"},"south":{"uv":[6.0,9.0,6.03125,9.125],"tintindex":0,"rotation":0,"texture":"#0"},"north":{"uv":[5.9375,9.0,5.96875,9.125],"tintindex":0,"rotation":0,"texture":"#0"},"west":{"uv":[7.5,4.0,7.75,4.125],"tintindex":0,"rotation":0,"texture":"#0"},"up":{"uv":[8.59375,2.375,8.5625,2.125],"tintindex":0,"rotation":0,"texture":"#0"},"down":{"uv":[2.21875,8.5625,2.1875,8.8125],"tintindex":0,"rotation":0,"texture":"#0"}},"rotation":{"origin":[4.639448,8.505388,11.372902],"angle":-45.0,"axis":"y"}},{"from":[12.498205,5.5053883,6.014145],"to":[12.998205,7.5053883,10.014145],"faces":{"east":{"uv":[7.5,4.125,7.75,4.25],"tintindex":0,"rotation":0,"texture":"#0"},"south":{"uv":[6.125,9.0,6.15625,9.125],"tintindex":0,"rotation":0,"texture":"#0"},"north":{"uv":[6.0625,9.0,6.09375,9.125],"tintindex":0,"rotation":0,"texture":"#0"},"west":{"uv":[7.5,4.25,7.75,4.375],"tintindex":0,"rotation":0,"texture":"#0"},"up":{"uv":[8.59375,2.625,8.5625,2.375],"tintindex":0,"rotation":0,"texture":"#0"},"down":{"uv":[3.03125,8.5625,3.0,8.8125],"tintindex":0,"rotation":0,"texture":"#0"}},"rotation":{"origin":[12.748205,8.505388,8.014145],"angle":45.0,"axis":"y"}},{"from":[11.106962,9.505388,2.6553879],"to":[11.606962,11.505388,6.655388],"faces":{"east":{"uv":[7.3125,7.4375,7.5625,7.5625],"tintindex":0,"rotation":0,"texture":"#0"},"south":{"uv":[3.1875,9.0,3.21875,9.125],"tintindex":0,"rotation":0,"texture":"#0"},"north":{"uv":[3.125,9.0,3.15625,9.125],"tintindex":0,"rotation":0,"texture":"#0"},"west":{"uv":[7.5,0.0,7.75,0.125],"tintindex":0,"rotation":0,"texture":"#0"},"up":{"uv":[1.09375,8.8125,1.0625,8.5625],"tintindex":0,"rotation":0,"texture":"#0"},"down":{"uv":[1.15625,8.5625,1.125,8.8125],"tintindex":0,"rotation":0,"texture":"#0"}},"rotation":{"origin":[11.356962,8.505388,4.655388],"angle":-45.0,"axis":"y"}},{"from":[2.9982057,5.5053883,6.014145],"to":[3.4982057,7.5053883,10.014145],"faces":{"east":{"uv":[4.8125,7.5625,5.0625,7.6875],"tintindex":0,"rotation":0,"texture":"#0"},"south":{"uv":[6.875,9.0,6.90625,9.125],"tintindex":0,"rotation":0,"texture":"#0"},"north":{"uv":[6.8125,9.0,6.84375,9.125],"tintindex":0,"rotation":0,"texture":"#0"},"west":{"uv":[6.3125,7.5625,6.5625,7.6875],"tintindex":0,"rotation":0,"texture":"#0"},"up":{"uv":[4.28125,8.8125,4.25,8.5625],"tintindex":0,"rotation":0,"texture":"#0"},"down":{"uv":[4.34375,8.5625,4.3125,8.8125],"tintindex":0,"rotation":0,"texture":"#0"}},"rotation":{"origin":[3.2482057,8.505388,8.014145],"angle":45.0,"axis":"y"}},{"from":[4.849653,9.894392,4.6855392],"to":[11.349653,11.019392,11.185539],"faces":{"east":{"uv":[7.6875,5.25,8.09375,5.3203125],"tintindex":0,"rotation":0,"texture":"#0"},"south":{"uv":[7.6875,5.375,8.09375,5.4453125],"tintindex":0,"rotation":0,"texture":"#0"},"north":{"uv":[7.6875,5.125,8.09375,5.1953125],"tintindex":0,"rotation":0,"texture":"#0"},"west":{"uv":[7.6875,5.5,8.09375,5.5703125],"tintindex":0,"rotation":0,"texture":"#0"},"up":{"uv":[4.78125,0.40625,4.375,0.0],"tintindex":0,"rotation":0,"texture":"#0"},"down":{"uv":[4.78125,0.4375,4.375,0.84375],"tintindex":0,"rotation":0,"texture":"#0"}},"rotation":{"origin":[7.9982057,8.48114,8.014145],"angle":45.0,"axis":"y"}},{"from":[11.106962,5.5053883,2.6553879],"to":[11.606962,7.5053883,6.655388],"faces":{"east":{"uv":[6.0625,7.5,6.3125,7.625],"tintindex":0,"rotation":0,"texture":"#0"},"south":{"uv":[6.625,9.0,6.65625,9.125],"tintindex":0,"rotation":0,"texture":"#0"},"north":{"uv":[6.5625,9.0,6.59375,9.125],"tintindex":0,"rotation":0,"texture":"#0"},"west":{"uv":[7.5,7.3125,7.75,7.4375],"tintindex":0,"rotation":0,"texture":"#0"},"up":{"uv":[3.71875,8.8125,3.6875,8.5625],"tintindex":0,"rotation":0,"texture":"#0"},"down":{"uv":[8.59375,3.9375,8.5625,4.1875],"tintindex":0,"rotation":0,"texture":"#0"}},"rotation":{"origin":[11.356962,8.505388,4.655388],"angle":-45.0,"axis":"y"}},{"from":[7.7482057,5.5053883,10.764145],"to":[8.248205,7.5053883,14.764145],"faces":{"east":{"uv":[7.5,4.625,7.75,4.75],"tintindex":0,"rotation":0,"texture":"#0"},"south":{"uv":[6.375,9.0,6.40625,9.125],"tintindex":0,"rotation":0,"texture":"#0"},"north":{"uv":[6.3125,9.0,6.34375,9.125],"tintindex":0,"rotation":0,"texture":"#0"},"west":{"uv":[7.5,4.75,7.75,4.875],"tintindex":0,"rotation":0,"texture":"#0"},"up":{"uv":[3.21875,8.8125,3.1875,8.5625],"tintindex":0,"rotation":0,"texture":"#0"},"down":{"uv":[3.28125,8.5625,3.25,8.8125],"tintindex":0,"rotation":0,"texture":"#0"}}},{"from":[7.7482057,5.5053883,1.2641449],"to":[8.248205,7.5053883,5.264145],"faces":{"east":{"uv":[1.75,7.5625,2.0,7.6875],"tintindex":0,"rotation":0,"texture":"#0"},"south":{"uv":[6.75,9.0,6.78125,9.125],"tintindex":0,"rotation":0,"texture":"#0"},"north":{"uv":[6.6875,9.0,6.71875,9.125],"tintindex":0,"rotation":0,"texture":"#0"},"west":{"uv":[2.875,7.5625,3.125,7.6875],"tintindex":0,"rotation":0,"texture":"#0"},"up":{"uv":[4.15625,8.8125,4.125,8.5625],"tintindex":0,"rotation":0,"texture":"#0"},"down":{"uv":[4.21875,8.5625,4.1875,8.8125],"tintindex":0,"rotation":0,"texture":"#0"}}},{"from":[4.389448,5.5053883,9.372902],"to":[4.889448,7.5053883,13.372902],"faces":{"east":{"uv":[7.5,4.875,7.75,5.0],"tintindex":0,"rotation":0,"texture":"#0"},"south":{"uv":[6.5,9.0,6.53125,9.125],"tintindex":0,