{"textures":{"0":"modelengine:entity/hover_bike"},"elements":[{"from":[7.4375,8.928033,-1.4217834],"to":[8.5625,11.178033,11.015717],"faces":{"east":{"uv":[5.25,1.5625,5.9179688,1.703125],"tintindex":0,"rotation":0,"texture":"#0"},"south":{"uv":[3.4375,8.4375,3.5078125,8.578125],"tintindex":0,"rotation":0,"texture":"#0"},"north":{"uv":[3.3125,8.4375,3.3828125,8.578125],"tintindex":0,"rotation":0,"texture":"#0"},"west":{"uv":[5.4375,4.1875,6.1054688,4.328125],"tintindex":0,"rotation":0,"texture":"#0"},"up":{"uv":[0.7578125,7.4804688,0.6875,6.8125],"tintindex":0,"rotation":0,"texture":"#0"},"down":{"uv":[0.8828125,6.8125,0.8125,7.4804688],"tintindex":0,"rotation":0,"texture":"#0"}},"rotation":{"origin":[8.0,10.0,8.0],"angle":45.0,"axis":"x"}},{"from":[5.3125,7.063775,7.204975],"to":[6.4375,8.313775,13.1174755],"faces":{"east":{"uv":[5.25,1.5625,5.9179688,1.703125],"tintindex":0,"rotation":0,"texture":"#0"},"south":{"uv":[3.4375,8.4375,3.5078125,8.578125],"tintindex":0,"rotation":0,"texture":"#0"},"north":{"uv":[3.3125,8.4375,3.3828125,8.578125],"tintindex":0,"rotation":0,"texture":"#0"},"west":{"uv":[5.4375,4.1875,6.1054688,4.328125],"tintindex":0,"rotation":0,"texture":"#0"},"up":{"uv":[0.7578125,7.4804688,0.6875,6.8125],"tintindex":0,"rotation":0,"texture":"#0"},"down":{"uv":[0.8828125,6.8125,0.8125,7.4804688],"tintindex":0,"rotation":0,"texture":"#0"}}},{"from":[6.4375,7.063775,7.204975],"to":[9.5625,9.313775,13.1174755],"faces":{"east":{"uv":[5.25,1.5625,5.9179688,1.703125],"tintindex":0,"rotation":0,"texture":"#0"},"south":{"uv":[3.4375,8.4375,3.5078125,8.578125],"tintindex":0,"rotation":0,"texture":"#0"},"north":{"uv":[3.3125,8.4375,3.3828125,8.578125],"tintindex":0,"rotation":0,"texture":"#0"},"west":{"uv":[5.4375,4.1875,6.1054688,4.328125],"tintindex":0,"rotation":0,"texture":"#0"},"up":{"uv":[0.7578125,7.4804688,0.6875,6.8125],"tintindex":0,"rotation":0,"texture":"#0"},"down":{"uv":[0.8828125,6.8125,0.8125,7.4804688],"tintindex":0,"rotation":0,"texture":"#0"}}},{"from":[9.5625,7.063775,7.204975],"to":[10.6875,8.313775,13.1174755],"faces":{"east":{"uv":[5.25,1.5625,5.9179688,1.703125],"tintindex":0,"rotation":0,"texture":"#0"},"south":{"uv":[3.4375,8.4375,3.5078125,8.578125],"tintindex":0,"rotation":0,"texture":"#0"},"north":{"uv":[3.3125,8.4375,3.3828125,8.578125],"tintindex":0,"rotation":0,"texture":"#0"},"west":{"uv":[5.4375,4.1875,6.1054688,4.328125],"tintindex":0,"rotation":0,"texture":"#0"},"up":{"uv":[0.7578125,7.4804688,0.6875,6.8125],"tintindex":0,"rotation":0,"texture":"#0"},"down":{"uv":[0.8828125,6.8125,0.8125,7.4804688],"tintindex":0,"rotation":0,"texture":"#0"}}}],"display":{"gui":{"rotation":[30,225,0]}}}