{"textures":{"0":"modelengine:entity/hover_bike"},"elements":[{"from":[7.7482057,5.5053883,1.2641468],"to":[8.248205,7.5053883,5.264147],"faces":{"east":{"uv":[7.4375,5.375,7.6875,5.5],"tintindex":0,"rotation":0,"texture":"#0"},"south":{"uv":[2.4375,9.0,2.46875,9.125],"tintindex":0,"rotation":0,"texture":"#0"},"north":{"uv":[8.8125,6.875,8.84375,7.0],"tintindex":0,"rotation":0,"texture":"#0"},"west":{"uv":[7.4375,5.5,7.6875,5.625],"tintindex":0,"rotation":0,"texture":"#0"},"up":{"uv":[4.09375,8.75,4.0625,8.5],"tintindex":0,"rotation":0,"texture":"#0"},"down":{"uv":[4.90625,8.5,4.875,8.75],"tintindex":0,"rotation":0,"texture":"#0"}}},{"from":[12.498205,5.5053883,6.014147],"to":[12.998205,7.5053883,10.014147],"faces":{"east":{"uv":[6.8125,7.4375,7.0625,7.5625],"tintindex":0,"rotation":0,"texture":"#0"},"south":{"uv":[3.0625,9.0,3.09375,9.125],"tintindex":0,"rotation":0,"texture":"#0"},"north":{"uv":[9.0,3.0,9.03125,3.125],"tintindex":0,"rotation":0,"texture":"#0"},"west":{"uv":[7.0625,7.4375,7.3125,7.5625],"tintindex":0,"rotation":0,"texture":"#0"},"up":{"uv":[0.96875,8.8125,0.9375,8.5625],"tintindex":0,"rotation":0,"texture":"#0"},"down":{"uv":[1.03125,8.5625,1.0,8.8125],"tintindex":0,"rotation":0,"texture":"#0"}},"rotation":{"origin":[12.748205,8.505388,8.014147],"angle":45.0,"axis":"y"}},{"from":[2.9982057,9.505388,6.014147],"to":[3.4982057,11.505388,10.014147],"faces":{"east":{"uv":[3.625,7.375,3.875,7.5],"tintindex":0,"rotation":0,"texture":"#0"},"south":{"uv":[0.75,7.8125,0.78125,7.9375],"tintindex":0,"rotation":0,"texture":"#0"},"north":{"uv":[5.0625,7.5625,5.09375,7.6875],"tintindex":0,"rotation":0,"texture":"#0"},"west":{"uv":[4.4375,7.375,4.6875,7.5],"tintindex":0,"rotation":0,"texture":"#0"},"up":{"uv":[2.03125,8.75,2.0,8.5],"tintindex":0,"rotation":0,"texture":"#0"},"down":{"uv":[8.53125,2.125,8.5,2.375],"tintindex":0,"rotation":0,"texture":"#0"}},"rotation":{"origin":[3.2482057,8.505388,8.014147],"angle":45.0,"axis":"y"}},{"from":[11.106962,9.505388,2.6553898],"to":[11.606962,11.505388,6.65539],"faces":{"east":{"uv":[7.4375,1.8125,7.6875,1.9375],"tintindex":0,"rotation":0,"texture":"#0"},"south":{"uv":[8.1875,2.125,8.21875,2.25],"tintindex":0,"rotation":0,"texture":"#0"},"north":{"uv":[8.125,7.3125,8.15625,7.4375],"tintindex":0,"rotation":0,"texture":"#0"},"west":{"uv":[7.4375,1.9375,7.6875,2.0625],"tintindex":0,"rotation":0,"texture":"#0"},"up":{"uv":[2.90625,8.75,2.875,8.5],"tintindex":0,"rotation":0,"texture":"#0"},"down":{"uv":[2.96875,8.5,2.9375,8.75],"tintindex":0,"rotation":0,"texture":"#0"}},"rotation":{"origin":[11.356962,8.505388,4.65539],"angle":-45.0,"axis":"y"}},{"from":[12.498205,9.505388,6.014147],"to":[12.998205,11.505388,10.014147],"faces":{"east":{"uv":[5.8125,7.375,6.0625,7.5],"tintindex":0,"rotation":0,"texture":"#0"},"south":{"uv":[2.6875,8.0625,2.71875,8.1875],"tintindex":0,"rotation":0,"texture":"#0"},"north":{"uv":[4.9375,8.0,4.96875,8.125],"tintindex":0,"rotation":0,"texture":"#0"},"west":{"uv":[6.0625,7.375,6.3125,7.5],"tintindex":0,"rotation":0,"texture":"#0"},"up":{"uv":[2.28125,8.75,2.25,8.5],"tintindex":0,"rotation":0,"texture":"#0"},"down":{"uv":[2.34375,8.5,2.3125,8.75],"tintindex":0,"rotation":0,"texture":"#0"}},"rotation":{"origin":[12.748205,8.505388,8.014147],"angle":45.0,"axis":"y"}},{"from":[4.389448,5.5053883,2.6553898],"to":[4.889448,7.5053883,6.65539],"faces":{"east":{"uv":[7.4375,4.5,7.6875,4.625],"tintindex":0,"rotation":0,"texture":"#0"},"south":{"uv":[8.625,0.25,8.65625,0.375],"tintindex":0,"rotation":0,"texture":"#0"},"north":{"uv":[8.5625,8.25,8.59375,8.375],"tintindex":0,"rotation":0,"texture":"#0"},"west":{"uv":[7.4375,5.0,7.6875,5.125],"tintindex":0,"rotation":0,"texture":"#0"},"up":{"uv":[3.90625,8.75,3.875,8.5],"tintindex":0,"rotation":0,"texture":"#0"},"down":{"uv":[3.96875,8.5,3.9375,8.75],"tintindex":0,"rotation":0,"texture":"#0"}},"rotation":{"origin":[4.639448,8.505388,4.65539],"angle":45.0,"axis":"y"}},{"from":[4.849653,5.894392,4.685541],"to":[11.349653,7.019392,11.185541],"faces":{"east":{"uv":[4.4375,7.6875,4.84375,7.7578125],"tintindex":0,"rotation":0,"texture":"#0"},"south":{"uv":[7.6875,4.5,8.09375,4.5703125],"tintindex":0,"rotation":0,"texture":"#0"},"north":{"uv":[7.6875,2.375,8.09375,2.4453125],"tintindex":0,"rotation":0,"texture":"#0"},"west":{"uv":[7.6875,5.0,8.09375,5.0703125],"tintindex":0,"rotation":0,"texture":"#0"},"up":{"uv":[4.71875,1.53125,4.3125,1.125],"tintindex":0,"rotation":0,"texture":"#0"},"down":{"uv":[4.71875,1.5625,4.3125,1.96875],"tintindex":0,"rotation":0,"texture":"#0"}},"rotation":{"origin":[7.9982057,8.48114,8.014147],"angle":45.0,"axis":"y"}},{"from":[7.7482057,9.505388,1.2641468],"to":[8.248205,11.505388,5.264147],"faces":{"east":{"uv":[7.3125,7.1875,7.5625,7.3125],"tintindex":0,"rotation":0,"texture":"#0"},"south":{"uv":[0.875,7.5,0.90625,7.625],"tintindex":0,"rotation":0,"texture":"#0"},"north":{"uv":[2.875,7.3125,2.90625,7.4375],"tintindex":0,"rotation":0,"texture":"#0"},"west":{"uv":[7.25,7.3125,7.5,7.4375],"tintindex":0,"rotation":0,"texture":"#0"},"up":{"uv":[8.53125,2.125,8.5,1.875],"tintindex":0,"rotation":0,"texture":"#0"},"down":{"uv":[1.96875,8.5,1.9375,8.75],"tintindex":0,"rotation":0,"texture":"#0"}}},{"from":[11.106962,5.5053883,2.6553898],"to":[11.606962,7.5053883,6.65539],"faces":{"east":{"uv":[7.4375,5.625,7.6875,5.75],"tintindex":0,"rotation":0,"texture":"#0"},"south":{"uv":[9.0,2.5,9.03125,2.625],"tintindex":0,"rotation":0,"texture":"#0"},"north":{"uv":[2.5,9.0,2.53125,9.125],"tintindex":0,"rotation":0,"texture":"#0"},"west":{"uv":[7.4375,5.875,7.6875,6.0],"tintindex":0,"rotation":0,"texture":"#0"},"up":{"uv":[4.96875,8.75,4.9375,8.5],"tintindex":0,"rotation":0,"texture":"#0"},"down":{"uv":[5.03125,8.5,5.0,8.75],"tintindex":0,"rotation":0,"texture":"#0"}},"rotation":{"origin":[11.356962,8.505388,4.65539],"angle":-45.0,"axis":"y"}},{"from":[4.389448,9.505388,2.6553898],"to":[4.889448,11.505388,6.65539],"faces":{"east":{"uv":[7.4375,0.5,7.6875,0.625],"tintindex":0,"rotation":0,"texture":"#0"},"south":{"uv":[2.25,8.125,2.28125,8.25],"tintindex":0,"rotation":0,"texture":"#0"},"north":{"uv":[8.0,8.0625,8.03125,8.1875],"tintindex":0,"rotation":0,"texture":"#0"},"west":{"uv":[7.4375,0.625,7.6875,0.75],"tintindex":0,"rotation":0,"texture":"#0"},"up":{"uv":[2.40625,8.75,2.375,8.5],"tintindex":0,"rotation":0,"texture":"#0"},"down":{"uv":[2.46875,8.5,2.4375,8.75],"tintindex":0,"rotation":0,"texture":"#0"}},"rotation":{"origin":[4.639448,8.505388,4.65539],"angle":45.0,"axis":"y"}},{"from":[11.106962,5.5053883,9.372904],"to":[11.606962,7.5053883,13.372904],"faces":{"east":{"uv":[6.5625,7.4375,6.8125,7.5625],"tintindex":0,"rotation":0,"texture":"#0"},"south":{"uv":[3.0,9.0,3.03125,9.125],"tintindex":0,"rotation":0,"texture":"#0"},"north":{"uv":[2.9375,9.0,2.96875,9.125],"tintindex":0,"rotation":0,"texture":"#0"},"west":{"uv":[7.4375,6.75,7.6875,6.875],"tintindex":0,"rotation":0,"texture":"#0"},"up":{"uv":[0.84375,8.8125,0.8125,8.5625],"tintindex":0,"rotation":0,"texture":"#0"},"down":{"uv":[0.90625,8.5625,0.875,8.8125],"tintindex":0,"rotation":0,"texture":"#0"}},"rotation":{"origin":[11.356962,8.505388,11.372904],"angle":45.0,"axis":"y"}},{"from":[4.849653,9.894392,4.685541],"to":[11.349653,11.019392,11.185541],"faces":{"east":{"uv":[7.6875,1.6875,8.09375,1.7578125],"tintindex":0,"rotation":0,"texture":"#0"},"south":{"uv":[7.6875,1.8125,8.09375,1.8828125],"tintindex":0,"rotation":0,"texture":"#0"},"north":{"uv":[7.6875,0.625,8.09375,0.6953125],"tintindex":0,"rotation":0,"texture":"#0"},"west":{"uv":[7.6875,1.9375,8.09375,2.0078125],"tintindex":0,"rotation":0,"texture":"#0"},"up":{"uv":[3.34375,4.65625,2.9375,4.25],"tintindex":0,"rotation":0,"texture":"#0"},"down":{"uv":[4.59375,4.25,4.1875,4.65625],"tintindex":0,"rotation":0,"texture":"#0"}},"rotation":{"origin":[7.9982057,8.48114,8.014147],"angle":45.0,"axis":"y"}},{"from":[4.389448,5.5053883,9.372904],"to":[4.889448,7.5053883,13.372904],"faces":{"east":{"uv":[7.4375,6.0,7.6875,6.125],