{"textures":{"2":"modelengine:entity/dawn"},"elements":[{"from":[4.0,7.233959,3.6427798],"to":[12.0,11.233959,7.64278],"faces":{"east":{"uv":[14.25,13.0,14.75,13.5],"tintindex":0,"rotation":0,"texture":"#2"},"south":{"uv":[11.5,10.875,12.5,11.375],"tintindex":0,"rotation":0,"texture":"#2"},"north":{"uv":[11.375,3.125,12.375,3.625],"tintindex":0,"rotation":0,"texture":"#2"},"west":{"uv":[0.5,14.375,1.0,14.875],"tintindex":0,"rotation":0,"texture":"#2"},"up":{"uv":[12.875,1.125,11.875,0.625],"tintindex":0,"rotation":0,"texture":"#2"},"down":{"uv":[12.875,4.75,11.875,5.25],"tintindex":0,"rotation":0,"texture":"#2"}},"rotation":{"origin":[8.0,8.233959,5.64278],"angle":45.0,"axis":"x"}},{"from":[5.0,9.233959,1.6427803],"to":[11.0,14.233959,6.64278],"faces":{"east":{"uv":[5.125,13.25,5.75,13.875],"tintindex":0,"rotation":0,"texture":"#2"},"south":{"uv":[12.125,2.125,12.875,2.75],"tintindex":0,"rotation":0,"texture":"#2"},"north":{"uv":[3.875,11.875,4.625,12.5],"tintindex":0,"rotation":0,"texture":"#2"},"west":{"uv":[13.25,7.125,13.875,7.75],"tintindex":0,"rotation":0,"texture":"#2"},"up":{"uv":[3.25,12.75,2.5,12.125],"tintindex":0,"rotation":0,"texture":"#2"},"down":{"uv":[5.375,12.125,4.625,12.75],"tintindex":0,"rotation":0,"texture":"#2"}},"rotation":{"origin":[8.0,9.233959,0.6427803],"angle":45.0,"axis":"x"}},{"from":[6.0,8.233959,0.6427803],"to":[10.0,14.233959,6.64278],"faces":{"east":{"uv":[10.625,11.375,11.375,12.125],"tintindex":0,"rotation":0,"texture":"#2"},"south":{"uv":[3.25,13.375,3.75,14.125],"tintindex":0,"rotation":0,"texture":"#2"},"north":{"uv":[4.75,6.75,5.25,7.5],"tintindex":0,"rotation":0,"texture":"#2"},"west":{"uv":[11.375,11.375,12.125,12.125],"tintindex":0,"rotation":0,"texture":"#2"},"up":{"uv":[8.5,14.125,8.0,13.375],"tintindex":0,"rotation":0,"texture":"#2"},"down":{"uv":[11.625,13.375,11.125,14.125],"tintindex":0,"rotation":0,"texture":"#2"}},"rotation":{"origin":[8.0,9.233959,0.6427803],"angle":45.0,"axis":"x"}},{"from":[3.0,8.233959,4.64278],"to":[13.0,10.233959,6.64278],"faces":{"east":{"uv":[15.25,5.625,15.5,5.875],"tintindex":0,"rotation":0,"texture":"#2"},"south":{"uv":[13.75,12.5,15.0,12.75],"tintindex":0,"rotation":0,"texture":"#2"},"north":{"uv":[13.75,6.75,15.0,7.0],"tintindex":0,"rotation":0,"texture":"#2"},"west":{"uv":[5.75,15.25,6.0,15.5],"tintindex":0,"rotation":0,"texture":"#2"},"up":{"uv":[13.875,14.0,12.625,13.75],"tintindex":0,"rotation":0,"texture":"#2"},"down":{"uv":[15.0,12.75,13.75,13.0],"tintindex":0,"rotation":0,"texture":"#2"}},"rotation":{"origin":[8.0,8.233959,5.64278],"angle":45.0,"axis":"x"}},{"from":[7.5,14.547829,7.09217],"to":[9.5,19.547829,9.09217],"faces":{"east":{"uv":[9.875,14.625,10.125,15.25],"tintindex":0,"rotation":0,"texture":"#2"},"south":{"uv":[10.75,14.625,11.0,15.25],"tintindex":0,"rotation":0,"texture":"#2"},"north":{"uv":[9.625,14.625,9.875,15.25],"tintindex":0,"rotation":0,"texture":"#2"},"west":{"uv":[11.0,14.625,11.25,15.25],"tintindex":0,"rotation":0,"texture":"#2"},"up":{"uv":[15.5,6.125,15.25,5.875],"tintindex":0,"rotation":0,"texture":"#2"},"down":{"uv":[6.25,15.25,6.0,15.5],"tintindex":0,"rotation":0,"texture":"#2"}},"rotation":{"origin":[8.0,15.047829,8.59217],"angle":45.0,"axis":"y"}},{"from":[7.0,12.547829,6.59217],"to":[10.0,14.547829,9.59217],"faces":{"east":{"uv":[15.125,6.875,15.5,7.125],"tintindex":0,"rotation":0,"texture":"#2"},"south":{"uv":[15.125,7.125,15.5,7.375],"tintindex":0,"rotation":0,"texture":"#2"},"north":{"uv":[6.875,15.125,7.25,15.375],"tintindex":0,"rotation":0,"texture":"#2"},"west":{"uv":[7.25,15.125,7.625,15.375],"tintindex":0,"rotation":0,"texture":"#2"},"up":{"uv":[0.75,15.25,0.375,14.875],"tintindex":0,"rotation":0,"texture":"#2"},"down":{"uv":[15.25,1.125,14.875,1.5],"tintindex":0,"rotation":0,"texture":"#2"}},"rotation":{"origin":[8.0,15.047829,8.59217],"angle":45.0,"axis":"y"}},{"from":[5.999,4.2329593,3.89178],"to":[10.001,14.23496,7.8937798],"faces":{"east":{"uv":[2.875,10.875,3.375,12.125],"tintindex":0,"rotation":0,"texture":"#2"},"south":{"uv":[3.375,10.875,3.875,12.125],"tintindex":0,"rotation":0,"texture":"#2"},"north":{"uv":[10.875,2.375,11.375,3.625],"tintindex":0,"rotation":0,"texture":"#2"},"west":{"uv":[10.875,8.875,11.375,10.125],"tintindex":0,"rotation":0,"texture":"#2"},"up":{"uv":[14.875,1.625,14.375,1.125],"tintindex":0,"rotation":0,"texture":"#2"},"down":{"uv":[4.125,14.375,3.625,14.875],"tintindex":0,"rotation":0,"texture":"#2"}}}],"display":{"gui":{"rotation":[30,225,0]}}}