{"textures":{"2":"modelengine:entity/dawn"},"elements":[{"from":[9.731242,8.249,2.4812303],"to":[12.733243,10.251,5.48323],"faces":{"east":{"uv":[15.375,12.5,15.0,12.75],"tintindex":0,"rotation":0,"texture":"#2"},"south":{"uv":[15.375,11.0,15.0,11.25],"tintindex":0,"rotation":0,"texture":"#2"},"north":{"uv":[15.375,8.5,15.0,8.75],"tintindex":0,"rotation":0,"texture":"#2"},"west":{"uv":[9.0,15.0,8.625,15.25],"tintindex":0,"rotation":0,"texture":"#2"},"up":{"uv":[11.625,15.125,12.0,14.75],"tintindex":0,"rotation":0,"texture":"#2"},"down":{"uv":[14.75,11.75,15.125,12.125],"tintindex":0,"rotation":0,"texture":"#2"}},"rotation":{"origin":[6.2322426,8.0,6.23223],"angle":-45.0,"axis":"y"}},{"from":[5.7322426,7.25,3.4822302],"to":[11.732243,11.25,9.48223],"faces":{"east":{"uv":[13.0,13.25,12.25,13.75],"tintindex":0,"rotation":0,"texture":"#2"},"south":{"uv":[14.0,7.75,13.25,8.25],"tintindex":0,"rotation":0,"texture":"#2"},"north":{"uv":[8.25,9.875,7.5,10.375],"tintindex":0,"rotation":0,"texture":"#2"},"west":{"uv":[13.875,10.875,13.125,11.375],"tintindex":0,"rotation":0,"texture":"#2"},"up":{"uv":[9.125,12.0,9.875,11.25],"tintindex":0,"rotation":0,"texture":"#2"},"down":{"uv":[9.125,11.25,9.875,12.0],"tintindex":0,"rotation":0,"texture":"#2"}},"rotation":{"origin":[6.2322426,8.0,6.23223],"angle":-45.0,"axis":"y"}},{"from":[4.7312427,8.249,1.4812301],"to":[7.7332425,10.251,5.48323],"faces":{"east":{"uv":[15.375,7.5,14.875,7.75],"tintindex":0,"rotation":0,"texture":"#2"},"south":{"uv":[15.375,6.625,15.0,6.875],"tintindex":0,"rotation":0,"texture":"#2"},"north":{"uv":[15.375,6.375,15.0,6.625],"tintindex":0,"rotation":0,"texture":"#2"},"west":{"uv":[15.375,4.625,14.875,4.875],"tintindex":0,"rotation":0,"texture":"#2"},"up":{"uv":[9.125,11.25,9.5,10.75],"tintindex":0,"rotation":0,"texture":"#2"},"down":{"uv":[2.5,11.5,2.875,12.0],"tintindex":0,"rotation":0,"texture":"#2"}},"rotation":{"origin":[6.2322426,8.0,6.23223],"angle":-45.0,"axis":"y"}},{"from":[8.907223,8.25,10.72437],"to":[13.907223,10.25,12.72437],"faces":{"east":{"uv":[15.25,1.375,15.5,1.625],"tintindex":0,"rotation":0,"texture":"#2"},"south":{"uv":[14.625,4.875,15.25,5.125],"tintindex":0,"rotation":0,"texture":"#2"},"north":{"uv":[14.625,5.125,15.25,5.375],"tintindex":0,"rotation":0,"texture":"#2"},"west":{"uv":[1.375,15.25,1.625,15.5],"tintindex":0,"rotation":0,"texture":"#2"},"up":{"uv":[14.625,5.375,15.25,5.625],"tintindex":0,"rotation":0,"texture":"#2"},"down":{"uv":[14.625,5.875,15.25,5.625],"tintindex":0,"rotation":0,"texture":"#2"}},"rotation":{"origin":[11.407223,9.25,12.22437],"angle":22.5,"axis":"y"}},{"from":[4.7312427,8.249,10.870319],"to":[7.7332425,10.251,14.87232],"faces":{"east":{"uv":[14.875,7.5,15.375,7.75],"tintindex":0,"rotation":0,"texture":"#2"},"south":{"uv":[15.0,6.375,15.375,6.625],"tintindex":0,"rotation":0,"texture":"#2"},"north":{"uv":[15.0,6.625,15.375,6.875],"tintindex":0,"rotation":0,"texture":"#2"},"west":{"uv":[14.875,4.625,15.375,4.875],"tintindex":0,"rotation":0,"texture":"#2"},"up":{"uv":[9.125,10.75,9.5,11.25],"tintindex":0,"rotation":0,"texture":"#2"},"down":{"uv":[2.5,12.0,2.875,11.5],"tintindex":0,"rotation":0,"texture":"#2"}},"rotation":{"origin":[6.2322426,8.0,10.12132],"angle":45.0,"axis":"y"}},{"from":[11.907223,8.25,7.12917],"to":[16.907223,10.25,9.129169],"faces":{"east":{"uv":[2.375,15.25,2.125,15.5],"tintindex":0,"rotation":0,"texture":"#2"},"south":{"uv":[15.25,6.125,14.625,6.375],"tintindex":0,"rotation":0,"texture":"#2"},"north":{"uv":[15.25,5.875,14.625,6.125],"tintindex":0,"rotation":0,"texture":"#2"},"west":{"uv":[1.875,15.25,1.625,15.5],"tintindex":0,"rotation":0,"texture":"#2"},"up":{"uv":[7.75,14.875,8.375,14.625],"tintindex":0,"rotation":0,"texture":"#2"},"down":{"uv":[14.625,8.0,15.25,8.25],"tintindex":0,"rotation":0,"texture":"#2"}}},{"from":[8.907223,8.25,3.62917],"to":[13.907223,10.25,5.62917],"faces":{"east":{"uv":[15.5,1.375,15.25,1.625],"tintindex":0,"rotation":0,"texture":"#2"},"south":{"uv":[15.25,5.125,14.625,5.375],"tintindex":0,"rotation":0,"texture":"#2"},"north":{"uv":[15.25,4.875,14.625,5.125],"tintindex":0,"rotation":0,"texture":"#2"},"west":{"uv":[1.625,15.25,1.375,15.5],"tintindex":0,"rotation":0,"texture":"#2"},"up":{"uv":[14.625,5.625,15.25,5.375],"tintindex":0,"rotation":0,"texture":"#2"},"down":{"uv":[14.625,5.625,15.25,5.875],"tintindex":0,"rotation":0,"texture":"#2"}},"rotation":{"origin":[11.407223,9.25,4.12917],"angle":-22.5,"axis":"y"}}],"display":{"gui":{"rotation":[30,225,0]}}}