{"textures":{"2":"modelengine:entity/dawn"},"elements":[{"from":[4.2677574,7.25,3.4822302],"to":[10.267757,11.25,9.48223],"faces":{"east":{"uv":[13.125,10.875,13.875,11.375],"tintindex":0,"rotation":0,"texture":"#2"},"south":{"uv":[13.25,7.75,14.0,8.25],"tintindex":0,"rotation":0,"texture":"#2"},"north":{"uv":[7.5,9.875,8.25,10.375],"tintindex":0,"rotation":0,"texture":"#2"},"west":{"uv":[12.25,13.25,13.0,13.75],"tintindex":0,"rotation":0,"texture":"#2"},"up":{"uv":[9.875,12.0,9.125,11.25],"tintindex":0,"rotation":0,"texture":"#2"},"down":{"uv":[9.875,11.25,9.125,12.0],"tintindex":0,"rotation":0,"texture":"#2"}},"rotation":{"origin":[9.767757,8.0,6.23223],"angle":45.0,"axis":"y"}},{"from":[2.0927773,8.25,3.62917],"to":[7.0927773,10.25,5.62917],"faces":{"east":{"uv":[1.375,15.25,1.625,15.5],"tintindex":0,"rotation":0,"texture":"#2"},"south":{"uv":[14.625,5.125,15.25,5.375],"tintindex":0,"rotation":0,"texture":"#2"},"north":{"uv":[14.625,4.875,15.25,5.125],"tintindex":0,"rotation":0,"texture":"#2"},"west":{"uv":[15.25,1.375,15.5,1.625],"tintindex":0,"rotation":0,"texture":"#2"},"up":{"uv":[15.25,5.625,14.625,5.375],"tintindex":0,"rotation":0,"texture":"#2"},"down":{"uv":[15.25,5.625,14.625,5.875],"tintindex":0,"rotation":0,"texture":"#2"}},"rotation":{"origin":[4.5927773,9.25,4.12917],"angle":22.5,"axis":"y"}},{"from":[3.2667575,8.249,2.4812303],"to":[6.2687573,10.251,5.48323],"faces":{"east":{"uv":[8.625,15.0,9.0,15.25],"tintindex":0,"rotation":0,"texture":"#2"},"south":{"uv":[15.0,11.0,15.375,11.25],"tintindex":0,"rotation":0,"texture":"#2"},"north":{"uv":[15.0,8.5,15.375,8.75],"tintindex":0,"rotation":0,"texture":"#2"},"west":{"uv":[15.0,12.5,15.375,12.75],"tintindex":0,"rotation":0,"texture":"#2"},"up":{"uv":[12.0,15.125,11.625,14.75],"tintindex":0,"rotation":0,"texture":"#2"},"down":{"uv":[15.125,11.75,14.75,12.125],"tintindex":0,"rotation":0,"texture":"#2"}},"rotation":{"origin":[9.767757,8.0,6.23223],"angle":45.0,"axis":"y"}},{"from":[-0.90722275,8.25,7.12917],"to":[4.0927773,10.25,9.129169],"faces":{"east":{"uv":[1.625,15.25,1.875,15.5],"tintindex":0,"rotation":0,"texture":"#2"},"south":{"uv":[14.625,6.125,15.25,6.375],"tintindex":0,"rotation":0,"texture":"#2"},"north":{"uv":[14.625,5.875,15.25,6.125],"tintindex":0,"rotation":0,"texture":"#2"},"west":{"uv":[2.125,15.25,2.375,15.5],"tintindex":0,"rotation":0,"texture":"#2"},"up":{"uv":[8.375,14.875,7.75,14.625],"tintindex":0,"rotation":0,"texture":"#2"},"down":{"uv":[15.25,8.0,14.625,8.25],"tintindex":0,"rotation":0,"texture":"#2"}}},{"from":[8.266757,8.249,10.870319],"to":[11.268758,10.251,14.87232],"faces":{"east":{"uv":[15.375,4.625,14.875,4.875],"tintindex":0,"rotation":0,"texture":"#2"},"south":{"uv":[15.375,6.375,15.0,6.625],"tintindex":0,"rotation":0,"texture":"#2"},"north":{"uv":[15.375,6.625,15.0,6.875],"tintindex":0,"rotation":0,"texture":"#2"},"west":{"uv":[15.375,7.5,14.875,7.75],"tintindex":0,"rotation":0,"texture":"#2"},"up":{"uv":[9.5,10.75,9.125,11.25],"tintindex":0,"rotation":0,"texture":"#2"},"down":{"uv":[2.875,12.0,2.5,11.5],"tintindex":0,"rotation":0,"texture":"#2"}},"rotation":{"origin":[9.767757,8.0,10.12132],"angle":-45.0,"axis":"y"}},{"from":[2.0927773,8.25,10.72437],"to":[7.0927773,10.25,12.72437],"faces":{"east":{"uv":[1.625,15.25,1.375,15.5],"tintindex":0,"rotation":0,"texture":"#2"},"south":{"uv":[15.25,4.875,14.625,5.125],"tintindex":0,"rotation":0,"texture":"#2"},"north":{"uv":[15.25,5.125,14.625,5.375],"tintindex":0,"rotation":0,"texture":"#2"},"west":{"uv":[15.5,1.375,15.25,1.625],"tintindex":0,"rotation":0,"texture":"#2"},"up":{"uv":[15.25,5.375,14.625,5.625],"tintindex":0,"rotation":0,"texture":"#2"},"down":{"uv":[15.25,5.875,14.625,5.625],"tintindex":0,"rotation":0,"texture":"#2"}},"rotation":{"origin":[4.5927773,9.25,12.22437],"angle":-22.5,"axis":"y"}},{"from":[8.266757,8.249,1.4812301],"to":[11.268758,10.251,5.48323],"faces":{"east":{"uv":[14.875,4.625,15.375,4.875],"tintindex":0,"rotation":0,"texture":"#2"},"south":{"uv":[15.0,6.625,15.375,6.875],"tintindex":0,"rotation":0,"texture":"#2"},"north":{"uv":[15.0,6.375,15.375,6.625],"tintindex":0,"rotation":0,"texture":"#2"},"west":{"uv":[14.875,7.5,15.375,7.75],"tintindex":0,"rotation":0,"texture":"#2"},"up":{"uv":[9.5,11.25,9.125,10.75],"tintindex":0,"rotation":0,"texture":"#2"},"down":{"uv":[2.875,11.5,2.5,12.0],"tintindex":0,"rotation":0,"texture":"#2"}},"rotation":{"origin":[9.767757,8.0,6.23223],"angle":45.0,"axis":"y"}}],"display":{"gui":{"rotation":[30,225,0]}}}