{"textures":{"0":"modelengine:entity/tezcatlipoca(instance2)"},"elements":[{"from":[6.75,0.26386452,8.311136],"to":[9.25,3.0138645,11.161136],"faces":{"east":{"uv":[1.75,10.875,2.109375,11.21875],"tintindex":0,"rotation":0,"texture":"#0"},"south":{"uv":[1.125,11.125,1.4375,11.46875],"tintindex":0,"rotation":0,"texture":"#0"},"north":{"uv":[0.375,11.125,0.6875,11.46875],"tintindex":0,"rotation":0,"texture":"#0"},"west":{"uv":[11.0,1.75,11.359375,2.09375],"tintindex":0,"rotation":0,"texture":"#0"},"up":{"uv":[11.3125,8.109375,11.0,7.75],"tintindex":0,"rotation":0,"texture":"#0"},"down":{"uv":[11.3125,10.625,11.0,10.984375],"tintindex":0,"rotation":0,"texture":"#0"}},"rotation":{"origin":[8.0,0.26386452,9.7361355],"angle":-45.0,"axis":"x"}},{"from":[7.0,1.2638645,7.736136],"to":[9.0,8.2638645,10.7361355],"faces":{"east":{"uv":[9.75,7.75,10.125,8.625],"tintindex":0,"rotation":0,"texture":"#0"},"south":{"uv":[3.25,10.5,3.5,11.375],"tintindex":0,"rotation":0,"texture":"#0"},"north":{"uv":[10.5,2.25,10.75,3.125],"tintindex":0,"rotation":0,"texture":"#0"},"west":{"uv":[8.0,9.75,8.375,10.625],"tintindex":0,"rotation":0,"texture":"#0"},"up":{"uv":[5.25,4.625,5.0,4.25],"tintindex":0,"rotation":0,"texture":"#0"},"down":{"uv":[6.25,3.875,6.0,4.25],"tintindex":0,"rotation":0,"texture":"#0"}}}],"display":{"gui":{"rotation":[30,225,0]}}}