{"textures":{"0":"modelengine:entity/tezcatlipoca(instance2)"},"elements":[{"from":[6.75,0.26386452,8.311136],"to":[9.25,3.0138645,11.161136],"faces":{"east":{"uv":[4.0,11.0,4.359375,11.34375],"tintindex":0,"rotation":0,"texture":"#0"},"south":{"uv":[11.125,9.0,11.4375,9.34375],"tintindex":0,"rotation":0,"texture":"#0"},"north":{"uv":[8.75,11.125,9.0625,11.46875],"tintindex":0,"rotation":0,"texture":"#0"},"west":{"uv":[11.0,5.375,11.359375,5.71875],"tintindex":0,"rotation":0,"texture":"#0"},"up":{"uv":[11.3125,11.359375,11.0,11.0],"tintindex":0,"rotation":0,"texture":"#0"},"down":{"uv":[0.3125,11.125,0.0,11.484375],"tintindex":0,"rotation":0,"texture":"#0"}},"rotation":{"origin":[8.0,0.26386452,9.7361355],"angle":-45.0,"axis":"x"}},{"from":[7.0,1.2638645,7.736136],"to":[9.0,8.2638645,10.7361355],"faces":{"east":{"uv":[0.0,9.875,0.375,10.75],"tintindex":0,"rotation":0,"texture":"#0"},"south":{"uv":[3.75,10.5,4.0,11.375],"tintindex":0,"rotation":0,"texture":"#0"},"north":{"uv":[3.5,10.5,3.75,11.375],"tintindex":0,"rotation":0,"texture":"#0"},"west":{"uv":[0.375,9.875,0.75,10.75],"tintindex":0,"rotation":0,"texture":"#0"},"up":{"uv":[7.125,3.75,6.875,3.375],"tintindex":0,"rotation":0,"texture":"#0"},"down":{"uv":[4.375,8.25,4.125,8.625],"tintindex":0,"rotation":0,"texture":"#0"}}}],"display":{"gui":{"rotation":[30,225,0]}}}