{"textures":{"0":"modelengine:entity/star_guardian"},"elements":[{"from":[2.3517246,1.6225433,3.8295455],"to":[10.101725,7.8725433,12.079546],"faces":{"east":{"uv":[2.5,9.625,3.5,10.375],"tintindex":0,"rotation":0,"texture":"#0"},"south":{"uv":[4.25,9.625,5.25,10.375],"tintindex":0,"rotation":0,"texture":"#0"},"north":{"uv":[9.625,0.0,10.625,0.75],"tintindex":0,"rotation":0,"texture":"#0"},"west":{"uv":[9.625,4.75,10.625,5.5],"tintindex":0,"rotation":0,"texture":"#0"},"up":{"uv":[4.0,8.125,3.0,7.125],"tintindex":0,"rotation":0,"texture":"#0"},"down":{"uv":[1.0,7.25,0.0,8.25],"tintindex":0,"rotation":0,"texture":"#0"}},"rotation":{"origin":[6.8517246,4.1225433,7.9545455],"angle":-22.5,"axis":"z"}},{"from":[4.3517246,7.1225433,3.3295455],"to":[13.101725,10.122543,12.829546],"faces":{"east":{"uv":[10.75,4.0,12.0,4.375],"tintindex":0,"rotation":0,"texture":"#0"},"south":{"uv":[11.5,1.75,12.625,2.125],"tintindex":0,"rotation":0,"texture":"#0"},"north":{"uv":[11.25,9.0,12.375,9.375],"tintindex":0,"rotation":0,"texture":"#0"},"west":{"uv":[11.0,8.25,12.25,8.625],"tintindex":0,"rotation":0,"texture":"#0"},"up":{"uv":[5.875,8.125,4.75,6.875],"tintindex":0,"rotation":0,"texture":"#0"},"down":{"uv":[7.0,6.875,5.875,8.125],"tintindex":0,"rotation":0,"texture":"#0"}},"rotation":{"origin":[6.8517246,8.872543,8.079546],"angle":-45.0,"axis":"z"}},{"from":[0.08599663,-1.2300415,6.8295455],"to":[3.3359966,0.7699585,9.079546],"faces":{"east":{"uv":[12.5,13.375,12.75,13.625],"tintindex":0,"rotation":0,"texture":"#0"},"south":{"uv":[10.375,13.25,10.75,13.5],"tintindex":0,"rotation":0,"texture":"#0"},"north":{"uv":[9.5,13.25,9.875,13.5],"tintindex":0,"rotation":0,"texture":"#0"},"west":{"uv":[12.75,13.375,13.0,13.625],"tintindex":0,"rotation":0,"texture":"#0"},"up":{"uv":[11.125,13.5,10.75,13.25],"tintindex":0,"rotation":0,"texture":"#0"},"down":{"uv":[13.625,10.875,13.25,11.125],"tintindex":0,"rotation":0,"texture":"#0"}},"rotation":{"origin":[3.4609966,-0.105041504,7.9545455],"angle":-22.5,"axis":"z"}},{"from":[1.5859966,-4.4800415,6.5795455],"to":[5.0859966,0.5199585,9.329546],"faces":{"east":{"uv":[9.5,8.5,9.875,9.125],"tintindex":0,"rotation":0,"texture":"#0"},"south":{"uv":[5.75,12.25,6.25,12.875],"tintindex":0,"rotation":0,"texture":"#0"},"north":{"uv":[12.125,10.25,12.625,10.875],"tintindex":0,"rotation":0,"texture":"#0"},"west":{"uv":[1.5,9.75,1.875,10.375],"tintindex":0,"rotation":0,"texture":"#0"},"up":{"uv":[13.25,5.875,12.75,5.5],"tintindex":0,"rotation":0,"texture":"#0"},"down":{"uv":[13.375,0.0,12.875,0.375],"tintindex":0,"rotation":0,"texture":"#0"}},"rotation":{"origin":[2.7109966,-0.6050415,7.9545455],"angle":22.5,"axis":"z"}},{"from":[-0.16400337,6.2699585,6.5795455],"to":[3.3359966,9.5199585,9.329546],"faces":{"east":{"uv":[3.875,13.0,4.25,13.375],"tintindex":0,"rotation":0,"texture":"#0"},"south":{"uv":[12.625,1.75,13.125,2.125],"tintindex":0,"rotation":0,"texture":"#0"},"north":{"uv":[4.25,9.25,4.75,9.625],"tintindex":0,"rotation":0,"texture":"#0"},"west":{"uv":[0.625,13.125,1.0,13.5],"tintindex":0,"rotation":0,"texture":"#0"},"up":{"uv":[13.125,10.875,12.625,10.5],"tintindex":0,"rotation":0,"texture":"#0"},"down":{"uv":[13.25,5.125,12.75,5.5],"tintindex":0,"rotation":0,"texture":"#0"}}},{"from":[-2.1640034,-0.2300415,7.0795455],"to":[0.8359966,1.2699585,8.829546],"faces":{"east":{"uv":[13.0,13.375,13.25,13.625],"tintindex":0,"rotation":0,"texture":"#0"},"south":{"uv":[13.25,11.375,13.625,11.625],"tintindex":0,"rotation":0,"texture":"#0"},"north":{"uv":[13.25,11.125,13.625,11.375],"tintindex":0,"rotation":0,"texture":"#0"},"west":{"uv":[13.25,13.375,13.5,13.625],"tintindex":0,"rotation":0,"texture":"#0"},"up":{"uv":[12.0,13.5,11.625,13.25],"tintindex":0,"rotation":0,"texture":"#0"},"down":{"uv":[13.625,11.625,13.25,11.875],"tintindex":0,"rotation":0,"texture":"#0"}}},{"from":[4.3517246,-3.3774567,4.8295455],"to":[9.351725,6.6225433,11.079546],"faces":{"east":{"uv":[4.0,7.125,4.75,8.375],"tintindex":0,"rotation":0,"texture":"#0"},"south":{"uv":[3.625,9.25,4.25,10.5],"tintindex":0,"rotation":0,"texture":"#0"},"north":{"uv":[8.625,9.125,9.25,10.375],"tintindex":0,"rotation":0,"texture":"#0"},"west":{"uv":[8.0,4.75,8.75,6.0],"tintindex":0,"rotation":0,"texture":"#0"},"up":{"uv":[2.125,11.75,1.5,11.0],"tintindex":0,"rotation":0,"texture":"#0"},"down":{"uv":[11.625,7.5,11.0,8.25],"tintindex":0,"rotation":0,"texture":"#0"}}},{"from":[-3.1640034,10.2699585,7.0795455],"to":[-0.16400337,12.2699585,8.829546],"faces":{"east":{"uv":[0.375,13.375,0.625,13.625],"tintindex":0,"rotation":0,"texture":"#0"},"south":{"uv":[13.25,6.625,13.625,6.875],"tintindex":0,"rotation":0,"texture":"#0"},"north":{"uv":[6.25,13.25,6.625,13.5],"tintindex":0,"rotation":0,"texture":"#0"},"west":{"uv":[12.25,13.375,12.5,13.625],"tintindex":0,"rotation":0,"texture":"#0"},"up":{"uv":[7.875,13.5,7.5,13.25],"tintindex":0,"rotation":0,"texture":"#0"},"down":{"uv":[13.625,8.875,13.25,9.125],"tintindex":0,"rotation":0,"texture":"#0"}}},{"from":[3.3517246,7.8725433,2.8295455],"to":[13.601725,9.372543,13.329546],"faces":{"east":{"uv":[11.875,3.625,13.25,3.875],"tintindex":0,"rotation":0,"texture":"#0"},"south":{"uv":[12.125,6.875,13.375,7.125],"tintindex":0,"rotation":0,"texture":"#0"},"north":{"uv":[11.875,5.875,13.125,6.125],"tintindex":0,"rotation":0,"texture":"#0"},"west":{"uv":[11.875,4.375,13.25,4.625],"tintindex":0,"rotation":0,"texture":"#0"},"up":{"uv":[7.0,4.125,5.75,2.75],"tintindex":0,"rotation":0,"texture":"#0"},"down":{"uv":[7.0,4.125,5.75,5.5],"tintindex":0,"rotation":0,"texture":"#0"}},"rotation":{"origin":[6.8517246,8.872543,8.079546],"angle":-45.0,"axis":"z"}},{"from":[2.6017246,-5.1274567,4.3295455],"to":[10.101725,-3.3774567,11.579546],"faces":{"east":{"uv":[9.75,4.5,10.625,4.75],"tintindex":0,"rotation":0,"texture":"#0"},"south":{"uv":[12.25,11.125,13.25,11.375],"tintindex":0,"rotation":0,"texture":"#0"},"north":{"uv":[12.25,10.875,13.25,11.125],"tintindex":0,"rotation":0,"texture":"#0"},"west":{"uv":[12.375,9.0,13.25,9.25],"tintindex":0,"rotation":0,"texture":"#0"},"up":{"uv":[2.875,9.125,1.875,8.25],"tintindex":0,"rotation":0,"texture":"#0"},"down":{"uv":[4.625,8.375,3.625,9.25],"tintindex":0,"rotation":0,"texture":"#0"}}},{"from":[0.33599663,8.7699585,6.8295455],"to":[2.8359966,12.7699585,9.079546],"faces":{"east":{"uv":[1.25,11.25,1.5,11.75],"tintindex":0,"rotation":0,"texture":"#0"},"south":{"uv":[12.75,12.625,13.125,13.125],"tintindex":0,"rotation":0,"texture":"#0"},"north":{"uv":[10.875,12.75,11.25,13.25],"tintindex":0,"rotation":0,"texture":"#0"},"west":{"uv":[5.375,11.375,5.625,11.875],"tintindex":0,"rotation":0,"texture":"#0"},"up":{"uv":[4.0,8.375,3.625,8.125],"tintindex":0,"rotation":0,"texture":"#0"},"down":{"uv":[9.125,11.125,8.75,11.375],"tintindex":0,"rotation":0,"texture":"#0"}},"rotation":{"origin":[1.7109966,8.8949585,7.9545455],"angle":45.0,"axis":"z"}},{"from":[1.6017246,-0.12745667,5.8295455],"to":[6.3517246,7.1225433,10.079546],"faces":{"east":{"uv":[7.125,10.875,7.625,11.75],"tintindex":0,"rotation":0,"texture":"#0"},"south":{"uv":[10.75,3.125,11.375,4.0],"tintindex":0,"rotation":0,"texture":"#0"},"north":{"uv":[10.75,2.25,11.375,3.125],"tintindex":0,"rotation":0,"texture":"#0"},"west":{"uv":[2.125,11.0,2.625,11.875],"tintindex":0,"rotation":0,"texture":"#0"},"up":{"uv":[8.75,4.75,8.125,4.25],"tintindex":0,"rotation":0,"texture":"#0"},"down":{"uv":[10.25,6.25,9.625,6.75],"tintindex":0,"rotation":0,"texture":"#0"}},"rotation":{"origin":[2.4767246,2.1225433,7.9545455],"angle":22.5,"axis":"z"}}],"display":{"gui":{"rotation":[30,225,0]}}}