{"textures":{"0":"modelengine:entity/star_guardian"},"elements":[{"from":[5.8982754,-5.1274567,4.3295455],"to":[13.398275,-3.3774567,11.579546],"faces":{"east":{"uv":[12.5,8.625,13.375,8.875],"tintindex":0,"rotation":0,"texture":"#0"},"south":{"uv":[12.375,1.0,13.375,1.25],"tintindex":0,"rotation":0,"texture":"#0"},"north":{"uv":[12.25,11.875,13.25,12.125],"tintindex":0,"rotation":0,"texture":"#0"},"west":{"uv":[12.5,9.25,13.375,9.5],"tintindex":0,"rotation":0,"texture":"#0"},"up":{"uv":[9.75,2.125,8.75,1.25],"tintindex":0,"rotation":0,"texture":"#0"},"down":{"uv":[9.75,2.125,8.75,3.0],"tintindex":0,"rotation":0,"texture":"#0"}}},{"from":[2.8982754,7.1225433,3.3295455],"to":[11.648275,10.122543,12.829546],"faces":{"east":{"uv":[0.0,11.25,1.25,11.625],"tintindex":0,"rotation":0,"texture":"#0"},"south":{"uv":[11.5,6.5,12.625,6.875],"tintindex":0,"rotation":0,"texture":"#0"},"north":{"uv":[11.5,6.125,12.625,6.5],"tintindex":0,"rotation":0,"texture":"#0"},"west":{"uv":[11.25,8.625,12.5,9.0],"tintindex":0,"rotation":0,"texture":"#0"},"up":{"uv":[8.125,3.5,7.0,2.25],"tintindex":0,"rotation":0,"texture":"#0"},"down":{"uv":[8.125,3.5,7.0,4.75],"tintindex":0,"rotation":0,"texture":"#0"}},"rotation":{"origin":[9.148275,8.872543,8.079546],"angle":45.0,"axis":"z"}},{"from":[12.664003,6.2699585,6.5795455],"to":[16.164003,9.5199585,9.329546],"faces":{"east":{"uv":[6.875,13.125,7.25,13.5],"tintindex":0,"rotation":0,"texture":"#0"},"south":{"uv":[1.125,12.875,1.625,13.25],"tintindex":0,"rotation":0,"texture":"#0"},"north":{"uv":[12.875,0.375,13.375,0.75],"tintindex":0,"rotation":0,"texture":"#0"},"west":{"uv":[8.125,13.125,8.5,13.5],"tintindex":0,"rotation":0,"texture":"#0"},"up":{"uv":[2.625,13.25,2.125,12.875],"tintindex":0,"rotation":0,"texture":"#0"},"down":{"uv":[13.375,2.125,12.875,2.5],"tintindex":0,"rotation":0,"texture":"#0"}}},{"from":[9.648275,-0.12745667,5.8295455],"to":[14.398275,7.1225433,10.079546],"faces":{"east":{"uv":[8.75,11.375,9.25,12.25],"tintindex":0,"rotation":0,"texture":"#0"},"south":{"uv":[10.375,10.875,11.0,11.75],"tintindex":0,"rotation":0,"texture":"#0"},"north":{"uv":[6.5,10.875,7.125,11.75],"tintindex":0,"rotation":0,"texture":"#0"},"west":{"uv":[9.25,11.375,9.75,12.25],"tintindex":0,"rotation":0,"texture":"#0"},"up":{"uv":[12.875,8.125,12.25,7.625],"tintindex":0,"rotation":0,"texture":"#0"},"down":{"uv":[12.875,8.125,12.25,8.625],"tintindex":0,"rotation":0,"texture":"#0"}},"rotation":{"origin":[13.523275,2.1225433,7.9545455],"angle":-22.5,"axis":"z"}},{"from":[16.164003,10.2699585,7.0795455],"to":[19.164003,12.2699585,8.829546],"faces":{"east":{"uv":[13.5,4.5,13.75,4.75],"tintindex":0,"rotation":0,"texture":"#0"},"south":{"uv":[13.375,0.5,13.75,0.75],"tintindex":0,"rotation":0,"texture":"#0"},"north":{"uv":[13.375,0.25,13.75,0.5],"tintindex":0,"rotation":0,"texture":"#0"},"west":{"uv":[4.75,13.5,5.0,13.75],"tintindex":0,"rotation":0,"texture":"#0"},"up":{"uv":[13.75,1.25,13.375,1.0],"tintindex":0,"rotation":0,"texture":"#0"},"down":{"uv":[13.75,1.25,13.375,1.5],"tintindex":0,"rotation":0,"texture":"#0"}}},{"from":[5.8982754,1.6225433,3.8295455],"to":[13.648275,7.8725433,12.079546],"faces":{"east":{"uv":[9.75,2.25,10.75,3.0],"tintindex":0,"rotation":0,"texture":"#0"},"south":{"uv":[9.75,3.0,10.75,3.75],"tintindex":0,"rotation":0,"texture":"#0"},"north":{"uv":[9.625,5.5,10.625,6.25],"tintindex":0,"rotation":0,"texture":"#0"},"west":{"uv":[9.75,3.75,10.75,4.5],"tintindex":0,"rotation":0,"texture":"#0"},"up":{"uv":[2.0,8.25,1.0,7.25],"tintindex":0,"rotation":0,"texture":"#0"},"down":{"uv":[3.0,7.25,2.0,8.25],"tintindex":0,"rotation":0,"texture":"#0"}},"rotation":{"origin":[9.148275,4.1225433,7.9545455],"angle":22.5,"axis":"z"}},{"from":[15.164003,-0.2300415,7.0795455],"to":[18.164003,1.2699585,8.829546],"faces":{"east":{"uv":[5.25,13.5,5.5,13.75],"tintindex":0,"rotation":0,"texture":"#0"},"south":{"uv":[13.375,4.0,13.75,4.25],"tintindex":0,"rotation":0,"texture":"#0"},"north":{"uv":[3.875,13.375,4.25,13.625],"tintindex":0,"rotation":0,"texture":"#0"},"west":{"uv":[5.5,13.5,5.75,13.75],"tintindex":0,"rotation":0,"texture":"#0"},"up":{"uv":[13.75,7.125,13.375,6.875],"tintindex":0,"rotation":0,"texture":"#0"},"down":{"uv":[13.75,7.125,13.375,7.375],"tintindex":0,"rotation":0,"texture":"#0"}}},{"from":[10.914003,-4.4800415,6.5795455],"to":[14.414003,0.5199585,9.329546],"faces":{"east":{"uv":[3.625,12.375,4.0,13.0],"tintindex":0,"rotation":0,"texture":"#0"},"south":{"uv":[9.125,12.25,9.625,12.875],"tintindex":0,"rotation":0,"texture":"#0"},"north":{"uv":[8.625,12.25,9.125,12.875],"tintindex":0,"rotation":0,"texture":"#0"},"west":{"uv":[4.0,12.375,4.375,13.0],"tintindex":0,"rotation":0,"texture":"#0"},"up":{"uv":[13.375,4.25,12.875,3.875],"tintindex":0,"rotation":0,"texture":"#0"},"down":{"uv":[6.25,12.875,5.75,13.25],"tintindex":0,"rotation":0,"texture":"#0"}},"rotation":{"origin":[13.289003,-0.6050415,7.9545455],"angle":-22.5,"axis":"z"}},{"from":[2.3982754,7.8725433,2.8295455],"to":[12.648275,9.372543,13.329546],"faces":{"east":{"uv":[11.875,4.625,13.25,4.875],"tintindex":0,"rotation":0,"texture":"#0"},"south":{"uv":[12.25,7.375,13.5,7.625],"tintindex":0,"rotation":0,"texture":"#0"},"north":{"uv":[12.125,7.125,13.375,7.375],"tintindex":0,"rotation":0,"texture":"#0"},"west":{"uv":[11.875,4.875,13.25,5.125],"tintindex":0,"rotation":0,"texture":"#0"},"up":{"uv":[7.0,6.875,5.75,5.5],"tintindex":0,"rotation":0,"texture":"#0"},"down":{"uv":[7.5,0.0,6.25,1.375],"tintindex":0,"rotation":0,"texture":"#0"}},"rotation":{"origin":[9.148275,8.872543,8.079546],"angle":45.0,"axis":"z"}},{"from":[12.664003,-1.2300415,6.8295455],"to":[15.914003,0.7699585,9.079546],"faces":{"east":{"uv":[13.5,4.75,13.75,5.0],"tintindex":0,"rotation":0,"texture":"#0"},"south":{"uv":[1.75,13.375,2.125,13.625],"tintindex":0,"rotation":0,"texture":"#0"},"north":{"uv":[13.375,1.5,13.75,1.75],"tintindex":0,"rotation":0,"texture":"#0"},"west":{"uv":[5.0,13.5,5.25,13.75],"tintindex":0,"rotation":0,"texture":"#0"},"up":{"uv":[13.75,2.375,13.375,2.125],"tintindex":0,"rotation":0,"texture":"#0"},"down":{"uv":[13.75,3.75,13.375,4.0],"tintindex":0,"rotation":0,"texture":"#0"}},"rotation":{"origin":[12.539003,-0.105041504,7.9545455],"angle":22.5,"axis":"z"}},{"from":[13.164003,8.7699585,6.8295455],"to":[15.664003,12.7699585,9.079546],"faces":{"east":{"uv":[1.5,13.25,1.75,13.75],"tintindex":0,"rotation":0,"texture":"#0"},"south":{"uv":[12.875,3.0,13.25,3.5],"tintindex":0,"rotation":0,"texture":"#0"},"north":{"uv":[12.875,2.5,13.25,3.0],"tintindex":0,"rotation":0,"texture":"#0"},"west":{"uv":[13.25,2.75,13.5,3.25],"tintindex":0,"rotation":0,"texture":"#0"},"up":{"uv":[0.375,13.625,0.0,13.375],"tintindex":0,"rotation":0,"texture":"#0"},"down":{"uv":[13.75,0.0,13.375,0.25],"tintindex":0,"rotation":0,"texture":"#0"}},"rotation":{"origin":[14.289003,8.8949585,7.9545455],"angle":-45.0,"axis":"z"}},{"from":[6.6482754,-3.3774567,4.8295455],"to":[11.648275,6.6225433,11.079546],"faces":{"east":{"uv":[8.0,6.0,8.75,7.25],"tintindex":0,"rotation":0,"texture":"#0"},"south":{"uv":[5.375,9.375,6.0,10.625],"tintindex":0,"rotation":0,"texture":"#0"},"north":{"uv":[9.25,9.125,9.875,10.375],"tintindex":0,"rotation":0,"texture":"#0"},"west":{"uv":[5.375,8.125,6.125,9.375],"tintindex":0,"rotation":0,"texture":"#0"},"up":{"uv":[11.625,11.625,11.0,10.875],"tintindex":0,"rotation":0,"texture":"#0"},"down":{"uv":[6.25,11.125,5.625,11.875],"tintindex":0,"rotation":0,"texture":"#0"}}}],"display":{"gui":{"rotation":[30,225,0]}}}