{"textures":{"0":"modelengine:entity/star_guardian"},"elements":[{"from":[-1.3274117,2.577487,7.125],"to":[0.67258835,4.077487,8.875],"faces":{"east":{"uv":[13.5,8.375,13.75,8.625],"tintindex":0,"rotation":0,"texture":"#0"},"south":{"uv":[8.625,13.5,8.875,13.75],"tintindex":0,"rotation":0,"texture":"#0"},"north":{"uv":[8.375,13.5,8.625,13.75],"tintindex":0,"rotation":0,"texture":"#0"},"west":{"uv":[8.875,13.5,9.125,13.75],"tintindex":0,"rotation":0,"texture":"#0"},"up":{"uv":[9.75,13.75,9.5,13.5],"tintindex":0,"rotation":0,"texture":"#0"},"down":{"uv":[10.375,13.5,10.125,13.75],"tintindex":0,"rotation":0,"texture":"#0"}},"rotation":{"origin":[6.7975883,5.827487,8.0],"angle":22.5,"axis":"z"}},{"from":[5.4225883,2.327487,6.625],"to":[8.172588,9.327487,9.375],"faces":{"east":{"uv":[4.625,12.25,5.0,13.125],"tintindex":0,"rotation":0,"texture":"#0"},"south":{"uv":[5.0,12.25,5.375,13.125],"tintindex":0,"rotation":0,"texture":"#0"},"north":{"uv":[0.75,12.25,1.125,13.125],"tintindex":0,"rotation":0,"texture":"#0"},"west":{"uv":[5.375,12.25,5.75,13.125],"tintindex":0,"rotation":0,"texture":"#0"},"up":{"uv":[13.5,10.875,13.125,10.5],"tintindex":0,"rotation":0,"texture":"#0"},"down":{"uv":[11.625,13.125,11.25,13.5],"tintindex":0,"rotation":0,"texture":"#0"}},"rotation":{"origin":[6.7975883,5.827487,8.0],"angle":-22.5,"axis":"z"}},{"from":[0.67258835,2.577487,6.875],"to":[5.1725883,4.827487,9.125],"faces":{"east":{"uv":[8.125,13.5,8.375,13.75],"tintindex":0,"rotation":0,"texture":"#0"},"south":{"uv":[13.0,10.25,13.625,10.5],"tintindex":0,"rotation":0,"texture":"#0"},"north":{"uv":[13.0,10.0,13.625,10.25],"tintindex":0,"rotation":0,"texture":"#0"},"west":{"uv":[13.5,8.125,13.75,8.375],"tintindex":0,"rotation":0,"texture":"#0"},"up":{"uv":[12.25,13.25,11.625,13.0],"tintindex":0,"rotation":0,"texture":"#0"},"down":{"uv":[0.625,13.125,0.0,13.375],"tintindex":0,"rotation":0,"texture":"#0"}},"rotation":{"origin":[6.7975883,5.827487,8.0],"angle":22.5,"axis":"z"}}],"display":{"gui":{"rotation":[30,225,0]}}}