{"textures":{"0":"modelengine:entity/dragon_nether"},"elements":[{"from":[0.02208805,7.6666665,8.537374],"to":[1.022088,8.333333,17.20404],"faces":{"east":{"uv":[9.875,3.8125,8.25,3.6875],"tintindex":0,"rotation":0,"texture":"#0"},"south":{"uv":[10.25,0.625,10.4375,0.75],"tintindex":0,"rotation":0,"texture":"#0"},"north":{"uv":[10.25,0.4375,10.4375,0.5625],"tintindex":0,"rotation":0,"texture":"#0"},"west":{"uv":[8.25,3.6875,9.875,3.8125],"tintindex":0,"rotation":0,"texture":"#0"},"up":{"uv":[5.75,8.9375,5.5625,7.3125],"tintindex":0,"rotation":0,"texture":"#0"},"down":{"uv":[5.5625,7.3125,5.75,8.9375],"tintindex":0,"rotation":0,"texture":"#0"}},"rotation":{"origin":[0.52208805,8.0,12.870707],"angle":-45.0,"axis":"y"}},{"from":[3.2337046,7.6583333,8.458255],"to":[8.233705,8.325,9.458255],"faces":{"east":{"uv":[10.1875,4.9375,10.375,5.0625],"tintindex":0,"rotation":0,"texture":"#0"},"south":{"uv":[10.0625,1.6875,9.125,1.5625],"tintindex":0,"rotation":0,"texture":"#0"},"north":{"uv":[9.125,1.5625,10.0625,1.6875],"tintindex":0,"rotation":0,"texture":"#0"},"west":{"uv":[10.1875,9.125,10.375,9.25],"tintindex":0,"rotation":0,"texture":"#0"},"up":{"uv":[9.4375,2.4375,8.5,2.25],"tintindex":0,"rotation":0,"texture":"#0"},"down":{"uv":[9.4375,2.4375,8.5,2.25],"tintindex":0,"rotation":0,"texture":"#0"}},"rotation":{"origin":[5.7337046,7.991667,8.958255],"angle":22.5,"axis":"y"}},{"from":[-4.180113,8.008334,15.072907],"to":[-1.8467789,8.008334,17.739574],"faces":{"up":{"uv":[8.375,5.0,7.9375,4.5],"tintindex":0,"rotation":0,"texture":"#0"},"down":{"uv":[8.375,4.5,7.9375,5.0],"tintindex":0,"rotation":0,"texture":"#0"}},"rotation":{"origin":[-3.0134459,8.008334,16.40624],"angle":-45.0,"axis":"y"}},{"from":[-3.9090147,8.0,7.7647986],"to":[8.090985,8.0,26.431465],"faces":{"up":{"uv":[2.25,3.5,0.0,0.0],"tintindex":0,"rotation":0,"texture":"#0"},"down":{"uv":[2.25,0.0,0.0,3.5],"tintindex":0,"rotation":0,"texture":"#0"}}}],"display":{"gui":{"rotation":[30,225,0]}}}