{"textures":{"0":"modelengine:entity/dragon_nether"},"elements":[{"from":[5.1225004,1.1262465,4.1019726],"to":[10.122499,9.126246,9.101973],"faces":{"east":{"uv":[4.125,8.8125,4.4375,9.3125],"tintindex":0,"rotation":0,"texture":"#0"},"south":{"uv":[8.75,0.6875,9.0625,1.1875],"tintindex":0,"rotation":0,"texture":"#0"},"north":{"uv":[8.75,0.6875,9.0625,1.1875],"tintindex":0,"rotation":0,"texture":"#0"},"west":{"uv":[4.125,8.8125,4.4375,9.3125],"tintindex":0,"rotation":0,"texture":"#0"},"up":{"uv":[3.9375,9.5625,3.625,9.25],"tintindex":0,"rotation":0,"texture":"#0"},"down":{"uv":[3.9375,9.5625,3.625,9.25],"tintindex":0,"rotation":0,"texture":"#0"}},"rotation":{"origin":[7.6225,5.1262465,6.6019726],"angle":22.5,"axis":"x"}}],"display":{"gui":{"rotation":[30,225,0]}}}