{"textures":{"0":"modelengine:entity/dragon_nether"},"elements":[{"from":[12.502016,0.603446,6.050132],"to":[17.502016,10.603447,6.050132],"faces":{"south":{"uv":[0.5,8.375,0.8125,9.0],"tintindex":0,"rotation":0,"texture":"#0"},"north":{"uv":[0.8125,8.375,0.5,9.0],"tintindex":0,"rotation":0,"texture":"#0"}},"rotation":{"origin":[15.002016,5.603447,6.050132],"angle":22.5,"axis":"z"}},{"from":[7.8826194,-1.3099709,4.050132],"to":[12.88262,8.690029,11.050132],"faces":{"east":{"uv":[7.375,7.625,6.9375,8.25],"tintindex":0,"rotation":0,"texture":"#0"},"south":{"uv":[8.5625,8.3125,8.25,8.9375],"tintindex":0,"rotation":0,"texture":"#0"},"north":{"uv":[7.25,8.3125,6.9375,8.9375],"tintindex":0,"rotation":0,"texture":"#0"},"west":{"uv":[3.8125,7.625,3.375,8.25],"tintindex":0,"rotation":0,"texture":"#0"},"up":{"uv":[1.875,9.3125,2.1875,8.875],"tintindex":0,"rotation":0,"texture":"#0"},"down":{"uv":[6.0625,8.875,6.375,9.3125],"tintindex":0,"rotation":0,"texture":"#0"}},"rotation":{"origin":[10.38262,3.6900291,7.550132],"angle":22.5,"axis":"z"}}],"display":{"gui":{"rotation":[30,225,0]}}}