{"textures":{"0":"modelengine:entity/dragon_nether"},"elements":[{"from":[5.8775,1.1262465,4.1019726],"to":[10.8775,9.126246,9.101973],"faces":{"east":{"uv":[4.4375,8.8125,4.125,9.3125],"tintindex":0,"rotation":0,"texture":"#0"},"south":{"uv":[9.0625,0.6875,8.75,1.1875],"tintindex":0,"rotation":0,"texture":"#0"},"north":{"uv":[9.0625,0.6875,8.75,1.1875],"tintindex":0,"rotation":0,"texture":"#0"},"west":{"uv":[4.4375,8.8125,4.125,9.3125],"tintindex":0,"rotation":0,"texture":"#0"},"up":{"uv":[3.625,9.5625,3.9375,9.25],"tintindex":0,"rotation":0,"texture":"#0"},"down":{"uv":[3.625,9.5625,3.9375,9.25],"tintindex":0,"rotation":0,"texture":"#0"}},"rotation":{"origin":[8.377501,5.1262465,6.6019726],"angle":22.5,"axis":"x"}}],"display":{"gui":{"rotation":[30,225,0]}}}