{"textures":{"0":"modelengine:entity/dragon_nether"},"elements":[{"from":[6.0,6.056862,9.674275],"to":[6.0,11.056862,21.674274],"faces":{"east":{"uv":[8.6875,1.875,7.9375,2.1875],"tintindex":0,"rotation":0,"texture":"#0"},"west":{"uv":[7.9375,1.875,8.6875,2.1875],"tintindex":0,"rotation":0,"texture":"#0"}},"rotation":{"origin":[6.0,8.556862,15.674275],"angle":45.0,"axis":"x"}},{"from":[10.0,6.056862,9.674275],"to":[10.0,11.056862,21.674274],"faces":{"east":{"uv":[8.6875,1.875,7.9375,2.1875],"tintindex":0,"rotation":0,"texture":"#0"},"west":{"uv":[7.9375,1.875,8.6875,2.1875],"tintindex":0,"rotation":0,"texture":"#0"}},"rotation":{"origin":[10.0,8.556862,15.674275],"angle":45.0,"axis":"x"}},{"from":[4.0,0.8142214,5.431635],"to":[12.0,7.8142204,17.431633],"faces":{"east":{"uv":[7.125,6.1875,7.875,6.625],"tintindex":0,"rotation":0,"texture":"#0"},"south":{"uv":[7.9375,2.25,8.4375,2.6875],"tintindex":0,"rotation":0,"texture":"#0"},"north":{"uv":[3.875,7.875,4.375,8.3125],"tintindex":0,"rotation":0,"texture":"#0"},"west":{"uv":[7.125,6.6875,7.875,7.125],"tintindex":0,"rotation":0,"texture":"#0"},"up":{"uv":[7.1875,1.5,6.6875,0.75],"tintindex":0,"rotation":0,"texture":"#0"},"down":{"uv":[7.25,2.375,6.75,3.125],"tintindex":0,"rotation":0,"texture":"#0"}},"rotation":{"origin":[8.0,4.3142204,11.431634],"angle":45.0,"axis":"x"}}],"display":{"gui":{"rotation":[30,225,0]}}}