{"textures":{"0":"modelengine:entity/dragon_nether"},"elements":[{"from":[5.0,3.6955051,7.12426],"to":[11.0,8.695505,18.124262],"faces":{"east":{"uv":[7.9375,5.0625,8.625,5.375],"tintindex":0,"rotation":0,"texture":"#0"},"south":{"uv":[9.0625,4.5625,9.4375,4.875],"tintindex":0,"rotation":0,"texture":"#0"},"north":{"uv":[8.0625,9.0,8.4375,9.3125],"tintindex":0,"rotation":0,"texture":"#0"},"west":{"uv":[7.9375,6.5,8.625,6.8125],"tintindex":0,"rotation":0,"texture":"#0"},"up":{"uv":[7.8125,8.3125,7.4375,7.625],"tintindex":0,"rotation":0,"texture":"#0"},"down":{"uv":[4.875,7.6875,4.5,8.375],"tintindex":0,"rotation":0,"texture":"#0"}},"rotation":{"origin":[8.0,6.195505,12.62426],"angle":22.5,"axis":"x"}},{"from":[8.0,8.314902,9.037678],"to":[8.0,13.314902,20.037676],"faces":{"east":{"uv":[8.75,7.25,8.0625,7.5625],"tintindex":0,"rotation":0,"texture":"#0"},"west":{"uv":[8.0625,7.25,8.75,7.5625],"tintindex":0,"rotation":0,"texture":"#0"}},"rotation":{"origin":[8.0,10.814902,14.537678],"angle":22.5,"axis":"x"}}],"display":{"gui":{"rotation":[30,225,0]}}}