{"textures":{"0":"modelengine:entity/sabertooth_arctic"},"elements":[{"from":[5.6074142,-0.89805984,4.3224053],"to":[12.607414,10.10194,12.322406],"faces":{"east":{"uv":[5.3125,1.5,5.8125,2.1875],"tintindex":0,"rotation":0,"texture":"#0"},"south":{"uv":[0.0,5.4375,0.4375,6.125],"tintindex":0,"rotation":0,"texture":"#0"},"north":{"uv":[5.375,3.0,5.8125,3.6875],"tintindex":0,"rotation":0,"texture":"#0"},"west":{"uv":[5.3125,2.25,5.8125,2.9375],"tintindex":0,"rotation":0,"texture":"#0"},"up":{"uv":[7.0625,1.0625,6.625,0.5625],"tintindex":0,"rotation":0,"texture":"#0"},"down":{"uv":[7.0625,1.125,6.625,1.625],"tintindex":0,"rotation":0,"texture":"#0"}}},{"from":[5.6574144,2.3313427,9.475687],"to":[5.6574144,12.331343,18.475687],"faces":{"east":{"uv":[4.0,4.75,3.4375,5.375],"tintindex":0,"rotation":0,"texture":"#0"},"west":{"uv":[3.4375,4.75,4.0,5.375],"tintindex":0,"rotation":0,"texture":"#0"}},"rotation":{"origin":[5.6574144,7.3313427,13.975687],"angle":-22.5,"axis":"x"}}],"display":{"gui":{"rotation":[30,225,0]}}}