{"textures":{"0":"modelengine:entity/sabertooth_arctic"},"elements":[{"from":[3.3925858,-0.89805984,4.3224053],"to":[10.392586,10.10194,12.322406],"faces":{"east":{"uv":[5.8125,2.25,5.3125,2.9375],"tintindex":0,"rotation":0,"texture":"#0"},"south":{"uv":[0.4375,5.4375,0.0,6.125],"tintindex":0,"rotation":0,"texture":"#0"},"north":{"uv":[5.8125,3.0,5.375,3.6875],"tintindex":0,"rotation":0,"texture":"#0"},"west":{"uv":[5.8125,1.5,5.3125,2.1875],"tintindex":0,"rotation":0,"texture":"#0"},"up":{"uv":[6.625,1.0625,7.0625,0.5625],"tintindex":0,"rotation":0,"texture":"#0"},"down":{"uv":[6.625,1.125,7.0625,1.625],"tintindex":0,"rotation":0,"texture":"#0"}}},{"from":[10.342586,2.3313427,9.475687],"to":[10.342586,12.331343,18.475687],"faces":{"east":{"uv":[4.0,4.75,3.4375,5.375],"tintindex":0,"rotation":0,"texture":"#0"},"west":{"uv":[3.4375,4.75,4.0,5.375],"tintindex":0,"rotation":0,"texture":"#0"}},"rotation":{"origin":[10.342586,7.3313427,13.975687],"angle":-22.5,"axis":"x"}}],"display":{"gui":{"rotation":[30,225,0]}}}