{"textures":{"0":"modelengine:entity/sabertooth_arctic"},"elements":[{"from":[3.2743444,-2.0044212,5.1624336],"to":[10.274344,8.995579,13.162434],"faces":{"east":{"uv":[1.125,5.3125,0.625,6.0],"tintindex":0,"rotation":0,"texture":"#0"},"south":{"uv":[5.8125,0.75,5.375,1.4375],"tintindex":0,"rotation":0,"texture":"#0"},"north":{"uv":[5.8125,0.0,5.375,0.6875],"tintindex":0,"rotation":0,"texture":"#0"},"west":{"uv":[4.5625,4.75,4.0625,5.4375],"tintindex":0,"rotation":0,"texture":"#0"},"up":{"uv":[4.5,7.0625,4.9375,6.5625],"tintindex":0,"rotation":0,"texture":"#0"},"down":{"uv":[6.625,0.0,7.0625,0.5],"tintindex":0,"rotation":0,"texture":"#0"}},"rotation":{"origin":[6.7743444,3.4955788,9.162434],"angle":-22.5,"axis":"x"}},{"from":[10.249345,0.057045937,11.553471],"to":[10.249345,8.057047,19.55347],"faces":{"east":{"uv":[6.75,6.3125,6.25,6.8125],"tintindex":0,"rotation":0,"texture":"#0"},"west":{"uv":[6.25,6.3125,6.75,6.8125],"tintindex":0,"rotation":0,"texture":"#0"}}}],"display":{"gui":{"rotation":[30,225,0]}}}