{"textures":{"0":"modelengine:entity/nocsy_drakonin4"},"elements":[{"from":[4.0,4.7727404,3.373014],"to":[12.0,12.77274,15.3730135],"faces":{"east":{"uv":[5.25,5.25,6.0,5.75],"tintindex":0,"rotation":0,"texture":"#0"},"south":{"uv":[5.25,5.8125,5.75,6.3125],"tintindex":0,"rotation":0,"texture":"#0"},"north":{"uv":[5.5,4.5625,6.0,5.0625],"tintindex":0,"rotation":0,"texture":"#0"},"west":{"uv":[5.5,0.0,6.25,0.5],"tintindex":0,"rotation":0,"texture":"#0"},"up":{"uv":[6.0,1.3125,5.5,0.5625],"tintindex":0,"rotation":0,"texture":"#0"},"down":{"uv":[6.0,1.375,5.5,2.125],"tintindex":0,"rotation":0,"texture":"#0"}}},{"from":[4.01,2.811537,13.084082],"to":[11.99,10.791536,21.064081],"faces":{"east":{"uv":[6.0,3.1875,6.5,3.6875],"tintindex":0,"rotation":0,"texture":"#0"},"south":{"uv":[6.0,3.75,6.5,4.25],"tintindex":0,"rotation":0,"texture":"#0"},"north":{"uv":[5.8125,5.8125,6.3125,6.3125],"tintindex":0,"rotation":0,"texture":"#0"},"west":{"uv":[6.0625,0.5625,6.5625,1.0625],"tintindex":0,"rotation":0,"texture":"#0"},"up":{"uv":[6.5625,1.625,6.0625,1.125],"tintindex":0,"rotation":0,"texture":"#0"},"down":{"uv":[6.5625,4.3125,6.0625,4.8125],"tintindex":0,"rotation":0,"texture":"#0"}},"rotation":{"origin":[8.0,6.008381,19.178501],"angle":22.5,"axis":"x"}},{"from":[3.99,4.2792497,1.1274507],"to":[12.01,12.299251,8.147451],"faces":{"east":{"uv":[4.0,6.3125,4.4375,6.8125],"tintindex":0,"rotation":0,"texture":"#0"},"south":{"uv":[6.1875,1.6875,6.6875,2.1875],"tintindex":0,"rotation":0,"texture":"#0"},"north":{"uv":[6.0625,4.875,6.5625,5.375],"tintindex":0,"rotation":0,"texture":"#0"},"west":{"uv":[4.5,6.3125,4.9375,6.8125],"tintindex":0,"rotation":0,"texture":"#0"},"up":{"uv":[5.5,6.8125,5.0,6.375],"tintindex":0,"rotation":0,"texture":"#0"},"down":{"uv":[6.875,5.4375,6.375,5.875],"tintindex":0,"rotation":0,"texture":"#0"}},"rotation":{"origin":[8.0,10.28925,6.337451],"angle":45.0,"axis":"x"}}],"display":{"gui":{"rotation":[30,225,0]}}}