{"textures":{"0":"modelengine:entity/nocsy_drakonin4"},"elements":[{"from":[4.0855722,11.520136,13.919543],"to":[6.6855717,11.520136,19.919544],"faces":{"up":{"uv":[9.5625,5.5625,9.375,5.1875],"tintindex":0,"rotation":0,"texture":"#0"},"down":{"uv":[7.25,9.375,7.0625,9.75],"tintindex":0,"rotation":0,"texture":"#0"}},"rotation":{"origin":[5.446232,9.770636,17.530203],"angle":-45.0,"axis":"x"}},{"from":[5.242255,4.534319,6.196457],"to":[8.242255,8.534319,13.196457],"faces":{"east":{"uv":[8.3125,0.0,8.75,0.25],"tintindex":0,"rotation":0,"texture":"#0"},"south":{"uv":[9.5,6.25,9.6875,6.5],"tintindex":0,"rotation":0,"texture":"#0"},"north":{"uv":[9.5,5.9375,9.6875,6.1875],"tintindex":0,"rotation":0,"texture":"#0"},"west":{"uv":[8.3125,2.4375,8.75,2.6875],"tintindex":0,"rotation":0,"texture":"#0"},"up":{"uv":[3.125,9.4375,2.9375,9.0],"tintindex":0,"rotation":0,"texture":"#0"},"down":{"uv":[3.375,9.0,3.1875,9.4375],"tintindex":0,"rotation":0,"texture":"#0"}},"rotation":{"origin":[7.0422554,6.534319,11.596457],"angle":22.5,"axis":"z"}},{"from":[4.098007,7.5339804,10.2185335],"to":[6.6980076,10.133981,15.818534],"faces":{"east":{"uv":[2.25,9.3125,2.625,9.5],"tintindex":0,"rotation":0,"texture":"#0"},"south":{"uv":[6.875,9.8125,7.0625,10.0],"tintindex":0,"rotation":0,"texture":"#0"},"north":{"uv":[6.625,9.8125,6.8125,10.0],"tintindex":0,"rotation":0,"texture":"#0"},"west":{"uv":[9.3125,3.0,9.6875,3.1875],"tintindex":0,"rotation":0,"texture":"#0"},"up":{"uv":[9.5,3.625,9.3125,3.25],"tintindex":0,"rotation":0,"texture":"#0"},"down":{"uv":[9.5625,0.25,9.375,0.625],"tintindex":0,"rotation":0,"texture":"#0"}},"rotation":{"origin":[2.8121123,6.0616074,15.9485855],"angle":-22.5,"axis":"x"}},{"from":[5.506892,10.121136,13.940864],"to":[5.506892,12.721136,19.940865],"faces":{"east":{"uv":[9.375,9.25,9.75,9.4375],"tintindex":0,"rotation":0,"texture":"#0"},"west":{"uv":[9.4375,0.6875,9.8125,0.875],"tintindex":0,"rotation":0,"texture":"#0"}},"rotation":{"origin":[5.446232,9.770636,17.530203],"angle":-45.0,"axis":"x"}}],"display":{"gui":{"rotation":[30,225,0]}}}