{"textures":{"0":"modelengine:entity/nocsy_drakonin4"},"elements":[{"from":[9.314428,11.520136,13.919543],"to":[11.914428,11.520136,19.919544],"faces":{"up":{"uv":[9.4375,6.625,9.25,6.25],"tintindex":0,"rotation":0,"texture":"#0"},"down":{"uv":[9.3125,9.25,9.125,9.625],"tintindex":0,"rotation":0,"texture":"#0"}},"rotation":{"origin":[10.553768,9.770636,17.530203],"angle":-45.0,"axis":"x"}},{"from":[10.493108,10.121136,13.940864],"to":[10.493108,12.721136,19.940865],"faces":{"east":{"uv":[9.25,0.0,9.625,0.1875],"tintindex":0,"rotation":0,"texture":"#0"},"west":{"uv":[9.25,2.375,9.625,2.5625],"tintindex":0,"rotation":0,"texture":"#0"}},"rotation":{"origin":[10.553768,9.770636,17.530203],"angle":-45.0,"axis":"x"}},{"from":[9.301992,7.5339804,10.2185335],"to":[11.901993,10.133981,15.818534],"faces":{"east":{"uv":[9.0,2.125,9.375,2.3125],"tintindex":0,"rotation":0,"texture":"#0"},"south":{"uv":[6.375,9.8125,6.5625,10.0],"tintindex":0,"rotation":0,"texture":"#0"},"north":{"uv":[6.125,9.8125,6.3125,10.0],"tintindex":0,"rotation":0,"texture":"#0"},"west":{"uv":[9.1875,8.6875,9.5625,8.875],"tintindex":0,"rotation":0,"texture":"#0"},"up":{"uv":[6.375,9.5,6.1875,9.125],"tintindex":0,"rotation":0,"texture":"#0"},"down":{"uv":[9.4375,1.625,9.25,2.0],"tintindex":0,"rotation":0,"texture":"#0"}},"rotation":{"origin":[13.187887,6.0616074,15.9485855],"angle":-22.5,"axis":"x"}},{"from":[7.757745,4.534319,6.196457],"to":[10.757745,8.534319,13.196457],"faces":{"east":{"uv":[6.4375,8.25,6.875,8.5],"tintindex":0,"rotation":0,"texture":"#0"},"south":{"uv":[5.375,9.5,5.5625,9.75],"tintindex":0,"rotation":0,"texture":"#0"},"north":{"uv":[4.75,9.5,4.9375,9.75],"tintindex":0,"rotation":0,"texture":"#0"},"west":{"uv":[8.25,7.3125,8.6875,7.5625],"tintindex":0,"rotation":0,"texture":"#0"},"up":{"uv":[1.9375,9.4375,1.75,9.0],"tintindex":0,"rotation":0,"texture":"#0"},"down":{"uv":[2.1875,9.0,2.0,9.4375],"tintindex":0,"rotation":0,"texture":"#0"}},"rotation":{"origin":[8.957745,6.534319,11.596457],"angle":-22.5,"axis":"z"}}],"display":{"gui":{"rotation":[30,225,0]}}}