{"textures":{"0":"modelengine:entity/nocsy_drakonin4"},"elements":[{"from":[-8.001944,8.002501,4.973771],"to":[7.9980564,8.1025,25.473772],"faces":{"east":{"uv":[7.375,4.5625,9.9375,4.625],"tintindex":0,"rotation":0,"texture":"#0"},"south":{"uv":[7.875,7.875,9.875,7.9375],"tintindex":0,"rotation":0,"texture":"#0"},"north":{"uv":[7.8125,6.6875,9.8125,6.75],"tintindex":0,"rotation":0,"texture":"#0"},"west":{"uv":[7.375,4.6875,9.9375,4.75],"tintindex":0,"rotation":0,"texture":"#0"},"up":{"uv":[2.0,5.1875,0.0,2.625],"tintindex":0,"rotation":0,"texture":"#0"},"down":{"uv":[4.0625,2.625,2.0625,5.1875],"tintindex":0,"rotation":0,"texture":"#0"}}},{"from":[-4.3015795,7.2075,10.863313],"to":[1.1884203,8.6975,12.3533125],"faces":{"east":{"uv":[3.875,9.8125,4.0625,10.0],"tintindex":0,"rotation":0,"texture":"#0"},"south":{"uv":[1.25,7.875,1.9375,8.0625],"tintindex":0,"rotation":0,"texture":"#0"},"north":{"uv":[0.5,7.875,1.1875,8.0625],"tintindex":0,"rotation":0,"texture":"#0"},"west":{"uv":[4.75,9.8125,4.9375,10.0],"tintindex":0,"rotation":0,"texture":"#0"},"up":{"uv":[8.5625,1.8125,7.875,1.625],"tintindex":0,"rotation":0,"texture":"#0"},"down":{"uv":[8.5625,1.875,7.875,2.0625],"tintindex":0,"rotation":0,"texture":"#0"}},"rotation":{"origin":[-3.0565796,7.9525,11.608313],"angle":45.0,"axis":"y"}},{"from":[-0.5019436,7.2025,4.973771],"to":[7.9980564,8.702499,6.473771],"faces":{"east":{"uv":[9.8125,3.4375,10.0,3.625],"tintindex":0,"rotation":0,"texture":"#0"},"south":{"uv":[6.8125,2.375,7.875,2.5625],"tintindex":0,"rotation":0,"texture":"#0"},"north":{"uv":[6.8125,2.125,7.875,2.3125],"tintindex":0,"rotation":0,"texture":"#0"},"west":{"uv":[3.625,9.8125,3.8125,10.0],"tintindex":0,"rotation":0,"texture":"#0"},"up":{"uv":[3.8125,7.0,2.75,6.8125],"tintindex":0,"rotation":0,"texture":"#0"},"down":{"uv":[4.9375,6.875,3.875,7.0625],"tintindex":0,"rotation":0,"texture":"#0"}},"rotation":{"origin":[7.2480564,7.9525,6.723771],"angle":22.5,"axis":"y"}},{"from":[-4.662655,7.2025,11.426421],"to":[-3.1626549,8.702499,16.926422],"faces":{"east":{"uv":[2.0,7.875,2.6875,8.0625],"tintindex":0,"rotation":0,"texture":"#0"},"south":{"uv":[9.8125,5.5,10.0,5.6875],"tintindex":0,"rotation":0,"texture":"#0"},"north":{"uv":[5.25,9.8125,5.4375,10.0],"tintindex":0,"rotation":0,"texture":"#0"},"west":{"uv":[7.875,7.625,8.5625,7.8125],"tintindex":0,"rotation":0,"texture":"#0"},"up":{"uv":[5.6875,8.5625,5.5,7.875],"tintindex":0,"rotation":0,"texture":"#0"},"down":{"uv":[5.9375,7.875,5.75,8.5625],"tintindex":0,"rotation":0,"texture":"#0"}},"rotation":{"origin":[-5.912655,7.9525,12.176421],"angle":-22.5,"axis":"y"}}],"display":{"gui":{"rotation":[30,225,0]}}}