{"textures":{"0":"modelengine:entity/nocsy_drakonin4"},"elements":[{"from":[-2.783844,7.872788,3.1453495],"to":[7.7161565,7.972788,23.64535],"faces":{"east":{"uv":[7.375,4.3125,9.9375,4.375],"tintindex":0,"rotation":0,"texture":"#0"},"south":{"uv":[8.9375,5.0625,10.25,5.125],"tintindex":0,"rotation":0,"texture":"#0"},"north":{"uv":[8.9375,1.0625,10.25,1.125],"tintindex":0,"rotation":0,"texture":"#0"},"west":{"uv":[7.375,4.4375,9.9375,4.5],"tintindex":0,"rotation":0,"texture":"#0"},"up":{"uv":[1.3125,7.8125,0.0,5.25],"tintindex":0,"rotation":0,"texture":"#0"},"down":{"uv":[2.6875,5.25,1.375,7.8125],"tintindex":0,"rotation":0,"texture":"#0"}}},{"from":[-1.0271502,7.077788,3.4801264],"to":[0.46284962,8.567787,6.970126],"faces":{"east":{"uv":[4.1875,8.9375,4.625,9.125],"tintindex":0,"rotation":0,"texture":"#0"},"south":{"uv":[3.125,9.8125,3.3125,10.0],"tintindex":0,"rotation":0,"texture":"#0"},"north":{"uv":[2.875,9.8125,3.0625,10.0],"tintindex":0,"rotation":0,"texture":"#0"},"west":{"uv":[4.6875,8.9375,5.125,9.125],"tintindex":0,"rotation":0,"texture":"#0"},"up":{"uv":[2.875,9.375,2.6875,8.9375],"tintindex":0,"rotation":0,"texture":"#0"},"down":{"uv":[5.375,8.9375,5.1875,9.375],"tintindex":0,"rotation":0,"texture":"#0"}},"rotation":{"origin":[1.7178493,7.822788,6.2251263],"angle":45.0,"axis":"y"}},{"from":[-2.8980246,7.072788,2.5713243],"to":[-1.3980246,8.572788,6.0713243],"faces":{"east":{"uv":[8.9375,4.8125,9.375,5.0],"tintindex":0,"rotation":0,"texture":"#0"},"south":{"uv":[3.375,9.8125,3.5625,10.0],"tintindex":0,"rotation":0,"texture":"#0"},"north":{"uv":[9.8125,3.1875,10.0,3.375],"tintindex":0,"rotation":0,"texture":"#0"},"west":{"uv":[5.4375,8.9375,5.875,9.125],"tintindex":0,"rotation":0,"texture":"#0"},"up":{"uv":[6.125,9.375,5.9375,8.9375],"tintindex":0,"rotation":0,"texture":"#0"},"down":{"uv":[6.625,8.9375,6.4375,9.375],"tintindex":0,"rotation":0,"texture":"#0"}},"rotation":{"origin":[-2.1480246,7.822788,4.3213243],"angle":22.5,"axis":"y"}},{"from":[0.3036356,7.072788,7.2],"to":[6.8036356,8.572788,8.7],"faces":{"east":{"uv":[2.625,9.8125,2.8125,10.0],"tintindex":0,"rotation":0,"texture":"#0"},"south":{"uv":[7.4375,0.25,8.25,0.4375],"tintindex":0,"rotation":0,"texture":"#0"},"north":{"uv":[7.4375,0.0,8.25,0.1875],"tintindex":0,"rotation":0,"texture":"#0"},"west":{"uv":[9.8125,2.625,10.0,2.8125],"tintindex":0,"rotation":0,"texture":"#0"},"up":{"uv":[5.5,7.625,4.6875,7.4375],"tintindex":0,"rotation":0,"texture":"#0"},"down":{"uv":[8.25,5.3125,7.4375,5.5],"tintindex":0,"rotation":0,"texture":"#0"}}},{"from":[6.3036356,6.572788,6.75],"to":[8.803636,9.072788,9.25],"faces":{"east":{"uv":[8.5625,4.8125,8.875,5.125],"tintindex":0,"rotation":0,"texture":"#0"},"south":{"uv":[4.9375,8.5625,5.25,8.875],"tintindex":0,"rotation":0,"texture":"#0"},"north":{"uv":[4.5625,8.5625,4.875,8.875],"tintindex":0,"rotation":0,"texture":"#0"},"west":{"uv":[8.5625,6.3125,8.875,6.625],"tintindex":0,"rotation":0,"texture":"#0"},"up":{"uv":[6.75,8.875,6.4375,8.5625],"tintindex":0,"rotation":0,"texture":"#0"},"down":{"uv":[8.0,8.5625,7.6875,8.875],"tintindex":0,"rotation":0,"texture":"#0"}}}],"display":{"gui":{"rotation":[30,225,0]}}}