{"textures":{"0":"modelengine:entity/nocsy_drakonin4"},"elements":[{"from":[5.0,8.111329,6.9499884],"to":[11.0,15.111329,12.949987],"faces":{"east":{"uv":[7.3125,3.125,7.6875,3.5625],"tintindex":0,"rotation":0,"texture":"#0"},"south":{"uv":[7.375,0.5,7.75,0.9375],"tintindex":0,"rotation":0,"texture":"#0"},"north":{"uv":[4.25,7.125,4.625,7.5625],"tintindex":0,"rotation":0,"texture":"#0"},"west":{"uv":[7.375,1.0,7.75,1.4375],"tintindex":0,"rotation":0,"texture":"#0"},"up":{"uv":[5.9375,7.8125,5.5625,7.4375],"tintindex":0,"rotation":0,"texture":"#0"},"down":{"uv":[7.9375,2.625,7.5625,3.0],"tintindex":0,"rotation":0,"texture":"#0"}}},{"from":[5.01,14.245261,6.2280493],"to":[10.99,18.22526,12.208048],"faces":{"east":{"uv":[5.75,8.625,6.125,8.875],"tintindex":0,"rotation":0,"texture":"#0"},"south":{"uv":[8.625,6.8125,9.0,7.0625],"tintindex":0,"rotation":0,"texture":"#0"},"north":{"uv":[5.3125,8.625,5.6875,8.875],"tintindex":0,"rotation":0,"texture":"#0"},"west":{"uv":[0.375,8.6875,0.75,8.9375],"tintindex":0,"rotation":0,"texture":"#0"},"up":{"uv":[3.125,7.9375,2.75,7.5625],"tintindex":0,"rotation":0,"texture":"#0"},"down":{"uv":[3.5625,7.5625,3.1875,7.9375],"tintindex":0,"rotation":0,"texture":"#0"}},"rotation":{"origin":[8.0,16.51315,10.381875],"angle":-22.5,"axis":"x"}}],"display":{"gui":{"rotation":[30,225,0]}}}