{"textures":{"0":"modelengine:entity/nocsy_drakonin4"},"elements":[{"from":[8.001944,7.2025,4.973771],"to":[16.501944,8.702499,6.473771],"faces":{"east":{"uv":[3.8125,9.8125,3.625,10.0],"tintindex":0,"rotation":0,"texture":"#0"},"south":{"uv":[7.875,2.375,6.8125,2.5625],"tintindex":0,"rotation":0,"texture":"#0"},"north":{"uv":[7.875,2.125,6.8125,2.3125],"tintindex":0,"rotation":0,"texture":"#0"},"west":{"uv":[10.0,3.4375,9.8125,3.625],"tintindex":0,"rotation":0,"texture":"#0"},"up":{"uv":[2.75,7.0,3.8125,6.8125],"tintindex":0,"rotation":0,"texture":"#0"},"down":{"uv":[3.875,6.875,4.9375,7.0625],"tintindex":0,"rotation":0,"texture":"#0"}},"rotation":{"origin":[8.751944,7.9525,6.723771],"angle":-22.5,"axis":"y"}},{"from":[19.162655,7.2025,11.426421],"to":[20.662655,8.702499,16.926422],"faces":{"east":{"uv":[8.5625,7.625,7.875,7.8125],"tintindex":0,"rotation":0,"texture":"#0"},"south":{"uv":[10.0,5.5,9.8125,5.6875],"tintindex":0,"rotation":0,"texture":"#0"},"north":{"uv":[5.4375,9.8125,5.25,10.0],"tintindex":0,"rotation":0,"texture":"#0"},"west":{"uv":[2.6875,7.875,2.0,8.0625],"tintindex":0,"rotation":0,"texture":"#0"},"up":{"uv":[5.5,8.5625,5.6875,7.875],"tintindex":0,"rotation":0,"texture":"#0"},"down":{"uv":[5.75,7.875,5.9375,8.5625],"tintindex":0,"rotation":0,"texture":"#0"}},"rotation":{"origin":[21.912655,7.9525,12.176421],"angle":22.5,"axis":"y"}},{"from":[14.81158,7.2075,10.863313],"to":[20.30158,8.6975,12.3533125],"faces":{"east":{"uv":[4.9375,9.8125,4.75,10.0],"tintindex":0,"rotation":0,"texture":"#0"},"south":{"uv":[1.9375,7.875,1.25,8.0625],"tintindex":0,"rotation":0,"texture":"#0"},"north":{"uv":[1.1875,7.875,0.5,8.0625],"tintindex":0,"rotation":0,"texture":"#0"},"west":{"uv":[4.0625,9.8125,3.875,10.0],"tintindex":0,"rotation":0,"texture":"#0"},"up":{"uv":[7.875,1.8125,8.5625,1.625],"tintindex":0,"rotation":0,"texture":"#0"},"down":{"uv":[7.875,1.875,8.5625,2.0625],"tintindex":0,"rotation":0,"texture":"#0"}},"rotation":{"origin":[19.05658,7.9525,11.608313],"angle":-45.0,"axis":"y"}},{"from":[8.001944,8.002501,4.973771],"to":[24.001944,8.1025,25.473772],"faces":{"east":{"uv":[9.9375,4.6875,7.375,4.75],"tintindex":0,"rotation":0,"texture":"#0"},"south":{"uv":[9.875,7.875,7.875,7.9375],"tintindex":0,"rotation":0,"texture":"#0"},"north":{"uv":[9.8125,6.6875,7.8125,6.75],"tintindex":0,"rotation":0,"texture":"#0"},"west":{"uv":[9.9375,4.5625,7.375,4.625],"tintindex":0,"rotation":0,"texture":"#0"},"up":{"uv":[0.0,5.1875,2.0,2.625],"tintindex":0,"rotation":0,"texture":"#0"},"down":{"uv":[2.0625,2.625,4.0625,5.1875],"tintindex":0,"rotation":0,"texture":"#0"}}}],"display":{"gui":{"rotation":[30,225,0]}}}