{"textures":{"0":"modelengine:entity/nocsy_drakonin4"},"elements":[{"from":[9.196364,7.072788,7.2],"to":[15.696364,8.572788,8.7],"faces":{"east":{"uv":[10.0,2.625,9.8125,2.8125],"tintindex":0,"rotation":0,"texture":"#0"},"south":{"uv":[8.25,0.25,7.4375,0.4375],"tintindex":0,"rotation":0,"texture":"#0"},"north":{"uv":[8.25,0.0,7.4375,0.1875],"tintindex":0,"rotation":0,"texture":"#0"},"west":{"uv":[2.8125,9.8125,2.625,10.0],"tintindex":0,"rotation":0,"texture":"#0"},"up":{"uv":[4.6875,7.625,5.5,7.4375],"tintindex":0,"rotation":0,"texture":"#0"},"down":{"uv":[7.4375,5.3125,8.25,5.5],"tintindex":0,"rotation":0,"texture":"#0"}}},{"from":[15.53715,7.077788,3.4801264],"to":[17.02715,8.567787,6.970126],"faces":{"east":{"uv":[5.125,8.9375,4.6875,9.125],"tintindex":0,"rotation":0,"texture":"#0"},"south":{"uv":[3.3125,9.8125,3.125,10.0],"tintindex":0,"rotation":0,"texture":"#0"},"north":{"uv":[3.0625,9.8125,2.875,10.0],"tintindex":0,"rotation":0,"texture":"#0"},"west":{"uv":[4.625,8.9375,4.1875,9.125],"tintindex":0,"rotation":0,"texture":"#0"},"up":{"uv":[2.6875,9.375,2.875,8.9375],"tintindex":0,"rotation":0,"texture":"#0"},"down":{"uv":[5.1875,8.9375,5.375,9.375],"tintindex":0,"rotation":0,"texture":"#0"}},"rotation":{"origin":[14.28215,7.822788,6.2251263],"angle":-45.0,"axis":"y"}},{"from":[8.283844,7.872788,3.1453495],"to":[18.783844,7.972788,23.64535],"faces":{"east":{"uv":[9.9375,4.4375,7.375,4.5],"tintindex":0,"rotation":0,"texture":"#0"},"south":{"uv":[10.25,5.0625,8.9375,5.125],"tintindex":0,"rotation":0,"texture":"#0"},"north":{"uv":[10.25,1.0625,8.9375,1.125],"tintindex":0,"rotation":0,"texture":"#0"},"west":{"uv":[9.9375,4.3125,7.375,4.375],"tintindex":0,"rotation":0,"texture":"#0"},"up":{"uv":[0.0,7.8125,1.3125,5.25],"tintindex":0,"rotation":0,"texture":"#0"},"down":{"uv":[1.375,5.25,2.6875,7.8125],"tintindex":0,"rotation":0,"texture":"#0"}}},{"from":[17.398026,7.072788,2.5713243],"to":[18.898026,8.572788,6.0713243],"faces":{"east":{"uv":[5.875,8.9375,5.4375,9.125],"tintindex":0,"rotation":0,"texture":"#0"},"south":{"uv":[3.5625,9.8125,3.375,10.0],"tintindex":0,"rotation":0,"texture":"#0"},"north":{"uv":[10.0,3.1875,9.8125,3.375],"tintindex":0,"rotation":0,"texture":"#0"},"west":{"uv":[9.375,4.8125,8.9375,5.0],"tintindex":0,"rotation":0,"texture":"#0"},"up":{"uv":[5.9375,9.375,6.125,8.9375],"tintindex":0,"rotation":0,"texture":"#0"},"down":{"uv":[6.4375,8.9375,6.625,9.375],"tintindex":0,"rotation":0,"texture":"#0"}},"rotation":{"origin":[18.148026,7.822788,4.3213243],"angle":-22.5,"axis":"y"}},{"from":[7.1963644,6.572788,6.75],"to":[9.696364,9.072788,9.25],"faces":{"east":{"uv":[8.875,6.3125,8.5625,6.625],"tintindex":0,"rotation":0,"texture":"#0"},"south":{"uv":[5.25,8.5625,4.9375,8.875],"tintindex":0,"rotation":0,"texture":"#0"},"north":{"uv":[4.875,8.5625,4.5625,8.875],"tintindex":0,"rotation":0,"texture":"#0"},"west":{"uv":[8.875,4.8125,8.5625,5.125],"tintindex":0,"rotation":0,"texture":"#0"},"up":{"uv":[6.4375,8.875,6.75,8.5625],"tintindex":0,"rotation":0,"texture":"#0"},"down":{"uv":[7.6875,8.5625,8.0,8.875],"tintindex":0,"rotation":0,"texture":"#0"}}}],"display":{"gui":{"rotation":[30,225,0]}}}