{"textures":{"0":"modelengine:entity/nocsy_drakonin4"},"elements":[{"from":[6.6764297,6.7109313,7.3449583],"to":[9.27643,10.310931,9.944957],"faces":{"east":{"uv":[9.75,8.3125,9.9375,8.5625],"tintindex":0,"rotation":0,"texture":"#0"},"south":{"uv":[8.4375,9.75,8.625,10.0],"tintindex":0,"rotation":0,"texture":"#0"},"north":{"uv":[9.75,8.0,9.9375,8.25],"tintindex":0,"rotation":0,"texture":"#0"},"west":{"uv":[9.75,8.9375,9.9375,9.1875],"tintindex":0,"rotation":0,"texture":"#0"},"up":{"uv":[10.1875,4.25,10.0,4.0625],"tintindex":0,"rotation":0,"texture":"#0"},"down":{"uv":[10.1875,4.3125,10.0,4.5],"tintindex":0,"rotation":0,"texture":"#0"}}},{"from":[7.8441076,0.8377361,9.726526],"to":[7.8441076,16.837736,28.726526],"faces":{"east":{"uv":[5.5625,10.0625,4.375,11.0625],"tintindex":0,"rotation":0,"texture":"#0"},"west":{"uv":[4.375,10.0625,5.5625,11.0625],"tintindex":0,"rotation":0,"texture":"#0"}},"rotation":{"origin":[7.9941072,8.712736,16.826529],"angle":-45.0,"axis":"z"}},{"from":[8.108752,0.8377361,9.726526],"to":[8.108752,16.837736,28.726526],"faces":{"east":{"uv":[5.5625,10.0625,4.375,11.0625],"tintindex":0,"rotation":0,"texture":"#0"},"west":{"uv":[4.375,10.0625,5.5625,11.0625],"tintindex":0,"rotation":0,"texture":"#0"}},"rotation":{"origin":[7.958752,8.712736,16.826529],"angle":45.0,"axis":"z"}},{"from":[7.97643,3.5127363,8.526527],"to":[7.97643,19.512737,27.526525],"faces":{"east":{"uv":[5.1875,5.25,4.0,6.25],"tintindex":0,"rotation":0,"texture":"#0"},"west":{"uv":[4.0,5.25,5.1875,6.25],"tintindex":0,"rotation":0,"texture":"#0"}}}],"display":{"gui":{"rotation":[30,225,0]}}}