{"textures":{"0":"modelengine:entity/nocsy_drakonin4"},"elements":[{"from":[10.6,7.3857093,8.577297],"to":[14.6,7.3857093,16.577297],"faces":{"up":{"uv":[3.0625,8.5,3.3125,8.0],"tintindex":0,"rotation":0,"texture":"#0"},"down":{"uv":[3.0625,8.0,3.3125,8.5],"tintindex":0,"rotation":0,"texture":"#0"}},"rotation":{"origin":[12.5,8.08571,12.577297],"angle":-22.5,"axis":"z"}},{"from":[5.5,4.0857096,6.577297],"to":[10.5,10.08571,13.577297],"faces":{"east":{"uv":[7.3125,3.625,7.75,4.0],"tintindex":0,"rotation":0,"texture":"#0"},"south":{"uv":[3.8125,8.25,4.125,8.625],"tintindex":0,"rotation":0,"texture":"#0"},"north":{"uv":[6.1875,2.75,6.5,3.125],"tintindex":0,"rotation":0,"texture":"#0"},"west":{"uv":[7.3125,6.4375,7.75,6.8125],"tintindex":0,"rotation":0,"texture":"#0"},"up":{"uv":[8.0625,5.25,7.75,4.8125],"tintindex":0,"rotation":0,"texture":"#0"},"down":{"uv":[8.125,0.5,7.8125,0.9375],"tintindex":0,"rotation":0,"texture":"#0"}},"rotation":{"origin":[7.5,5.7893925,12.753973],"angle":22.5,"axis":"x"}},{"from":[1.4000001,7.3857093,8.577297],"to":[5.4,7.3857093,16.577297],"faces":{"up":{"uv":[3.3125,8.5,3.0625,8.0],"tintindex":0,"rotation":0,"texture":"#0"},"down":{"uv":[3.3125,8.0,3.0625,8.5],"tintindex":0,"rotation":0,"texture":"#0"}},"rotation":{"origin":[3.5,8.08571,12.577297],"angle":22.5,"axis":"z"}}],"display":{"gui":{"rotation":[30,225,0]}}}