{"textures":{"0":"modelengine:entity/nocsy_drakonin4"},"elements":[{"from":[0.5999999,6.8504305,8.54854],"to":[4.6,6.8504305,16.54854],"faces":{"up":{"uv":[5.375,8.5,5.125,8.0],"tintindex":0,"rotation":0,"texture":"#0"},"down":{"uv":[5.375,8.0,5.125,8.5],"tintindex":0,"rotation":0,"texture":"#0"}},"rotation":{"origin":[3.0,9.550431,6.54854],"angle":22.5,"axis":"z"}},{"from":[6.0,6.2650437,12.133898],"to":[9.0,10.265044,15.133898],"faces":{"east":{"uv":[9.75,7.125,9.9375,7.375],"tintindex":0,"rotation":0,"texture":"#0"},"south":{"uv":[7.3125,9.75,7.5,10.0],"tintindex":0,"rotation":0,"texture":"#0"},"north":{"uv":[9.75,6.8125,9.9375,7.0625],"tintindex":0,"rotation":0,"texture":"#0"},"west":{"uv":[7.5625,9.75,7.75,10.0],"tintindex":0,"rotation":0,"texture":"#0"},"up":{"uv":[10.1875,1.375,10.0,1.1875],"tintindex":0,"rotation":0,"texture":"#0"},"down":{"uv":[10.1875,2.375,10.0,2.5625],"tintindex":0,"rotation":0,"texture":"#0"}}},{"from":[5.5,5.7650437,6.133898],"to":[9.5,10.765044,12.133898],"faces":{"east":{"uv":[8.25,5.9375,8.625,6.25],"tintindex":0,"rotation":0,"texture":"#0"},"south":{"uv":[9.1875,8.3125,9.4375,8.625],"tintindex":0,"rotation":0,"texture":"#0"},"north":{"uv":[9.1875,7.3125,9.4375,7.625],"tintindex":0,"rotation":0,"texture":"#0"},"west":{"uv":[6.0,8.25,6.375,8.5625],"tintindex":0,"rotation":0,"texture":"#0"},"up":{"uv":[8.3125,8.9375,8.0625,8.5625],"tintindex":0,"rotation":0,"texture":"#0"},"down":{"uv":[2.625,8.875,2.375,9.25],"tintindex":0,"rotation":0,"texture":"#0"}}},{"from":[10.4,6.8504305,8.54854],"to":[14.4,6.8504305,16.54854],"faces":{"up":{"uv":[5.125,8.5,5.375,8.0],"tintindex":0,"rotation":0,"texture":"#0"},"down":{"uv":[5.125,8.0,5.375,8.5],"tintindex":0,"rotation":0,"texture":"#0"}},"rotation":{"origin":[12.0,9.550431,6.54854],"angle":-22.5,"axis":"z"}}],"display":{"gui":{"rotation":[30,225,0]}}}