{"textures":{"0":"modelengine:entity/90s"},"elements":[{"from":[7.0364,8.867162,7.7312675],"to":[7.3864,9.567162,8.131268],"faces":{"east":{"uv":[9.5,14.25,9.59375,14.4375],"tintindex":0,"rotation":0,"texture":"#0"},"south":{"uv":[14.25,9.5,14.34375,9.6875],"tintindex":0,"rotation":0,"texture":"#0"},"north":{"uv":[14.25,8.75,14.34375,8.9375],"tintindex":0,"rotation":0,"texture":"#0"},"west":{"uv":[9.75,14.25,9.84375,14.4375],"tintindex":0,"rotation":0,"texture":"#0"},"up":{"uv":[8.09375,14.59375,8.0,14.5],"tintindex":0,"rotation":0,"texture":"#0"},"down":{"uv":[14.59375,8.0,14.5,8.09375],"tintindex":0,"rotation":0,"texture":"#0"}},"rotation":{"origin":[8.2114,9.092161,7.9312673],"angle":45.0,"axis":"z"}},{"from":[6.0364,8.617162,7.4812675],"to":[7.6364,9.067162,8.131268],"faces":{"east":{"uv":[14.25,6.0,14.40625,6.125],"tintindex":0,"rotation":0,"texture":"#0"},"south":{"uv":[12.75,9.75,13.15625,9.875],"tintindex":0,"rotation":0,"texture":"#0"},"north":{"uv":[12.75,9.5,13.15625,9.625],"tintindex":0,"rotation":0,"texture":"#0"},"west":{"uv":[6.25,14.25,6.40625,14.375],"tintindex":0,"rotation":0,"texture":"#0"},"up":{"uv":[12.90625,0.15625,12.5,0.0],"tintindex":0,"rotation":0,"texture":"#0"},"down":{"uv":[12.90625,0.75,12.5,0.90625],"tintindex":0,"rotation":0,"texture":"#0"}}},{"from":[5.7864,8.617162,7.7312675],"to":[6.0364,9.067162,8.131268],"faces":{"east":{"uv":[5.0,14.5,5.09375,14.625],"tintindex":0,"rotation":0,"texture":"#0"},"south":{"uv":[14.5,9.25,14.5625,9.375],"tintindex":0,"rotation":0,"texture":"#0"},"north":{"uv":[14.5,9.0,14.5625,9.125],"tintindex":0,"rotation":0,"texture":"#0"},"west":{"uv":[14.5,5.0,14.59375,5.125],"tintindex":0,"rotation":0,"texture":"#0"},"up":{"uv":[10.3125,14.59375,10.25,14.5],"tintindex":0,"rotation":0,"texture":"#0"},"down":{"uv":[14.5625,10.25,14.5,10.34375],"tintindex":0,"rotation":0,"texture":"#0"}}},{"from":[4.0364,8.617162,8.131268],"to":[7.6364,9.067162,8.531267],"faces":{"east":{"uv":[4.75,14.5,4.84375,14.625],"tintindex":0,"rotation":0,"texture":"#0"},"south":{"uv":[3.5,11.5,4.40625,11.625],"tintindex":0,"rotation":0,"texture":"#0"},"north":{"uv":[11.5,2.0,12.40625,2.125],"tintindex":0,"rotation":0,"texture":"#0"},"west":{"uv":[14.5,4.75,14.59375,4.875],"tintindex":0,"rotation":0,"texture":"#0"},"up":{"uv":[12.65625,1.59375,11.75,1.5],"tintindex":0,"rotation":0,"texture":"#0"},"down":{"uv":[12.65625,9.5,11.75,9.59375],"tintindex":0,"rotation":0,"texture":"#0"}}}],"display":{"gui":{"rotation":[30,225,0]}}}