{"textures":{"0":"modelengine:entity/90s"},"elements":[{"from":[8.3636265,8.61718,7.48125],"to":[9.963627,9.06718,8.13125],"faces":{"east":{"uv":[14.25,6.25,14.40625,6.375],"tintindex":0,"rotation":0,"texture":"#0"},"south":{"uv":[10.5,12.75,10.90625,12.875],"tintindex":0,"rotation":0,"texture":"#0"},"north":{"uv":[12.75,10.0,13.15625,10.125],"tintindex":0,"rotation":0,"texture":"#0"},"west":{"uv":[14.25,6.5,14.40625,6.625],"tintindex":0,"rotation":0,"texture":"#0"},"up":{"uv":[12.90625,1.15625,12.5,1.0],"tintindex":0,"rotation":0,"texture":"#0"},"down":{"uv":[1.65625,12.5,1.25,12.65625],"tintindex":0,"rotation":0,"texture":"#0"}}},{"from":[9.963627,8.61718,7.73125],"to":[10.213627,9.06718,8.13125],"faces":{"east":{"uv":[5.5,14.5,5.59375,14.625],"tintindex":0,"rotation":0,"texture":"#0"},"south":{"uv":[14.5,9.5,14.5625,9.625],"tintindex":0,"rotation":0,"texture":"#0"},"north":{"uv":[9.5,14.5,9.5625,14.625],"tintindex":0,"rotation":0,"texture":"#0"},"west":{"uv":[14.5,5.5,14.59375,5.625],"tintindex":0,"rotation":0,"texture":"#0"},"up":{"uv":[10.5625,14.59375,10.5,14.5],"tintindex":0,"rotation":0,"texture":"#0"},"down":{"uv":[14.5625,10.5,14.5,10.59375],"tintindex":0,"rotation":0,"texture":"#0"}}},{"from":[8.3636265,8.61718,8.13125],"to":[11.963627,9.06718,8.53125],"faces":{"east":{"uv":[5.25,14.5,5.34375,14.625],"tintindex":0,"rotation":0,"texture":"#0"},"south":{"uv":[11.5,4.5,12.40625,4.625],"tintindex":0,"rotation":0,"texture":"#0"},"north":{"uv":[11.5,4.25,12.40625,4.375],"tintindex":0,"rotation":0,"texture":"#0"},"west":{"uv":[14.5,5.25,14.59375,5.375],"tintindex":0,"rotation":0,"texture":"#0"},"up":{"uv":[12.65625,9.84375,11.75,9.75],"tintindex":0,"rotation":0,"texture":"#0"},"down":{"uv":[12.65625,10.0,11.75,10.09375],"tintindex":0,"rotation":0,"texture":"#0"}}},{"from":[8.6136265,8.86718,7.73125],"to":[8.963626,9.56718,8.13125],"faces":{"east":{"uv":[10.0,14.25,10.09375,14.4375],"tintindex":0,"rotation":0,"texture":"#0"},"south":{"uv":[14.25,10.0,14.34375,10.1875],"tintindex":0,"rotation":0,"texture":"#0"},"north":{"uv":[14.25,9.75,14.34375,9.9375],"tintindex":0,"rotation":0,"texture":"#0"},"west":{"uv":[10.25,14.25,10.34375,14.4375],"tintindex":0,"rotation":0,"texture":"#0"},"up":{"uv":[8.34375,14.59375,8.25,14.5],"tintindex":0,"rotation":0,"texture":"#0"},"down":{"uv":[14.59375,8.25,14.5,8.34375],"tintindex":0,"rotation":0,"texture":"#0"}},"rotation":{"origin":[7.788626,9.092179,7.9312496],"angle":-45.0,"axis":"z"}}],"display":{"gui":{"rotation":[30,225,0]}}}