{"textures":{"0":"modelengine:entity/sculk_mite"},"elements":[{"from":[8.833333,8.08408,7.9551225],"to":[9.833333,9.08408,7.9551225],"faces":{"south":{"uv":[13.0,5.0,13.5,5.5],"tintindex":0,"rotation":0,"texture":"#0"},"north":{"uv":[4.5,13.5,5.0,14.0],"tintindex":0,"rotation":0,"texture":"#0"}},"rotation":{"origin":[9.333333,8.08408,7.9551225],"angle":-22.5,"axis":"x"}},{"from":[7.8333335,8.08408,7.9551225],"to":[8.833333,10.08408,7.9551225],"faces":{"south":{"uv":[13.0,5.0,13.5,6.0],"tintindex":0,"rotation":0,"texture":"#0"},"north":{"uv":[5.5,13.0,6.0,14.0],"tintindex":0,"rotation":0,"texture":"#0"}},"rotation":{"origin":[8.333333,8.08408,7.9551225],"angle":-22.5,"axis":"x"}},{"from":[5.833333,8.08408,7.9551225],"to":[6.8333335,9.08408,7.9551225],"faces":{"south":{"uv":[13.0,5.0,13.5,5.5],"tintindex":0,"rotation":0,"texture":"#0"},"north":{"uv":[2.5,13.5,3.0,14.0],"tintindex":0,"rotation":0,"texture":"#0"}},"rotation":{"origin":[6.3333335,8.08408,7.9551225],"angle":-22.5,"axis":"x"}}],"display":{"gui":{"rotation":[30,225,0]}}}