{"textures":{"0":"modelengine:entity/sculk_mite"},"elements":[{"from":[6.1666665,6.0159197,7.9551225],"to":[7.1666665,8.01592,7.9551225],"faces":{"south":{"uv":[13.0,5.0,13.5,6.0],"tintindex":0,"rotation":0,"texture":"#0"},"north":{"uv":[5.0,13.0,5.5,14.0],"tintindex":0,"rotation":0,"texture":"#0"}},"rotation":{"origin":[6.6666665,8.01592,7.9551225],"angle":22.5,"axis":"x"}},{"from":[9.166667,7.0159197,7.9551225],"to":[10.166667,8.01592,7.9551225],"faces":{"south":{"uv":[13.0,5.0,13.5,5.5],"tintindex":0,"rotation":0,"texture":"#0"},"north":{"uv":[1.5,13.5,2.0,14.0],"tintindex":0,"rotation":0,"texture":"#0"}},"rotation":{"origin":[9.666667,8.01592,7.9551225],"angle":22.5,"axis":"x"}},{"from":[7.1666665,7.0159197,7.9551225],"to":[8.166667,8.01592,7.9551225],"faces":{"south":{"uv":[13.0,5.0,13.5,5.5],"tintindex":0,"rotation":0,"texture":"#0"},"north":{"uv":[3.5,13.5,4.0,14.0],"tintindex":0,"rotation":0,"texture":"#0"}},"rotation":{"origin":[7.6666665,8.01592,7.9551225],"angle":22.5,"axis":"x"}}],"display":{"gui":{"rotation":[30,225,0]}}}