{"textures":{"0":"modelengine:entity/dragon_desert"},"elements":[{"from":[-1.5020161,0.603446,6.050132],"to":[3.4979835,10.603447,6.050132],"faces":{"south":{"uv":[0.8125,8.375,0.5,9.0],"tintindex":0,"rotation":0,"texture":"#0"},"north":{"uv":[0.5,8.375,0.8125,9.0],"tintindex":0,"rotation":0,"texture":"#0"}},"rotation":{"origin":[0.99798346,5.603447,6.050132],"angle":-22.5,"axis":"z"}},{"from":[3.1173806,-1.3099709,4.050132],"to":[8.11738,8.690029,11.050132],"faces":{"east":{"uv":[3.375,7.625,3.8125,8.25],"tintindex":0,"rotation":0,"texture":"#0"},"south":{"uv":[8.25,8.3125,8.5625,8.9375],"tintindex":0,"rotation":0,"texture":"#0"},"north":{"uv":[6.9375,8.3125,7.25,8.9375],"tintindex":0,"rotation":0,"texture":"#0"},"west":{"uv":[6.9375,7.625,7.375,8.25],"tintindex":0,"rotation":0,"texture":"#0"},"up":{"uv":[2.1875,9.3125,1.875,8.875],"tintindex":0,"rotation":0,"texture":"#0"},"down":{"uv":[6.375,8.875,6.0625,9.3125],"tintindex":0,"rotation":0,"texture":"#0"}},"rotation":{"origin":[5.6173806,3.6900291,7.550132],"angle":-22.5,"axis":"z"}}],"display":{"gui":{"rotation":[30,225,0]}}}