{"textures":{"0":"modelengine:entity/dragon_desert"},"elements":[{"from":[7.766295,7.6583333,8.458255],"to":[12.766295,8.325,9.458255],"faces":{"east":{"uv":[10.375,9.125,10.1875,9.25],"tintindex":0,"rotation":0,"texture":"#0"},"south":{"uv":[9.125,1.6875,10.0625,1.5625],"tintindex":0,"rotation":0,"texture":"#0"},"north":{"uv":[10.0625,1.5625,9.125,1.6875],"tintindex":0,"rotation":0,"texture":"#0"},"west":{"uv":[10.375,4.9375,10.1875,5.0625],"tintindex":0,"rotation":0,"texture":"#0"},"up":{"uv":[8.5,2.4375,9.4375,2.25],"tintindex":0,"rotation":0,"texture":"#0"},"down":{"uv":[8.5,2.4375,9.4375,2.25],"tintindex":0,"rotation":0,"texture":"#0"}},"rotation":{"origin":[10.266295,7.991667,8.958255],"angle":-22.5,"axis":"y"}},{"from":[7.909014,8.0,7.7647986],"to":[19.909016,8.0,26.431465],"faces":{"up":{"uv":[0.0,3.5,2.25,0.0],"tintindex":0,"rotation":0,"texture":"#0"},"down":{"uv":[0.0,0.0,2.25,3.5],"tintindex":0,"rotation":0,"texture":"#0"}}},{"from":[14.977912,7.6666665,8.537374],"to":[15.977912,8.333333,17.20404],"faces":{"east":{"uv":[9.875,3.6875,8.25,3.8125],"tintindex":0,"rotation":0,"texture":"#0"},"south":{"uv":[10.4375,0.625,10.25,0.75],"tintindex":0,"rotation":0,"texture":"#0"},"north":{"uv":[10.4375,0.4375,10.25,0.5625],"tintindex":0,"rotation":0,"texture":"#0"},"west":{"uv":[8.25,3.8125,9.875,3.6875],"tintindex":0,"rotation":0,"texture":"#0"},"up":{"uv":[5.5625,8.9375,5.75,7.3125],"tintindex":0,"rotation":0,"texture":"#0"},"down":{"uv":[5.75,7.3125,5.5625,8.9375],"tintindex":0,"rotation":0,"texture":"#0"}},"rotation":{"origin":[15.477912,8.0,12.870707],"angle":45.0,"axis":"y"}},{"from":[17.846779,8.008334,15.072907],"to":[20.180113,8.008334,17.739574],"faces":{"up":{"uv":[7.9375,5.0,8.375,4.5],"tintindex":0,"rotation":0,"texture":"#0"},"down":{"uv":[7.9375,4.5,8.375,5.0],"tintindex":0,"rotation":0,"texture":"#0"}},"rotation":{"origin":[19.013447,8.008334,16.40624],"angle":45.0,"axis":"y"}}],"display":{"gui":{"rotation":[30,225,0]}}}