{"textures":{"0":"modelengine:entity/nocsy_drakonin2"},"elements":[{"from":[8.390044,8.5945,13.895417],"to":[8.390044,14.5945,16.495419],"faces":{"east":{"uv":[9.6875,8.0625,9.875,8.4375],"tintindex":0,"rotation":0,"texture":"#0"},"west":{"uv":[8.125,9.6875,8.3125,10.0625],"tintindex":0,"rotation":0,"texture":"#0"}},"rotation":{"origin":[8.846262,12.994501,15.346136],"angle":22.5,"axis":"z"}},{"from":[6.80248,8.5945,15.096855],"to":[9.40248,14.5945,15.096855],"faces":{"south":{"uv":[8.9375,9.6875,9.125,10.0625],"tintindex":0,"rotation":0,"texture":"#0"},"north":{"uv":[8.375,9.6875,8.5625,10.0625],"tintindex":0,"rotation":0,"texture":"#0"}},"rotation":{"origin":[8.846262,12.994501,15.346136],"angle":22.5,"axis":"z"}},{"from":[7.757745,4.534317,6.1964564],"to":[10.757745,8.534317,13.196457],"faces":{"east":{"uv":[8.25,4.0625,8.6875,4.3125],"tintindex":0,"rotation":0,"texture":"#0"},"south":{"uv":[6.875,8.375,7.0625,8.625],"tintindex":0,"rotation":0,"texture":"#0"},"north":{"uv":[6.25,4.8125,6.4375,5.0625],"tintindex":0,"rotation":0,"texture":"#0"},"west":{"uv":[8.375,4.625,8.8125,4.875],"tintindex":0,"rotation":0,"texture":"#0"},"up":{"uv":[5.75,9.75,5.5625,9.3125],"tintindex":0,"rotation":0,"texture":"#0"},"down":{"uv":[9.5,6.125,9.3125,6.5625],"tintindex":0,"rotation":0,"texture":"#0"}},"rotation":{"origin":[8.957745,6.534317,11.596457],"angle":-22.5,"axis":"z"}},{"from":[8.507201,6.0339785,11.412309],"to":[11.107202,8.633979,17.012308],"faces":{"east":{"uv":[9.1875,3.125,9.5625,3.3125],"tintindex":0,"rotation":0,"texture":"#0"},"south":{"uv":[10.3125,3.375,10.5,3.5625],"tintindex":0,"rotation":0,"texture":"#0"},"north":{"uv":[10.3125,3.125,10.5,3.3125],"tintindex":0,"rotation":0,"texture":"#0"},"west":{"uv":[9.625,3.125,10.0,3.3125],"tintindex":0,"rotation":0,"texture":"#0"},"up":{"uv":[6.375,10.0625,6.1875,9.6875],"tintindex":0,"rotation":0,"texture":"#0"},"down":{"uv":[8.0625,9.6875,7.875,10.0625],"tintindex":0,"rotation":0,"texture":"#0"}},"rotation":{"origin":[9.907202,6.3339787,13.91231],"angle":-45.0,"axis":"x"}}],"display":{"gui":{"rotation":[30,225,0]}}}