{"textures":{"0":"modelengine:entity/nocsy_drakonin2"},"elements":[{"from":[4.8927984,6.0339785,11.412309],"to":[7.492799,8.633979,17.012308],"faces":{"east":{"uv":[0.0,9.75,0.375,9.9375],"tintindex":0,"rotation":0,"texture":"#0"},"south":{"uv":[5.875,10.3125,6.0625,10.5],"tintindex":0,"rotation":0,"texture":"#0"},"north":{"uv":[5.625,10.3125,5.8125,10.5],"tintindex":0,"rotation":0,"texture":"#0"},"west":{"uv":[1.0,9.75,1.375,9.9375],"tintindex":0,"rotation":0,"texture":"#0"},"up":{"uv":[9.375,10.0625,9.1875,9.6875],"tintindex":0,"rotation":0,"texture":"#0"},"down":{"uv":[1.625,9.75,1.4375,10.125],"tintindex":0,"rotation":0,"texture":"#0"}},"rotation":{"origin":[6.092798,6.3339787,13.91231],"angle":-45.0,"axis":"x"}},{"from":[5.242255,4.534317,6.1964564],"to":[8.242255,8.534317,13.196457],"faces":{"east":{"uv":[6.375,8.375,6.8125,8.625],"tintindex":0,"rotation":0,"texture":"#0"},"south":{"uv":[4.8125,9.875,5.0,10.125],"tintindex":0,"rotation":0,"texture":"#0"},"north":{"uv":[0.75,9.875,0.9375,10.125],"tintindex":0,"rotation":0,"texture":"#0"},"west":{"uv":[8.375,7.1875,8.8125,7.4375],"tintindex":0,"rotation":0,"texture":"#0"},"up":{"uv":[7.1875,9.75,7.0,9.3125],"tintindex":0,"rotation":0,"texture":"#0"},"down":{"uv":[5.0,9.375,4.8125,9.8125],"tintindex":0,"rotation":0,"texture":"#0"}},"rotation":{"origin":[7.0422554,6.534317,11.596457],"angle":22.5,"axis":"z"}},{"from":[7.609956,8.5945,13.895417],"to":[7.609956,14.5945,16.495419],"faces":{"east":{"uv":[1.6875,9.75,1.875,10.125],"tintindex":0,"rotation":0,"texture":"#0"},"west":{"uv":[1.9375,9.75,2.125,10.125],"tintindex":0,"rotation":0,"texture":"#0"}},"rotation":{"origin":[7.153738,12.994501,15.346136],"angle":-22.5,"axis":"z"}},{"from":[6.59752,8.5945,15.096855],"to":[9.197519,14.5945,15.096855],"faces":{"south":{"uv":[4.0625,9.75,4.25,10.125],"tintindex":0,"rotation":0,"texture":"#0"},"north":{"uv":[2.625,9.75,2.8125,10.125],"tintindex":0,"rotation":0,"texture":"#0"}},"rotation":{"origin":[7.153738,12.994501,15.346136],"angle":-22.5,"axis":"z"}}],"display":{"gui":{"rotation":[30,225,0]}}}