{"textures":{"0":"modelengine:entity/nocsy_drakonin2"},"elements":[{"from":[6.0,6.362981,5.71389],"to":[6.0,13.362981,11.71389],"faces":{"east":{"uv":[7.5625,4.6875,7.9375,5.125],"tintindex":0,"rotation":0,"texture":"#0"},"west":{"uv":[7.625,2.0,8.0,2.4375],"tintindex":0,"rotation":0,"texture":"#0"}},"rotation":{"origin":[11.5,10.96298,-1.6861105],"angle":-22.5,"axis":"x"}},{"from":[6.8,6.9629807,2.41389],"to":[6.8,13.96298,8.41389],"faces":{"east":{"uv":[7.6875,5.8125,8.0625,6.25],"tintindex":0,"rotation":0,"texture":"#0"},"west":{"uv":[7.6875,6.3125,8.0625,6.75],"tintindex":0,"rotation":0,"texture":"#0"}},"rotation":{"origin":[11.5,10.96298,-1.6861105],"angle":-22.5,"axis":"x"}},{"from":[5.0,2.9629807,4.31389],"to":[9.0,10.96298,11.3138895],"faces":{"east":{"uv":[3.75,6.9375,4.1875,7.4375],"tintindex":0,"rotation":0,"texture":"#0"},"south":{"uv":[5.375,8.25,5.625,8.75],"tintindex":0,"rotation":0,"texture":"#0"},"north":{"uv":[8.25,3.5,8.5,4.0],"tintindex":0,"rotation":0,"texture":"#0"},"west":{"uv":[6.125,6.9375,6.5625,7.4375],"tintindex":0,"rotation":0,"texture":"#0"},"up":{"uv":[8.8125,8.6875,8.5625,8.25],"tintindex":0,"rotation":0,"texture":"#0"},"down":{"uv":[6.625,8.6875,6.375,9.125],"tintindex":0,"rotation":0,"texture":"#0"}},"rotation":{"origin":[11.5,7.9629803,9.3138895],"angle":-22.5,"axis":"x"}}],"display":{"gui":{"rotation":[30,225,0]}}}