{"textures":{"0":"modelengine:entity/nocsy_drakonin2"},"elements":[{"from":[5.0,2.9629807,5.3138895],"to":[9.0,9.96298,11.3138895],"faces":{"east":{"uv":[7.25,5.8125,7.625,6.25],"tintindex":0,"rotation":0,"texture":"#0"},"south":{"uv":[8.4375,2.4375,8.6875,2.875],"tintindex":0,"rotation":0,"texture":"#0"},"north":{"uv":[8.4375,1.375,8.6875,1.8125],"tintindex":0,"rotation":0,"texture":"#0"},"west":{"uv":[7.25,6.3125,7.625,6.75],"tintindex":0,"rotation":0,"texture":"#0"},"up":{"uv":[6.25,9.125,6.0,8.75],"tintindex":0,"rotation":0,"texture":"#0"},"down":{"uv":[2.0,8.8125,1.75,9.1875],"tintindex":0,"rotation":0,"texture":"#0"}},"rotation":{"origin":[11.5,7.9629803,9.3138895],"angle":-22.5,"axis":"x"}},{"from":[6.0,9.96298,5.113889],"to":[6.0,16.96298,11.11389],"faces":{"east":{"uv":[7.3125,3.6875,7.6875,4.125],"tintindex":0,"rotation":0,"texture":"#0"},"west":{"uv":[7.3125,4.1875,7.6875,4.625],"tintindex":0,"rotation":0,"texture":"#0"}},"rotation":{"origin":[11.5,7.9629803,9.3138895],"angle":-22.5,"axis":"x"}},{"from":[6.8,9.362981,8.413889],"to":[6.8,16.36298,14.413889],"faces":{"east":{"uv":[6.625,7.25,7.0,7.6875],"tintindex":0,"rotation":0,"texture":"#0"},"west":{"uv":[7.0625,7.25,7.4375,7.6875],"tintindex":0,"rotation":0,"texture":"#0"}},"rotation":{"origin":[11.5,7.9629803,9.3138895],"angle":-22.5,"axis":"x"}}],"display":{"gui":{"rotation":[30,225,0]}}}