{"textures":{"0":"modelengine:entity/nocsy_drakonin2"},"elements":[{"from":[7.0,3.360055,5.889879],"to":[10.0,9.360056,9.889879],"faces":{"east":{"uv":[8.8125,1.9375,9.0625,2.3125],"tintindex":0,"rotation":0,"texture":"#0"},"south":{"uv":[5.4375,9.8125,5.625,10.1875],"tintindex":0,"rotation":0,"texture":"#0"},"north":{"uv":[8.625,9.75,8.8125,10.125],"tintindex":0,"rotation":0,"texture":"#0"},"west":{"uv":[2.0625,8.8125,2.3125,9.1875],"tintindex":0,"rotation":0,"texture":"#0"},"up":{"uv":[9.625,10.125,9.4375,9.875],"tintindex":0,"rotation":0,"texture":"#0"},"down":{"uv":[10.125,0.125,9.9375,0.375],"tintindex":0,"rotation":0,"texture":"#0"}},"rotation":{"origin":[7.5,9.160055,7.2898793],"angle":22.5,"axis":"x"}}],"display":{"gui":{"rotation":[30,225,0]}}}