{"textures":{"0":"modelengine:entity/nocsy_drakonin2"},"elements":[{"from":[7.0,2.9629807,5.3138895],"to":[11.0,9.96298,11.3138895],"faces":{"east":{"uv":[7.375,3.0,7.75,3.4375],"tintindex":0,"rotation":0,"texture":"#0"},"south":{"uv":[2.8125,8.5,3.0625,8.9375],"tintindex":0,"rotation":0,"texture":"#0"},"north":{"uv":[2.5,8.5,2.75,8.9375],"tintindex":0,"rotation":0,"texture":"#0"},"west":{"uv":[2.75,7.5,3.125,7.9375],"tintindex":0,"rotation":0,"texture":"#0"},"up":{"uv":[9.125,6.0,8.875,5.625],"tintindex":0,"rotation":0,"texture":"#0"},"down":{"uv":[9.125,6.0625,8.875,6.4375],"tintindex":0,"rotation":0,"texture":"#0"}},"rotation":{"origin":[4.5,7.9629803,9.3138895],"angle":-22.5,"axis":"x"}},{"from":[9.2,9.362981,8.413889],"to":[9.2,16.36298,14.413889],"faces":{"east":{"uv":[3.1875,7.5,3.5625,7.9375],"tintindex":0,"rotation":0,"texture":"#0"},"west":{"uv":[3.625,7.5,4.0,7.9375],"tintindex":0,"rotation":0,"texture":"#0"}},"rotation":{"origin":[4.5,7.9629803,9.3138895],"angle":-22.5,"axis":"x"}},{"from":[10.0,9.96298,5.113889],"to":[10.0,16.96298,11.11389],"faces":{"east":{"uv":[7.5,5.3125,7.875,5.75],"tintindex":0,"rotation":0,"texture":"#0"},"west":{"uv":[5.5625,7.5,5.9375,7.9375],"tintindex":0,"rotation":0,"texture":"#0"}},"rotation":{"origin":[4.5,7.9629803,9.3138895],"angle":-22.5,"axis":"x"}}],"display":{"gui":{"rotation":[30,225,0]}}}