{"textures":{"0":"modelengine:entity/nocsy_drakonin2"},"elements":[{"from":[7.0,2.9629807,4.31389],"to":[11.0,10.96298,11.3138895],"faces":{"east":{"uv":[2.75,6.9375,3.1875,7.4375],"tintindex":0,"rotation":0,"texture":"#0"},"south":{"uv":[5.0625,8.1875,5.3125,8.6875],"tintindex":0,"rotation":0,"texture":"#0"},"north":{"uv":[4.75,8.1875,5.0,8.6875],"tintindex":0,"rotation":0,"texture":"#0"},"west":{"uv":[3.25,6.9375,3.6875,7.4375],"tintindex":0,"rotation":0,"texture":"#0"},"up":{"uv":[4.5,8.9375,4.25,8.5],"tintindex":0,"rotation":0,"texture":"#0"},"down":{"uv":[8.8125,3.5,8.5625,3.9375],"tintindex":0,"rotation":0,"texture":"#0"}},"rotation":{"origin":[4.5,7.9629803,9.3138895],"angle":-22.5,"axis":"x"}},{"from":[9.2,6.9629807,2.41389],"to":[9.2,13.96298,8.41389],"faces":{"east":{"uv":[7.5625,1.5,7.9375,1.9375],"tintindex":0,"rotation":0,"texture":"#0"},"west":{"uv":[7.5625,2.5,7.9375,2.9375],"tintindex":0,"rotation":0,"texture":"#0"}},"rotation":{"origin":[4.5,10.96298,-1.6861105],"angle":-22.5,"axis":"x"}},{"from":[10.0,6.362981,5.71389],"to":[10.0,13.362981,11.71389],"faces":{"east":{"uv":[6.0,7.5,6.375,7.9375],"tintindex":0,"rotation":0,"texture":"#0"},"west":{"uv":[7.5,7.25,7.875,7.6875],"tintindex":0,"rotation":0,"texture":"#0"}},"rotation":{"origin":[4.5,10.96298,-1.6861105],"angle":-22.5,"axis":"x"}}],"display":{"gui":{"rotation":[30,225,0]}}}