{"textures":{"0":"modelengine:entity/nocsy_drakonin2"},"elements":[{"from":[15.53715,7.077788,3.4801264],"to":[17.02715,8.567787,6.970126],"faces":{"east":{"uv":[9.125,1.375,9.5625,1.5625],"tintindex":0,"rotation":0,"texture":"#0"},"south":{"uv":[10.25,5.375,10.4375,5.5625],"tintindex":0,"rotation":0,"texture":"#0"},"north":{"uv":[5.375,10.25,5.5625,10.4375],"tintindex":0,"rotation":0,"texture":"#0"},"west":{"uv":[4.8125,9.125,5.25,9.3125],"tintindex":0,"rotation":0,"texture":"#0"},"up":{"uv":[5.5,9.5625,5.3125,9.125],"tintindex":0,"rotation":0,"texture":"#0"},"down":{"uv":[7.8125,9.125,7.625,9.5625],"tintindex":0,"rotation":0,"texture":"#0"}},"rotation":{"origin":[14.28215,7.822788,6.2251263],"angle":-45.0,"axis":"y"}},{"from":[17.398026,7.072788,2.5713243],"to":[18.898026,8.572788,6.0713243],"faces":{"east":{"uv":[7.875,9.125,8.3125,9.3125],"tintindex":0,"rotation":0,"texture":"#0"},"south":{"uv":[6.4375,10.25,6.625,10.4375],"tintindex":0,"rotation":0,"texture":"#0"},"north":{"uv":[10.25,5.8125,10.4375,6.0],"tintindex":0,"rotation":0,"texture":"#0"},"west":{"uv":[9.1875,1.625,9.625,1.8125],"tintindex":0,"rotation":0,"texture":"#0"},"up":{"uv":[9.375,6.0625,9.1875,5.625],"tintindex":0,"rotation":0,"texture":"#0"},"down":{"uv":[6.1875,9.1875,6.0,9.625],"tintindex":0,"rotation":0,"texture":"#0"}},"rotation":{"origin":[18.148026,7.822788,4.3213243],"angle":-22.5,"axis":"y"}},{"from":[8.283844,7.872788,3.1453495],"to":[18.783844,7.972788,23.64535],"faces":{"east":{"uv":[6.4375,7.75,9.0,7.8125],"tintindex":0,"rotation":0,"texture":"#0"},"south":{"uv":[9.125,4.25,10.4375,4.3125],"tintindex":0,"rotation":0,"texture":"#0"},"north":{"uv":[8.875,5.0625,10.1875,5.125],"tintindex":0,"rotation":0,"texture":"#0"},"west":{"uv":[7.75,6.9375,10.3125,7.0],"tintindex":0,"rotation":0,"texture":"#0"},"up":{"uv":[1.3125,7.8125,0.0,5.25],"tintindex":0,"rotation":0,"texture":"#0"},"down":{"uv":[2.6875,5.25,1.375,7.8125],"tintindex":0,"rotation":0,"texture":"#0"}}},{"from":[9.196364,7.072788,7.2],"to":[15.696364,8.572788,8.7],"faces":{"east":{"uv":[10.25,4.875,10.4375,5.0625],"tintindex":0,"rotation":0,"texture":"#0"},"south":{"uv":[6.4375,7.875,7.25,8.0625],"tintindex":0,"rotation":0,"texture":"#0"},"north":{"uv":[1.75,7.875,2.5625,8.0625],"tintindex":0,"rotation":0,"texture":"#0"},"west":{"uv":[10.25,5.125,10.4375,5.3125],"tintindex":0,"rotation":0,"texture":"#0"},"up":{"uv":[8.125,8.0625,7.3125,7.875],"tintindex":0,"rotation":0,"texture":"#0"},"down":{"uv":[8.75,5.3125,7.9375,5.5],"tintindex":0,"rotation":0,"texture":"#0"}}},{"from":[7.1963644,6.822788,7.0],"to":[9.696364,8.822788,9.0],"faces":{"east":{"uv":[9.875,6.625,10.125,6.875],"tintindex":0,"rotation":0,"texture":"#0"},"south":{"uv":[0.25,9.4375,0.5625,9.6875],"tintindex":0,"rotation":0,"texture":"#0"},"north":{"uv":[8.25,9.375,8.5625,9.625],"tintindex":0,"rotation":0,"texture":"#0"},"west":{"uv":[9.875,7.75,10.125,8.0],"tintindex":0,"rotation":0,"texture":"#0"},"up":{"uv":[1.5,9.6875,1.1875,9.4375],"tintindex":0,"rotation":0,"texture":"#0"},"down":{"uv":[2.9375,9.4375,2.625,9.6875],"tintindex":0,"rotation":0,"texture":"#0"}}}],"display":{"gui":{"rotation":[30,225,0]}}}