{"textures":{"0":"modelengine:entity/nocsy_drakonin2"},"elements":[{"from":[10.6,7.3857093,8.577297],"to":[14.6,7.3857093,16.577297],"faces":{"up":{"uv":[5.9375,8.75,5.6875,8.25],"tintindex":0,"rotation":0,"texture":"#0"},"down":{"uv":[7.875,8.25,7.625,8.75],"tintindex":0,"rotation":0,"texture":"#0"}},"rotation":{"origin":[12.5,8.085709,12.577297],"angle":-22.5,"axis":"z"}},{"from":[5.5,4.085709,6.577297],"to":[10.5,10.085709,13.577297],"faces":{"east":{"uv":[7.75,3.5,8.1875,3.875],"tintindex":0,"rotation":0,"texture":"#0"},"south":{"uv":[2.125,8.375,2.4375,8.75],"tintindex":0,"rotation":0,"texture":"#0"},"north":{"uv":[1.75,8.375,2.0625,8.75],"tintindex":0,"rotation":0,"texture":"#0"},"west":{"uv":[7.75,3.9375,8.1875,4.3125],"tintindex":0,"rotation":0,"texture":"#0"},"up":{"uv":[4.6875,8.4375,4.375,8.0],"tintindex":0,"rotation":0,"texture":"#0"},"down":{"uv":[8.3125,4.625,8.0,5.0625],"tintindex":0,"rotation":0,"texture":"#0"}},"rotation":{"origin":[7.5,5.7893925,12.753973],"angle":22.5,"axis":"x"}},{"from":[1.4000001,7.3857093,8.577297],"to":[5.4,7.3857093,16.577297],"faces":{"up":{"uv":[5.6875,8.75,5.9375,8.25],"tintindex":0,"rotation":0,"texture":"#0"},"down":{"uv":[7.625,8.25,7.875,8.75],"tintindex":0,"rotation":0,"texture":"#0"}},"rotation":{"origin":[3.5,8.085709,12.577297],"angle":22.5,"axis":"z"}}],"display":{"gui":{"rotation":[30,225,0]}}}