{"textures":{"0":"modelengine:entity/nocsy_drakonin_baby8"},"elements":[{"from":[12.033483,7.2849,9.296571],"to":[17.433483,8.684899,10.69657],"faces":{"east":{"uv":[4.375,10.375,4.625,10.625],"tintindex":0,"rotation":0,"texture":"#0"},"south":{"uv":[0.75,8.125,1.5,8.375],"tintindex":0,"rotation":0,"texture":"#0"},"north":{"uv":[8.0,7.75,8.75,8.0],"tintindex":0,"rotation":0,"texture":"#0"},"west":{"uv":[10.375,5.375,10.625,5.625],"tintindex":0,"rotation":0,"texture":"#0"},"up":{"uv":[2.375,8.375,1.625,8.125],"tintindex":0,"rotation":0,"texture":"#0"},"down":{"uv":[3.25,8.125,2.5,8.375],"tintindex":0,"rotation":0,"texture":"#0"}},"rotation":{"origin":[15.733482,7.9849,9.996571],"angle":-45.0,"axis":"y"}},{"from":[6.3474474,7.1849,5.235283],"to":[12.947448,8.7849,6.8352833],"faces":{"east":{"uv":[1.875,10.375,2.125,10.625],"tintindex":0,"rotation":0,"texture":"#0"},"south":{"uv":[3.0,7.75,3.875,8.0],"tintindex":0,"rotation":0,"texture":"#0"},"north":{"uv":[7.75,2.125,8.625,2.375],"tintindex":0,"rotation":0,"texture":"#0"},"west":{"uv":[4.0,10.375,4.25,10.625],"tintindex":0,"rotation":0,"texture":"#0"},"up":{"uv":[7.125,8.0,6.25,7.75],"tintindex":0,"rotation":0,"texture":"#0"},"down":{"uv":[8.75,3.75,7.875,4.0],"tintindex":0,"rotation":0,"texture":"#0"}},"rotation":{"origin":[9.147448,7.9849,8.035283],"angle":-22.5,"axis":"y"}},{"from":[7.8858995,7.901552,6.035283],"to":[21.8859,7.901552,25.035282],"faces":{"east":{"uv":[7.0,5.875,9.375,6.0],"tintindex":0,"rotation":0,"texture":"#0"},"south":{"uv":[7.875,6.375,9.625,6.5],"tintindex":0,"rotation":0,"texture":"#0"},"north":{"uv":[7.875,4.125,9.625,4.25],"tintindex":0,"rotation":0,"texture":"#0"},"west":{"uv":[7.0,6.125,9.375,6.25],"tintindex":0,"rotation":0,"texture":"#0"},"up":{"uv":[1.75,4.875,0.0,2.5],"tintindex":0,"rotation":0,"texture":"#0"},"down":{"uv":[1.75,2.5,0.0,4.875],"tintindex":0,"rotation":0,"texture":"#0"}}},{"from":[15.633482,7.3849,10.996571],"to":[16.833483,8.5849,15.196571],"faces":{"east":{"uv":[7.125,10.375,7.625,10.5],"tintindex":0,"rotation":0,"texture":"#0"},"south":{"uv":[4.5,7.625,4.625,7.75],"tintindex":0,"rotation":0,"texture":"#0"},"north":{"uv":[1.875,7.125,2.0,7.25],"tintindex":0,"rotation":0,"texture":"#0"},"west":{"uv":[7.75,10.375,8.25,10.5],"tintindex":0,"rotation":0,"texture":"#0"},"up":{"uv":[6.125,10.875,6.0,10.375],"tintindex":0,"rotation":0,"texture":"#0"},"down":{"uv":[8.5,10.375,8.375,10.875],"tintindex":0,"rotation":0,"texture":"#0"}},"rotation":{"origin":[15.733482,7.9849,9.996571],"angle":22.5,"axis":"y"}}],"display":{"gui":{"rotation":[30,225,0]}}}