{"textures":{"0":"modelengine:entity/manticore_soul"},"elements":[{"from":[6.159687,-1.8676567,5.784032],"to":[13.159687,9.132343,13.784031],"faces":{"east":{"uv":[6.6875,6.625,7.1875,7.3125],"tintindex":0,"rotation":0,"texture":"#0"},"south":{"uv":[6.0625,6.875,6.5,7.5625],"tintindex":0,"rotation":0,"texture":"#0"},"north":{"uv":[6.0625,6.875,6.5,7.5625],"tintindex":0,"rotation":0,"texture":"#0"},"west":{"uv":[6.6875,6.625,7.1875,7.3125],"tintindex":0,"rotation":0,"texture":"#0"},"up":{"uv":[3.3125,8.0,2.875,7.5],"tintindex":0,"rotation":0,"texture":"#0"},"down":{"uv":[3.3125,8.0,2.875,7.5],"tintindex":0,"rotation":0,"texture":"#0"}},"rotation":{"origin":[9.659687,3.6323433,9.784031],"angle":-22.5,"axis":"x"}},{"from":[1.159687,-1.8676567,9.784031],"to":[6.159687,9.132343,9.784031],"faces":{"south":{"uv":[5.25,7.625,4.9375,8.3125],"tintindex":0,"rotation":0,"texture":"#0"},"north":{"uv":[4.9375,7.625,5.25,8.3125],"tintindex":0,"rotation":0,"texture":"#0"}},"rotation":{"origin":[3.659687,3.6323433,9.784031],"angle":-22.5,"axis":"x"}},{"from":[6.1846867,0.19381046,12.175067],"to":[6.1846867,8.193811,20.175068],"faces":{"east":{"uv":[7.0625,7.375,6.5625,7.875],"tintindex":0,"rotation":0,"texture":"#0"},"west":{"uv":[6.5625,7.375,7.0625,7.875],"tintindex":0,"rotation":0,"texture":"#0"}}}],"display":{"gui":{"rotation":[30,225,0]}}}