{"textures":{"0":"modelengine:entity/manticore_soul"},"elements":[{"from":[2.840313,-1.8676567,5.784032],"to":[9.840313,9.132343,13.784031],"faces":{"east":{"uv":[7.1875,6.625,6.6875,7.3125],"tintindex":0,"rotation":0,"texture":"#0"},"south":{"uv":[6.5,6.875,6.0625,7.5625],"tintindex":0,"rotation":0,"texture":"#0"},"north":{"uv":[6.5,6.875,6.0625,7.5625],"tintindex":0,"rotation":0,"texture":"#0"},"west":{"uv":[7.1875,6.625,6.6875,7.3125],"tintindex":0,"rotation":0,"texture":"#0"},"up":{"uv":[2.875,8.0,3.3125,7.5],"tintindex":0,"rotation":0,"texture":"#0"},"down":{"uv":[2.875,8.0,3.3125,7.5],"tintindex":0,"rotation":0,"texture":"#0"}},"rotation":{"origin":[6.340313,3.6323433,9.784031],"angle":-22.5,"axis":"x"}},{"from":[9.815313,0.19381046,12.175067],"to":[9.815313,8.193811,20.175068],"faces":{"east":{"uv":[7.0625,7.375,6.5625,7.875],"tintindex":0,"rotation":0,"texture":"#0"},"west":{"uv":[6.5625,7.375,7.0625,7.875],"tintindex":0,"rotation":0,"texture":"#0"}}},{"from":[9.840313,-1.8676567,9.784031],"to":[14.840313,9.132343,9.784031],"faces":{"south":{"uv":[4.9375,7.625,5.25,8.3125],"tintindex":0,"rotation":0,"texture":"#0"},"north":{"uv":[5.25,7.625,4.9375,8.3125],"tintindex":0,"rotation":0,"texture":"#0"}},"rotation":{"origin":[12.340313,3.6323433,9.784031],"angle":-22.5,"axis":"x"}}],"display":{"gui":{"rotation":[30,225,0]}}}