{"textures":{"0":"modelengine:entity/shadow_sorcerer_shadows"},"elements":[{"from":[7.9833336,6.666666,8.0],"to":[8.066667,9.0,13.666667],"faces":{"east":{"uv":[10.125,4.25,11.0,2.125],"tintindex":0,"rotation":90,"texture":"#0"},"west":{"uv":[10.125,2.125,11.0,4.25],"tintindex":0,"rotation":90,"texture":"#0"}}},{"from":[7.996667,6.666666,13.666667],"to":[8.033334,9.0,19.333334],"faces":{"east":{"uv":[10.125,2.125,11.0,0.0],"tintindex":0,"rotation":90,"texture":"#0"},"west":{"uv":[10.125,0.0,11.0,2.125],"tintindex":0,"rotation":90,"texture":"#0"}},"rotation":{"origin":[8.0,9.0,13.666667],"angle":22.5,"axis":"x"}},{"from":[8.0,4.499999,18.900002],"to":[8.0,6.8333325,24.566668],"faces":{"east":{"uv":[9.25,2.125,10.125,0.0],"tintindex":0,"rotation":90,"texture":"#0"},"west":{"uv":[9.25,0.0,10.125,2.125],"tintindex":0,"rotation":90,"texture":"#0"}},"rotation":{"origin":[8.0,6.8333325,18.900002],"angle":45.0,"axis":"x"}}],"display":{"gui":{"rotation":[30,225,0]}}}