{"textures":{"0":"modelengine:entity/snek_fight"},"elements":[{"from":[-4.6000004,-3.3400002,-15.939999],"to":[20.599998,19.34,31.939999],"faces":{"east":{"uv":[9.9375,14.253906,10.9375,14.878906],"tintindex":0,"rotation":0,"texture":"#0"},"south":{"uv":[11.75,9.625,13.0,10.75],"tintindex":0,"rotation":0,"texture":"#0"},"north":{"uv":[11.751953,6.6273437,13.001953,7.7523437],"tintindex":0,"rotation":0,"texture":"#0"},"west":{"uv":[5.0,14.5,6.0,15.125],"tintindex":0,"rotation":0,"texture":"#0"},"up":{"uv":[14.738672,7.0695314,13.988672,6.0695314],"tintindex":0,"rotation":0,"texture":"#0"},"down":{"uv":[7.5,14.1875,6.75,15.1875],"tintindex":0,"rotation":0,"texture":"#0"}}}],"display":{"gui":{"rotation":[30,225,0]}}}