{"textures":{"0":"modelengine:entity/snek_fight"},"elements":[{"from":[1.2799993,2.12,9.2300005],"to":[14.72,13.88,31.910004],"faces":{"east":{"uv":[9.9375,14.253906,10.9375,14.878906],"tintindex":0,"rotation":0,"texture":"#0"},"south":{"uv":[13.875,5.1875,14.875,6.0625],"tintindex":0,"rotation":0,"texture":"#0"},"north":{"uv":[12.939453,14.002344,13.939453,14.877344],"tintindex":0,"rotation":0,"texture":"#0"},"west":{"uv":[5.0,14.5,6.0,15.125],"tintindex":0,"rotation":0,"texture":"#0"},"up":{"uv":[14.738672,7.0695314,13.988672,6.0695314],"tintindex":0,"rotation":0,"texture":"#0"},"down":{"uv":[7.5,14.1875,6.75,15.1875],"tintindex":0,"rotation":0,"texture":"#0"}}}],"display":{"gui":{"rotation":[30,225,0]}}}