{"textures":{"0":"modelengine:entity/snek_fight"},"elements":[{"from":[2.1199994,2.9599996,9.020004],"to":[13.88,13.04,31.699997],"faces":{"east":{"uv":[9.9375,14.253906,10.9375,14.878906],"tintindex":0,"rotation":0,"texture":"#0"},"south":{"uv":[14.0,13.125,14.875,13.875],"tintindex":0,"rotation":0,"texture":"#0"},"north":{"uv":[14.001953,12.377344,14.876953,13.127344],"tintindex":0,"rotation":0,"texture":"#0"},"west":{"uv":[5.0,14.5,6.0,15.125],"tintindex":0,"rotation":0,"texture":"#0"},"up":{"uv":[14.738672,7.0695314,13.988672,6.0695314],"tintindex":0,"rotation":0,"texture":"#0"},"down":{"uv":[7.5,14.1875,6.75,15.25],"tintindex":0,"rotation":0,"texture":"#0"}}}],"display":{"gui":{"rotation":[30,225,0]}}}