{"textures":{"0":"modelengine:entity/snek_fight"},"elements":[{"from":[3.8000002,4.64,9.0199995],"to":[12.200001,11.36,25.819998],"faces":{"east":{"uv":[5.0,14.503906,6.0,15.128906],"tintindex":0,"rotation":0,"texture":"#0"},"south":{"uv":[7.5,15.125,8.125,15.625],"tintindex":0,"rotation":0,"texture":"#0"},"north":{"uv":[5.376953,15.127344,6.001953,15.627344],"tintindex":0,"rotation":0,"texture":"#0"},"west":{"uv":[9.9375,14.25,10.9375,14.875],"tintindex":0,"rotation":0,"texture":"#0"},"up":{"uv":[14.738672,7.0695314,13.988672,6.0695314],"tintindex":0,"rotation":0,"texture":"#0"},"down":{"uv":[7.5,14.1875,6.75,15.1875],"tintindex":0,"rotation":0,"texture":"#0"}}}],"display":{"gui":{"rotation":[30,225,0]}}}