{"textures":{"0":"modelengine:entity/snek_fight"},"elements":[{"from":[10.519304,4.5241737,-10.708679],"to":[11.149303,6.4141736,-10.078674],"faces":{"east":{"uv":[11.4375,9.253906,11.5,9.441406],"tintindex":0,"rotation":0,"texture":"#0"},"south":{"uv":[11.4375,9.4375,11.5,9.625],"tintindex":0,"rotation":0,"texture":"#0"},"north":{"uv":[11.439453,9.064844,11.501953,9.252344],"tintindex":0,"rotation":0,"texture":"#0"},"west":{"uv":[11.5,9.0625,11.5625,9.25],"tintindex":0,"rotation":0,"texture":"#0"},"up":{"uv":[7.426172,11.507031,7.363672,11.444531],"tintindex":0,"rotation":0,"texture":"#0"},"down":{"uv":[7.5,11.4375,7.4375,11.5],"tintindex":0,"rotation":0,"texture":"#0"}},"rotation":{"origin":[7.999304,5.469174,-10.393677],"angle":-22.5,"axis":"x"}},{"from":[4.849304,5.784174,-5.6686783],"to":[5.479304,6.4141736,-5.038681],"faces":{"east":{"uv":[11.6875,10.191406,11.75,10.253906],"tintindex":0,"rotation":0,"texture":"#0"},"south":{"uv":[11.6875,10.25,11.75,10.3125],"tintindex":0,"rotation":0,"texture":"#0"},"north":{"uv":[11.689453,10.127344,11.751953,10.189844],"tintindex":0,"rotation":0,"texture":"#0"},"west":{"uv":[11.6875,10.3125,11.75,10.375],"tintindex":0,"rotation":0,"texture":"#0"},"up":{"uv":[11.738672,10.444531,11.676172,10.382031],"tintindex":0,"rotation":0,"texture":"#0"},"down":{"uv":[11.75,10.4375,11.6875,10.5],"tintindex":0,"rotation":0,"texture":"#0"}},"rotation":{"origin":[7.999304,6.0991735,-5.353676],"angle":-45.0,"axis":"x"}},{"from":[10.520564,4.5268455,-10.225239],"to":[11.148044,4.9653254,-9.786755],"faces":{"east":{"uv":[12.75,9.566406,12.796875,9.613281],"tintindex":0,"rotation":0,"texture":"#0"},"south":{"uv":[12.75,6.4375,12.8125,6.484375],"tintindex":0,"rotation":0,"texture":"#0"},"north":{"uv":[12.689453,9.564844,12.751953,9.611719],"tintindex":0,"rotation":0,"texture":"#0"},"west":{"uv":[12.8125,6.4375,12.859375,6.484375],"tintindex":0,"rotation":0,"texture":"#0"},"up":{"uv":[12.801172,6.5539064,12.738672,6.5070314],"tintindex":0,"rotation":0,"texture":"#0"},"down":{"uv":[12.8125,6.5625,12.75,6.609375],"tintindex":0,"rotation":0,"texture":"#0"}},"rotation":{"origin":[7.999304,4.6515856,-9.911499],"angle":-45.0,"axis":"x"}},{"from":[10.519304,5.784174,-6.9286804],"to":[11.149303,6.4141736,-6.2986755],"faces":{"east":{"uv":[9.6875,11.878906,9.75,11.941406],"tintindex":0,"rotation":0,"texture":"#0"},"south":{"uv":[11.6875,9.875,11.75,9.9375],"tintindex":0,"rotation":0,"texture":"#0"},"north":{"uv":[11.689453,9.814844,11.751953,9.877344],"tintindex":0,"rotation":0,"texture":"#0"},"west":{"uv":[11.6875,9.9375,11.75,10.0],"tintindex":0,"rotation":0,"texture":"#0"},"up":{"uv":[11.738672,10.069531,11.676172,10.007031],"tintindex":0,"rotation":0,"texture":"#0"},"down":{"uv":[11.75,10.0625,11.6875,10.125],"tintindex":0,"rotation":0,"texture":"#0"}},"rotation":{"origin":[7.999304,6.0991735,-6.613678],"angle":-45.0,"axis":"x"}},{"from":[4.849304,5.784174,-9.448677],"to":[5.479304,6.4141736,-8.81868],"faces":{"east":{"uv":[11.5,9.441406,11.5625,9.503906],"tintindex":0,"rotation":0,"texture":"#0"},"south":{"uv":[11.5,9.5,11.5625,9.5625],"tintindex":0,"rotation":0,"texture":"#0"},"north":{"uv":[11.501953,9.377344,11.564453,9.439844],"tintindex":0,"rotation":0,"texture":"#0"},"west":{"uv":[11.5,9.5625,11.5625,9.625],"tintindex":0,"rotation":0,"texture":"#0"},"up":{"uv":[9.738672,11.819531,9.676172,11.757031],"tintindex":0,"rotation":0,"texture":"#0"},"down":{"uv":[11.6875,9.6875,11.625,9.75],"tintindex":0,"rotation":0,"texture":"#0"}},"rotation":{"origin":[7.999304,6.0991735,-9.133675],"angle":-45.0,"axis":"x"}},{"from":[2.1730642,6.100434,-12.754917],"to":[8.486294,9.247914,-6.488941],"faces":{"east":{"uv":[14.25,15.253906,14.875,15.566406],"tintindex":0,"rotation":0,"texture":"#0"},"south":{"uv":[14.875,15.25,15.5,15.5625],"tintindex":0,"rotation":0,"texture":"#0"},"north":{"uv":[13.626953,15.252344,14.251953,15.564844],"tintindex":0,"rotation":0,"texture":"#0"},"west":{"uv":[15.25,5.1875,15.875,5.5],"tintindex":0,"rotation":0,"texture":"#0"},"up":{"uv":[14.676172,7.0695314,13.988672,6.3820314],"tintindex":0,"rotation":0,"texture":"#0"},"down":{"uv":[15.5,8.5625,14.875,9.1875],"tintindex":0,"rotation":0,"texture":"#0"}},"rotation":{"origin":[7.999304,7.674174,-6.9286804],"angle":-45.0,"axis":"y"}},{"from":[4.850564,4.5268455,-10.225239],"to":[5.4780436,4.9653254,-9.786755],"faces":{"east":{"uv":[8.8125,12.941406,8.859375,12.988281],"tintindex":0,"rotation":0,"texture":"#0"},"south":{"uv":[12.625,9.5625,12.6875,9.609375],"tintindex":0,"rotation":0,"texture":"#0"},"north":{"uv":[8.876953,12.814844,8.939453,12.861719],"tintindex":0,"rotation":0,"texture":"#0"},"west":{"uv":[8.875,12.9375,8.921875,12.984375],"tintindex":0,"rotation":0,"texture":"#0"},"up":{"uv":[8.863672,12.928906,8.801172,12.882031],"tintindex":0,"rotation":0,"texture":"#0"},"down":{"uv":[8.9375,12.875,8.875,12.921875],"tintindex":0,"rotation":0,"texture":"#0"}},"rotation":{"origin":[7.999304,4.6515856,-9.911499],"angle":-45.0,"axis":"x"}},{"from":[4.849304,5.784174,-8.188675],"to":[5.479304,6.4141736,-7.5586777],"faces":{"east":{"uv":[11.625,9.816406,11.6875,9.878906],"tintindex":0,"rotation":0,"texture":"#0"},"south":{"uv":[9.6875,11.8125,9.75,11.875],"tintindex":0,"rotation":0,"texture":"#0"},"north":{"uv":[11.626953,9.752344,11.689453,9.814844],"tintindex":0,"rotation":0,"texture":"#0"},"west":{"uv":[11.625,9.875,11.6875,9.9375],"tintindex":0,"rotation":0,"texture":"#0"},"up":{"uv":[11.676172,10.007031,11.613672,9.944531],"tintindex":0,"rotation":0,"texture":"#0"},"down":{"uv":[11.6875,10.0,11.625,10.0625],"tintindex":0,"rotation":0,"texture":"#0"}},"rotation":{"origin":[7.999304,6.0991735,-7.87368],"angle":-45.0,"axis":"x"}},{"from":[3.589304,6.0991735,-10.708679],"to":[12.409304,9.249174,-3.148674],"faces":{"east":{"uv":[11.5625,15.253906,12.3125,15.566406],"tintindex":0,"rotation":0,"texture":"#0"},"south":{"uv":[15.0,8.1875,15.875,8.5],"tintindex":0,"rotation":0,"texture":"#0"},"north":{"uv":[15.001953,7.8773437,15.876953,8.189844],"tintindex":0,"rotation":0,"texture":"#0"},"west":{"uv":[12.3125,15.25,13.0625,15.5625],"tintindex":0,"rotation":0,"texture":"#0"},"up":{"uv":[14.738672,7.0695314,13.988672,6.0695314],"tintindex":0,"rotation":0,"texture":"#0"},"down":{"uv":[14.875,10.125,14.0,10.875],"tintindex":0,"rotation":0,"texture":"#0"}}},{"from":[4.849304,5.784174,-6.9286804],"to":[5.479304,6.4141736,-6.2986755],"faces":{"east":{"uv":[11.625,10.503906,11.6875,10.566406],"tintindex":0,"rotation":0,"texture":"#0"},"south":{"uv":[11.625,10.5625,11.6875,10.625],"tintindex":0,"rotation":0,"texture":"#0"},"north":{"uv":[11.626953,10.439844,11.689453,10.502344],"tintindex":0,"rotation":0,"texture":"#0"},"west":{"uv":[11.625,10.625,11.6875,10.6875],"tintindex":0,"rotation":0,"texture":"#0"},"up":{"uv":[11.738672,9.757031,11.676172,9.694531],"tintindex":0,"rotation":0,"texture":"#0"},"down":{"uv":[11.75,9.75,11.6875,9.8125],"tintindex":0,"rotation":0,"texture":"#0"}},"rotation":{"origin":[7.999304,6.0991735,-6.613678],"angle":-45.0,"axis":"x"}},{"from":[2.171804,10.666674,-3.4636765],"to":[5.951804,14.446673,5.3563232],"faces":{"east":{"uv":[9.9375,14.253906,10.9375,14.878906],"tintindex":0,"rotation":0,"texture":"#0"},"south":{"uv":[14.1875,6.5625,14.5625,6.9375],"tintindex":0,"rotation":0,"texture":"#0"},"north":{"uv":[14.189453,6.5648437,14.564453,6.9398437],"tintindex":0,"rotation":0,"texture":"#0"},"west":{"uv":[5.0,14.5,6.0,15.125],"tintindex":0,"rotation":0,"texture":"#0"},"up":{"uv":[14.488672,7.0695314,14.238672,6.0695314],"tintindex":0,"rotation":0,"texture":"#0"},"down":{"uv":[14.5,6.0625,14.25,7.0625],"tintindex":0,"rotation":0,"texture":"#0"}},"rotation":{"origin":[4.5343037,13.974174,1.8913193],"angle":-22.5,"axis":"x"}},{"from":[10.519304,5.784174,-9.448677],"to":[11.149303,6.4141736,-8.81868],"faces":{"east":{"uv":[7.3125,11.503906,7.375,11.566406],"tintindex":0,"rotation":0,"texture":"#0"},"south":{"uv":[7.375,11.5,7.4375,11.5625],"tintindex":0,