{"textures":{"0":"modelengine:entity/snek_fight"},"elements":[{"from":[-2.681549,5.48252,-11.894981],"to":[7.991912,10.51748,-1.2530289],"faces":{"east":{"uv":[4.25,9.4375,4.78125,9.6875],"tintindex":0,"rotation":0,"texture":"#0"},"south":{"uv":[10.25,6.5,10.78125,6.75],"tintindex":0,"rotation":0,"texture":"#0"},"north":{"uv":[4.9375,7.9375,5.46875,8.1875],"tintindex":0,"rotation":0,"texture":"#0"},"west":{"uv":[10.25,7.5,10.78125,7.75],"tintindex":0,"rotation":0,"texture":"#0"},"up":{"uv":[2.40625,10.53125,1.875,10.0],"tintindex":0,"rotation":0,"texture":"#0"},"down":{"uv":[10.53125,2.125,10.0,2.65625],"tintindex":0,"rotation":0,"texture":"#0"}},"rotation":{"origin":[7.9944315,7.37,-1.2190094],"angle":-45.0,"axis":"y"}},{"from":[0.43443155,5.48,-8.779007],"to":[15.554432,10.52,6.340988],"faces":{"east":{"uv":[10.25,0.3125,11.0,0.5625],"tintindex":0,"rotation":0,"texture":"#0"},"south":{"uv":[10.25,0.5625,11.0,0.8125],"tintindex":0,"rotation":0,"texture":"#0"},"north":{"uv":[8.0,7.5625,8.75,7.8125],"tintindex":0,"rotation":0,"texture":"#0"},"west":{"uv":[10.25,0.8125,11.0,1.0625],"tintindex":0,"rotation":0,"texture":"#0"},"up":{"uv":[4.6875,7.125,3.9375,6.375],"tintindex":0,"rotation":0,"texture":"#0"},"down":{"uv":[10.3125,8.6875,9.5625,9.4375],"tintindex":0,"rotation":0,"texture":"#0"}}}],"display":{"gui":{"rotation":[30,225,0]}}}