{"textures":{"0":"modelengine:entity/snek_fight"},"elements":[{"from":[0.43443155,5.48,-11.279022],"to":[15.554432,10.52,3.8409882],"faces":{"east":{"uv":[15.25,5.5039062,16.0,5.7539062],"tintindex":0,"rotation":0,"texture":"#0"},"south":{"uv":[15.25,5.75,16.0,6.0],"tintindex":0,"rotation":0,"texture":"#0"},"north":{"uv":[13.001953,12.752344,13.751953,13.002344],"tintindex":0,"rotation":0,"texture":"#0"},"west":{"uv":[15.25,6.0,16.0,6.25],"tintindex":0,"rotation":0,"texture":"#0"},"up":{"uv":[9.676172,12.319531,8.926172,11.569531],"tintindex":0,"rotation":0,"texture":"#0"},"down":{"uv":[15.3125,13.875,14.5625,14.625],"tintindex":0,"rotation":0,"texture":"#0"}}},{"from":[-2.681549,5.48252,-14.394997],"to":[7.991912,10.51748,-3.7530441],"faces":{"east":{"uv":[9.25,14.628906,9.78125,14.878906],"tintindex":0,"rotation":0,"texture":"#0"},"south":{"uv":[15.25,11.6875,15.78125,11.9375],"tintindex":0,"rotation":0,"texture":"#0"},"north":{"uv":[9.939453,13.127344,10.470703,13.377344],"tintindex":0,"rotation":0,"texture":"#0"},"west":{"uv":[15.25,12.6875,15.78125,12.9375],"tintindex":0,"rotation":0,"texture":"#0"},"up":{"uv":[7.394922,15.725781,6.863672,15.194531],"tintindex":0,"rotation":0,"texture":"#0"},"down":{"uv":[15.53125,7.3125,15.0,7.84375],"tintindex":0,"rotation":0,"texture":"#0"}},"rotation":{"origin":[7.9944315,7.37,-3.7190247],"angle":-45.0,"axis":"y"}}],"display":{"gui":{"rotation":[30,225,0]}}}