{"textures":{"0":"modelengine:entity/nocsy_drakonin_baby5"},"elements":[{"from":[5.8546586,6.173439,6.865115],"to":[8.254659,8.573438,11.265115],"faces":{"east":{"uv":[8.75,5.125,9.25,5.375],"tintindex":0,"rotation":0,"texture":"#0"},"south":{"uv":[10.875,5.25,11.125,5.5],"tintindex":0,"rotation":0,"texture":"#0"},"north":{"uv":[5.125,10.875,5.375,11.125],"tintindex":0,"rotation":0,"texture":"#0"},"west":{"uv":[8.75,8.625,9.25,8.875],"tintindex":0,"rotation":0,"texture":"#0"},"up":{"uv":[6.125,9.375,5.875,8.875],"tintindex":0,"rotation":0,"texture":"#0"},"down":{"uv":[6.5,8.875,6.25,9.375],"tintindex":0,"rotation":0,"texture":"#0"}},"rotation":{"origin":[7.444508,7.1499033,10.085945],"angle":22.5,"axis":"z"}},{"from":[6.2546587,3.8734388,7.065115],"to":[8.254659,5.873439,11.065115],"faces":{"east":{"uv":[8.875,0.0,9.375,0.25],"tintindex":0,"rotation":0,"texture":"#0"},"south":{"uv":[10.875,6.375,11.125,6.625],"tintindex":0,"rotation":0,"texture":"#0"},"north":{"uv":[10.875,5.625,11.125,5.875],"tintindex":0,"rotation":0,"texture":"#0"},"west":{"uv":[8.875,4.25,9.375,4.5],"tintindex":0,"rotation":0,"texture":"#0"},"up":{"uv":[7.875,9.375,7.625,8.875],"tintindex":0,"rotation":0,"texture":"#0"},"down":{"uv":[8.25,8.875,8.0,9.375],"tintindex":0,"rotation":0,"texture":"#0"}},"rotation":{"origin":[7.444508,7.1499033,10.085945],"angle":22.5,"axis":"x"}},{"from":[5.463856,7.705109,3.397943],"to":[7.2638564,11.50511,5.197943],"faces":{"east":{"uv":[1.875,9.0,2.125,9.5],"tintindex":0,"rotation":0,"texture":"#0"},"south":{"uv":[2.25,9.0,2.5,9.5],"tintindex":0,"rotation":0,"texture":"#0"},"north":{"uv":[8.375,8.875,8.625,9.375],"tintindex":0,"rotation":0,"texture":"#0"},"west":{"uv":[2.625,9.0,2.875,9.5],"tintindex":0,"rotation":0,"texture":"#0"},"up":{"uv":[6.875,11.125,6.625,10.875],"tintindex":0,"rotation":0,"texture":"#0"},"down":{"uv":[11.125,7.25,10.875,7.5],"tintindex":0,"rotation":0,"texture":"#0"}},"rotation":{"origin":[6.0546584,10.121935,5.0517693],"angle":-22.5,"axis":"x"}}],"display":{"gui":{"rotation":[30,225,0]}}}