{"textures":{"0":"modelengine:entity/nocsy_drakonin_baby5"},"elements":[{"from":[7.745342,6.173439,6.865115],"to":[10.145341,8.573438,11.265115],"faces":{"east":{"uv":[8.75,0.875,9.25,1.125],"tintindex":0,"rotation":0,"texture":"#0"},"south":{"uv":[0.75,10.875,1.0,11.125],"tintindex":0,"rotation":0,"texture":"#0"},"north":{"uv":[10.75,10.125,11.0,10.375],"tintindex":0,"rotation":0,"texture":"#0"},"west":{"uv":[1.25,8.75,1.75,9.0],"tintindex":0,"rotation":0,"texture":"#0"},"up":{"uv":[7.5,9.125,7.25,8.625],"tintindex":0,"rotation":0,"texture":"#0"},"down":{"uv":[9.0,2.0,8.75,2.5],"tintindex":0,"rotation":0,"texture":"#0"}},"rotation":{"origin":[8.555492,7.1499033,10.085945],"angle":-22.5,"axis":"z"}},{"from":[7.7453413,3.8734388,7.065115],"to":[9.745341,5.873439,11.065115],"faces":{"east":{"uv":[8.75,1.25,9.25,1.5],"tintindex":0,"rotation":0,"texture":"#0"},"south":{"uv":[10.875,3.75,11.125,4.0],"tintindex":0,"rotation":0,"texture":"#0"},"north":{"uv":[10.875,1.875,11.125,2.125],"tintindex":0,"rotation":0,"texture":"#0"},"west":{"uv":[8.75,2.625,9.25,2.875],"tintindex":0,"rotation":0,"texture":"#0"},"up":{"uv":[9.0,3.5,8.75,3.0],"tintindex":0,"rotation":0,"texture":"#0"},"down":{"uv":[9.0,3.625,8.75,4.125],"tintindex":0,"rotation":0,"texture":"#0"}},"rotation":{"origin":[8.555492,7.1499033,10.085945],"angle":22.5,"axis":"x"}},{"from":[8.736144,7.705109,3.397943],"to":[10.536143,11.50511,5.197943],"faces":{"east":{"uv":[8.75,6.75,9.0,7.25],"tintindex":0,"rotation":0,"texture":"#0"},"south":{"uv":[8.75,7.375,9.0,7.875],"tintindex":0,"rotation":0,"texture":"#0"},"north":{"uv":[5.5,8.75,5.75,9.25],"tintindex":0,"rotation":0,"texture":"#0"},"west":{"uv":[8.75,8.0,9.0,8.5],"tintindex":0,"rotation":0,"texture":"#0"},"up":{"uv":[11.125,4.375,10.875,4.125],"tintindex":0,"rotation":0,"texture":"#0"},"down":{"uv":[11.125,4.875,10.875,5.125],"tintindex":0,"rotation":0,"texture":"#0"}},"rotation":{"origin":[9.945341,10.121935,5.0517693],"angle":-22.5,"axis":"x"}}],"display":{"gui":{"rotation":[30,225,0]}}}