{"textures":{"0":"modelengine:entity/nocsy_drakonin_baby5"},"elements":[{"from":[6.584951,5.6785283,5.7676854],"to":[8.384951,8.478528,8.567685],"faces":{"east":{"uv":[5.625,8.25,6.0,8.625],"tintindex":0,"rotation":0,"texture":"#0"},"south":{"uv":[9.75,0.75,10.0,1.125],"tintindex":0,"rotation":0,"texture":"#0"},"north":{"uv":[2.625,9.625,2.875,10.0],"tintindex":0,"rotation":0,"texture":"#0"},"west":{"uv":[8.25,6.875,8.625,7.25],"tintindex":0,"rotation":0,"texture":"#0"},"up":{"uv":[1.5,10.125,1.25,9.75],"tintindex":0,"rotation":0,"texture":"#0"},"down":{"uv":[10.0,1.25,9.75,1.625],"tintindex":0,"rotation":0,"texture":"#0"}},"rotation":{"origin":[10.2549515,7.9785285,7.787686],"angle":-22.5,"axis":"x"}},{"from":[6.5949507,7.177448,7.178728],"to":[8.174951,9.757447,8.758728],"faces":{"east":{"uv":[3.875,9.75,4.125,10.125],"tintindex":0,"rotation":0,"texture":"#0"},"south":{"uv":[4.25,9.75,4.5,10.125],"tintindex":0,"rotation":0,"texture":"#0"},"north":{"uv":[3.0,9.75,3.25,10.125],"tintindex":0,"rotation":0,"texture":"#0"},"west":{"uv":[4.625,9.75,4.875,10.125],"tintindex":0,"rotation":0,"texture":"#0"},"up":{"uv":[11.125,9.5,10.875,9.25],"tintindex":0,"rotation":0,"texture":"#0"},"down":{"uv":[11.125,9.625,10.875,9.875],"tintindex":0,"rotation":0,"texture":"#0"}},"rotation":{"origin":[7.584951,9.067448,7.9687285],"angle":22.5,"axis":"x"}},{"from":[6.5949507,6.0750694,5.5122924],"to":[8.174951,8.655069,7.0922923],"faces":{"east":{"uv":[7.625,9.75,7.875,10.125],"tintindex":0,"rotation":0,"texture":"#0"},"south":{"uv":[8.0,9.75,8.25,10.125],"tintindex":0,"rotation":0,"texture":"#0"},"north":{"uv":[5.0,9.75,5.25,10.125],"tintindex":0,"rotation":0,"texture":"#0"},"west":{"uv":[8.375,9.75,8.625,10.125],"tintindex":0,"rotation":0,"texture":"#0"},"up":{"uv":[10.5,11.125,10.25,10.875],"tintindex":0,"rotation":0,"texture":"#0"},"down":{"uv":[10.875,10.875,10.625,11.125],"tintindex":0,"rotation":0,"texture":"#0"}},"rotation":{"origin":[7.3849506,7.3650694,5.5022926],"angle":-45.0,"axis":"x"}},{"from":[6.184951,7.9674473,6.0301075],"to":[7.784951,10.567449,7.630108],"faces":{"east":{"uv":[9.5,9.75,9.75,10.125],"tintindex":0,"rotation":0,"texture":"#0"},"south":{"uv":[0.375,9.875,0.625,10.25],"tintindex":0,"rotation":0,"texture":"#0"},"north":{"uv":[9.75,8.5,10.0,8.875],"tintindex":0,"rotation":0,"texture":"#0"},"west":{"uv":[9.875,2.5,10.125,2.875],"tintindex":0,"rotation":0,"texture":"#0"},"up":{"uv":[0.25,11.25,0.0,11.0],"tintindex":0,"rotation":0,"texture":"#0"},"down":{"uv":[11.25,0.0,11.0,0.25],"tintindex":0,"rotation":0,"texture":"#0"}},"rotation":{"origin":[7.484951,9.067448,6.7301073],"angle":22.5,"axis":"z"}}],"display":{"gui":{"rotation":[30,225,0]}}}