{"textures":{"0":"modelengine:entity/nocsy_drakonin_baby5"},"elements":[{"from":[6.0949507,7.677448,7.4787283],"to":[7.6749506,10.257447,9.058728],"faces":{"east":{"uv":[4.125,10.25,4.375,10.625],"tintindex":0,"rotation":0,"texture":"#0"},"south":{"uv":[4.5,10.25,4.75,10.625],"tintindex":0,"rotation":0,"texture":"#0"},"north":{"uv":[3.75,10.25,4.0,10.625],"tintindex":0,"rotation":0,"texture":"#0"},"west":{"uv":[4.875,10.25,5.125,10.625],"tintindex":0,"rotation":0,"texture":"#0"},"up":{"uv":[11.25,3.25,11.0,3.0],"tintindex":0,"rotation":0,"texture":"#0"},"down":{"uv":[3.625,11.0,3.375,11.25],"tintindex":0,"rotation":0,"texture":"#0"}},"rotation":{"origin":[7.3849506,8.867448,7.968728],"angle":45.0,"axis":"z"}},{"from":[6.484951,5.178529,5.4676857],"to":[8.484951,9.178528,9.467686],"faces":{"east":{"uv":[3.125,6.5,3.625,7.0],"tintindex":0,"rotation":0,"texture":"#0"},"south":{"uv":[5.0,9.125,5.25,9.625],"tintindex":0,"rotation":0,"texture":"#0"},"north":{"uv":[4.625,9.125,4.875,9.625],"tintindex":0,"rotation":0,"texture":"#0"},"west":{"uv":[6.25,6.625,6.75,7.125],"tintindex":0,"rotation":0,"texture":"#0"},"up":{"uv":[9.375,7.25,9.125,6.75],"tintindex":0,"rotation":0,"texture":"#0"},"down":{"uv":[9.375,7.375,9.125,7.875],"tintindex":0,"rotation":0,"texture":"#0"}},"rotation":{"origin":[10.2549515,7.5785284,7.787686],"angle":-22.5,"axis":"x"}},{"from":[6.184951,8.367448,6.0301075],"to":[7.784951,10.967448,7.6301074],"faces":{"east":{"uv":[0.0,10.125,0.25,10.5],"tintindex":0,"rotation":0,"texture":"#0"},"south":{"uv":[2.625,10.125,2.875,10.5],"tintindex":0,"rotation":0,"texture":"#0"},"north":{"uv":[6.625,10.0,6.875,10.375],"tintindex":0,"rotation":0,"texture":"#0"},"west":{"uv":[10.125,8.5,10.375,8.875],"tintindex":0,"rotation":0,"texture":"#0"},"up":{"uv":[11.25,1.75,11.0,1.5],"tintindex":0,"rotation":0,"texture":"#0"},"down":{"uv":[11.25,2.25,11.0,2.5],"tintindex":0,"rotation":0,"texture":"#0"}},"rotation":{"origin":[7.484951,9.467447,6.7301073],"angle":22.5,"axis":"z"}},{"from":[6.4949512,6.2750697,4.8122926],"to":[8.474951,9.25507,6.792292],"faces":{"east":{"uv":[1.25,10.25,1.5,10.625],"tintindex":0,"rotation":0,"texture":"#0"},"south":{"uv":[10.25,2.5,10.5,2.875],"tintindex":0,"rotation":0,"texture":"#0"},"north":{"uv":[9.875,10.125,10.125,10.5],"tintindex":0,"rotation":0,"texture":"#0"},"west":{"uv":[3.0,10.25,3.25,10.625],"tintindex":0,"rotation":0,"texture":"#0"},"up":{"uv":[2.875,11.25,2.625,11.0],"tintindex":0,"rotation":0,"texture":"#0"},"down":{"uv":[11.25,2.625,11.0,2.875],"tintindex":0,"rotation":0,"texture":"#0"}},"rotation":{"origin":[7.3849506,7.7650695,5.5022926],"angle":-45.0,"axis":"x"}}],"display":{"gui":{"rotation":[30,225,0]}}}