{"textures":{"0":"modelengine:entity/nocsy_drakonin_baby5"},"elements":[{"from":[-0.83348334,7.3849,10.996571],"to":[0.36651668,8.5849,15.196571],"faces":{"east":{"uv":[10.5,8.75,11.0,8.875],"tintindex":0,"rotation":0,"texture":"#0"},"south":{"uv":[2.25,7.875,2.375,8.0],"tintindex":0,"rotation":0,"texture":"#0"},"north":{"uv":[1.5,7.625,1.625,7.75],"tintindex":0,"rotation":0,"texture":"#0"},"west":{"uv":[1.25,10.75,1.75,10.875],"tintindex":0,"rotation":0,"texture":"#0"},"up":{"uv":[10.125,11.125,10.0,10.625],"tintindex":0,"rotation":0,"texture":"#0"},"down":{"uv":[2.0,10.75,1.875,11.25],"tintindex":0,"rotation":0,"texture":"#0"}},"rotation":{"origin":[0.2665167,7.9848995,9.996571],"angle":-22.5,"axis":"y"}},{"from":[8.052552,6.8849,2.635283],"to":[10.052551,8.8849,5.635283],"faces":{"east":{"uv":[9.5,7.75,9.875,8.0],"tintindex":0,"rotation":0,"texture":"#0"},"south":{"uv":[10.625,10.5,10.875,10.75],"tintindex":0,"rotation":0,"texture":"#0"},"north":{"uv":[9.625,10.625,9.875,10.875],"tintindex":0,"rotation":0,"texture":"#0"},"west":{"uv":[9.5,8.125,9.875,8.375],"tintindex":0,"rotation":0,"texture":"#0"},"up":{"uv":[6.5,9.875,6.25,9.5],"tintindex":0,"rotation":0,"texture":"#0"},"down":{"uv":[9.75,9.25,9.5,9.625],"tintindex":0,"rotation":0,"texture":"#0"}},"rotation":{"origin":[6.8525515,7.9848995,8.035283],"angle":22.5,"axis":"y"}},{"from":[-5.997449,7.8849,6.035283],"to":[8.002552,7.9848995,25.035282],"faces":{"east":{"uv":[6.25,3.75,8.625,3.875],"tintindex":0,"rotation":0,"texture":"#0"},"south":{"uv":[0.0,7.0,1.75,7.125],"tintindex":0,"rotation":0,"texture":"#0"},"north":{"uv":[6.875,2.0,8.625,2.125],"tintindex":0,"rotation":0,"texture":"#0"},"west":{"uv":[6.25,4.0,8.625,4.125],"tintindex":0,"rotation":0,"texture":"#0"},"up":{"uv":[1.75,4.875,0.0,2.5],"tintindex":0,"rotation":0,"texture":"#0"},"down":{"uv":[3.625,2.5,1.875,4.875],"tintindex":0,"rotation":0,"texture":"#0"}}},{"from":[7.752552,6.4848995,4.635283],"to":[10.352551,9.0849,7.235283],"faces":{"east":{"uv":[6.75,8.125,7.125,8.5],"tintindex":0,"rotation":0,"texture":"#0"},"south":{"uv":[7.25,8.125,7.625,8.5],"tintindex":0,"rotation":0,"texture":"#0"},"north":{"uv":[5.125,8.125,5.5,8.5],"tintindex":0,"rotation":0,"texture":"#0"},"west":{"uv":[0.0,8.25,0.375,8.625],"tintindex":0,"rotation":0,"texture":"#0"},"up":{"uv":[0.875,8.625,0.5,8.25],"tintindex":0,"rotation":0,"texture":"#0"},"down":{"uv":[1.375,8.25,1.0,8.625],"tintindex":0,"rotation":0,"texture":"#0"}},"rotation":{"origin":[6.8525515,7.9848995,8.035283],"angle":22.5,"axis":"y"}},{"from":[3.0525515,7.1849,5.235283],"to":[9.652553,8.7849,6.8352833],"faces":{"east":{"uv":[8.125,10.625,8.375,10.875],"tintindex":0,"rotation":0,"texture":"#0"},"south":{"uv":[6.875,6.0,7.75,6.25],"tintindex":0,"rotation":0,"texture":"#0"},"north":{"uv":[6.875,1.625,7.75,1.875],"tintindex":0,"rotation":0,"texture":"#0"},"west":{"uv":[9.25,10.625,9.5,10.875],"tintindex":0,"rotation":0,"texture":"#0"},"up":{"uv":[7.75,6.625,6.875,6.375],"tintindex":0,"rotation":0,"texture":"#0"},"down":{"uv":[7.75,6.75,6.875,7.0],"tintindex":0,"rotation":0,"texture":"#0"}},"rotation":{"origin":[6.8525515,7.9848995,8.035283],"angle":22.5,"axis":"y"}},{"from":[-1.4334834,7.2849,9.296571],"to":[3.9665177,8.684899,10.69657],"faces":{"east":{"uv":[0.375,10.75,0.625,11.0],"tintindex":0,"rotation":0,"texture":"#0"},"south":{"uv":[5.375,7.25,6.125,7.5],"tintindex":0,"rotation":0,"texture":"#0"},"north":{"uv":[0.875,7.25,1.625,7.5],"tintindex":0,"rotation":0,"texture":"#0"},"west":{"uv":[10.75,0.375,11.0,0.625],"tintindex":0,"rotation":0,"texture":"#0"},"up":{"uv":[8.125,4.5,7.375,4.25],"tintindex":0,"rotation":0,"texture":"#0"},"down":{"uv":[2.5,7.5,1.75,7.75],"tintindex":0,"rotation":0,"texture":"#0"}},"rotation":{"origin":[0.2665167,7.9848995,9.996571],"angle":45.0,"axis":"y"}}],"display":{"gui":{"rotation":[30,225,0]}}}