{"textures":{"0":"modelengine:entity/nocsy_drakonin_baby5"},"elements":[{"from":[12.033483,7.2849,9.296571],"to":[17.433483,8.684899,10.69657],"faces":{"east":{"uv":[11.0,0.375,10.75,0.625],"tintindex":0,"rotation":0,"texture":"#0"},"south":{"uv":[6.125,7.25,5.375,7.5],"tintindex":0,"rotation":0,"texture":"#0"},"north":{"uv":[1.625,7.25,0.875,7.5],"tintindex":0,"rotation":0,"texture":"#0"},"west":{"uv":[0.625,10.75,0.375,11.0],"tintindex":0,"rotation":0,"texture":"#0"},"up":{"uv":[7.375,4.5,8.125,4.25],"tintindex":0,"rotation":0,"texture":"#0"},"down":{"uv":[1.75,7.5,2.5,7.75],"tintindex":0,"rotation":0,"texture":"#0"}},"rotation":{"origin":[15.733483,7.9848995,9.996571],"angle":-45.0,"axis":"y"}},{"from":[5.647448,6.4848995,4.635283],"to":[8.247448,9.0849,7.235283],"faces":{"east":{"uv":[0.375,8.25,0.0,8.625],"tintindex":0,"rotation":0,"texture":"#0"},"south":{"uv":[7.625,8.125,7.25,8.5],"tintindex":0,"rotation":0,"texture":"#0"},"north":{"uv":[5.5,8.125,5.125,8.5],"tintindex":0,"rotation":0,"texture":"#0"},"west":{"uv":[7.125,8.125,6.75,8.5],"tintindex":0,"rotation":0,"texture":"#0"},"up":{"uv":[0.5,8.625,0.875,8.25],"tintindex":0,"rotation":0,"texture":"#0"},"down":{"uv":[1.0,8.25,1.375,8.625],"tintindex":0,"rotation":0,"texture":"#0"}},"rotation":{"origin":[9.147449,7.9848995,8.035283],"angle":-22.5,"axis":"y"}},{"from":[6.347448,7.1849,5.235283],"to":[12.947449,8.7849,6.8352833],"faces":{"east":{"uv":[9.5,10.625,9.25,10.875],"tintindex":0,"rotation":0,"texture":"#0"},"south":{"uv":[7.75,6.0,6.875,6.25],"tintindex":0,"rotation":0,"texture":"#0"},"north":{"uv":[7.75,1.625,6.875,1.875],"tintindex":0,"rotation":0,"texture":"#0"},"west":{"uv":[8.375,10.625,8.125,10.875],"tintindex":0,"rotation":0,"texture":"#0"},"up":{"uv":[6.875,6.625,7.75,6.375],"tintindex":0,"rotation":0,"texture":"#0"},"down":{"uv":[6.875,6.75,7.75,7.0],"tintindex":0,"rotation":0,"texture":"#0"}},"rotation":{"origin":[9.147449,7.9848995,8.035283],"angle":-22.5,"axis":"y"}},{"from":[15.633483,7.3849,10.996571],"to":[16.833483,8.5849,15.196571],"faces":{"east":{"uv":[1.75,10.75,1.25,10.875],"tintindex":0,"rotation":0,"texture":"#0"},"south":{"uv":[2.375,7.875,2.25,8.0],"tintindex":0,"rotation":0,"texture":"#0"},"north":{"uv":[1.625,7.625,1.5,7.75],"tintindex":0,"rotation":0,"texture":"#0"},"west":{"uv":[11.0,8.75,10.5,8.875],"tintindex":0,"rotation":0,"texture":"#0"},"up":{"uv":[10.0,11.125,10.125,10.625],"tintindex":0,"rotation":0,"texture":"#0"},"down":{"uv":[1.875,10.75,2.0,11.25],"tintindex":0,"rotation":0,"texture":"#0"}},"rotation":{"origin":[15.733483,7.9848995,9.996571],"angle":22.5,"axis":"y"}},{"from":[7.997448,7.8849,6.035283],"to":[21.997448,7.9848995,25.035282],"faces":{"east":{"uv":[8.625,4.0,6.25,4.125],"tintindex":0,"rotation":0,"texture":"#0"},"south":{"uv":[1.75,7.0,0.0,7.125],"tintindex":0,"rotation":0,"texture":"#0"},"north":{"uv":[8.625,2.0,6.875,2.125],"tintindex":0,"rotation":0,"texture":"#0"},"west":{"uv":[8.625,3.75,6.25,3.875],"tintindex":0,"rotation":0,"texture":"#0"},"up":{"uv":[0.0,4.875,1.75,2.5],"tintindex":0,"rotation":0,"texture":"#0"},"down":{"uv":[1.875,2.5,3.625,4.875],"tintindex":0,"rotation":0,"texture":"#0"}}},{"from":[5.9474483,6.8849,2.635283],"to":[7.947448,8.8849,5.635283],"faces":{"east":{"uv":[9.875,8.125,9.5,8.375],"tintindex":0,"rotation":0,"texture":"#0"},"south":{"uv":[10.875,10.5,10.625,10.75],"tintindex":0,"rotation":0,"texture":"#0"},"north":{"uv":[9.875,10.625,9.625,10.875],"tintindex":0,"rotation":0,"texture":"#0"},"west":{"uv":[9.875,7.75,9.5,8.0],"tintindex":0,"rotation":0,"texture":"#0"},"up":{"uv":[6.25,9.875,6.5,9.5],"tintindex":0,"rotation":0,"texture":"#0"},"down":{"uv":[9.5,9.25,9.75,9.625],"tintindex":0,"rotation":0,"texture":"#0"}},"rotation":{"origin":[9.147449,7.9848995,8.035283],"angle":-22.5,"axis":"y"}}],"display":{"gui":{"rotation":[30,225,0]}}}