{"textures":{"0":"modelengine:entity/nocsy_drakonin_baby5"},"elements":[{"from":[7.615049,5.6785283,5.7676854],"to":[9.415049,8.478528,8.567685],"faces":{"east":{"uv":[8.625,6.875,8.25,7.25],"tintindex":0,"rotation":0,"texture":"#0"},"south":{"uv":[10.0,0.75,9.75,1.125],"tintindex":0,"rotation":0,"texture":"#0"},"north":{"uv":[2.875,9.625,2.625,10.0],"tintindex":0,"rotation":0,"texture":"#0"},"west":{"uv":[6.0,8.25,5.625,8.625],"tintindex":0,"rotation":0,"texture":"#0"},"up":{"uv":[1.25,10.125,1.5,9.75],"tintindex":0,"rotation":0,"texture":"#0"},"down":{"uv":[9.75,1.25,10.0,1.625],"tintindex":0,"rotation":0,"texture":"#0"}},"rotation":{"origin":[5.745049,7.9785285,7.787686],"angle":-22.5,"axis":"x"}},{"from":[7.8250494,6.0750694,5.5122924],"to":[9.405049,8.655069,7.0922923],"faces":{"east":{"uv":[8.625,9.75,8.375,10.125],"tintindex":0,"rotation":0,"texture":"#0"},"south":{"uv":[8.25,9.75,8.0,10.125],"tintindex":0,"rotation":0,"texture":"#0"},"north":{"uv":[5.25,9.75,5.0,10.125],"tintindex":0,"rotation":0,"texture":"#0"},"west":{"uv":[7.875,9.75,7.625,10.125],"tintindex":0,"rotation":0,"texture":"#0"},"up":{"uv":[10.25,11.125,10.5,10.875],"tintindex":0,"rotation":0,"texture":"#0"},"down":{"uv":[10.625,10.875,10.875,11.125],"tintindex":0,"rotation":0,"texture":"#0"}},"rotation":{"origin":[8.615049,7.3650694,5.5022926],"angle":-45.0,"axis":"x"}},{"from":[7.8250494,7.177448,7.178728],"to":[9.405049,9.757447,8.758728],"faces":{"east":{"uv":[4.875,9.75,4.625,10.125],"tintindex":0,"rotation":0,"texture":"#0"},"south":{"uv":[4.5,9.75,4.25,10.125],"tintindex":0,"rotation":0,"texture":"#0"},"north":{"uv":[3.25,9.75,3.0,10.125],"tintindex":0,"rotation":0,"texture":"#0"},"west":{"uv":[4.125,9.75,3.875,10.125],"tintindex":0,"rotation":0,"texture":"#0"},"up":{"uv":[10.875,9.5,11.125,9.25],"tintindex":0,"rotation":0,"texture":"#0"},"down":{"uv":[10.875,9.625,11.125,9.875],"tintindex":0,"rotation":0,"texture":"#0"}},"rotation":{"origin":[8.415049,9.067448,7.9687285],"angle":22.5,"axis":"x"}},{"from":[8.215049,7.9674473,6.0301075],"to":[9.815049,10.567449,7.630108],"faces":{"east":{"uv":[10.125,2.5,9.875,2.875],"tintindex":0,"rotation":0,"texture":"#0"},"south":{"uv":[0.625,9.875,0.375,10.25],"tintindex":0,"rotation":0,"texture":"#0"},"north":{"uv":[10.0,8.5,9.75,8.875],"tintindex":0,"rotation":0,"texture":"#0"},"west":{"uv":[9.75,9.75,9.5,10.125],"tintindex":0,"rotation":0,"texture":"#0"},"up":{"uv":[0.0,11.25,0.25,11.0],"tintindex":0,"rotation":0,"texture":"#0"},"down":{"uv":[11.0,0.0,11.25,0.25],"tintindex":0,"rotation":0,"texture":"#0"}},"rotation":{"origin":[8.515049,9.067448,6.7301073],"angle":-22.5,"axis":"z"}}],"display":{"gui":{"rotation":[30,225,0]}}}