{"textures":{"0":"modelengine:entity/nocsy_drakonin_baby5"},"elements":[{"from":[7.515049,5.178529,5.4676857],"to":[9.515049,9.178528,9.467686],"faces":{"east":{"uv":[6.75,6.625,6.25,7.125],"tintindex":0,"rotation":0,"texture":"#0"},"south":{"uv":[5.25,9.125,5.0,9.625],"tintindex":0,"rotation":0,"texture":"#0"},"north":{"uv":[4.875,9.125,4.625,9.625],"tintindex":0,"rotation":0,"texture":"#0"},"west":{"uv":[3.625,6.5,3.125,7.0],"tintindex":0,"rotation":0,"texture":"#0"},"up":{"uv":[9.125,7.25,9.375,6.75],"tintindex":0,"rotation":0,"texture":"#0"},"down":{"uv":[9.125,7.375,9.375,7.875],"tintindex":0,"rotation":0,"texture":"#0"}},"rotation":{"origin":[5.745049,7.5785284,7.787686],"angle":-22.5,"axis":"x"}},{"from":[7.525049,6.2750697,4.8122926],"to":[9.505049,9.25507,6.792292],"faces":{"east":{"uv":[3.25,10.25,3.0,10.625],"tintindex":0,"rotation":0,"texture":"#0"},"south":{"uv":[10.5,2.5,10.25,2.875],"tintindex":0,"rotation":0,"texture":"#0"},"north":{"uv":[10.125,10.125,9.875,10.5],"tintindex":0,"rotation":0,"texture":"#0"},"west":{"uv":[1.5,10.25,1.25,10.625],"tintindex":0,"rotation":0,"texture":"#0"},"up":{"uv":[2.625,11.25,2.875,11.0],"tintindex":0,"rotation":0,"texture":"#0"},"down":{"uv":[11.0,2.625,11.25,2.875],"tintindex":0,"rotation":0,"texture":"#0"}},"rotation":{"origin":[8.615049,7.7650695,5.5022926],"angle":-45.0,"axis":"x"}},{"from":[8.325049,7.677448,7.4787283],"to":[9.905049,10.257447,9.058728],"faces":{"east":{"uv":[5.125,10.25,4.875,10.625],"tintindex":0,"rotation":0,"texture":"#0"},"south":{"uv":[4.75,10.25,4.5,10.625],"tintindex":0,"rotation":0,"texture":"#0"},"north":{"uv":[4.0,10.25,3.75,10.625],"tintindex":0,"rotation":0,"texture":"#0"},"west":{"uv":[4.375,10.25,4.125,10.625],"tintindex":0,"rotation":0,"texture":"#0"},"up":{"uv":[11.0,3.25,11.25,3.0],"tintindex":0,"rotation":0,"texture":"#0"},"down":{"uv":[3.375,11.0,3.625,11.25],"tintindex":0,"rotation":0,"texture":"#0"}},"rotation":{"origin":[8.615049,8.867448,7.968728],"angle":-45.0,"axis":"z"}},{"from":[8.215049,8.367448,6.0301075],"to":[9.815049,10.967448,7.6301074],"faces":{"east":{"uv":[10.375,8.5,10.125,8.875],"tintindex":0,"rotation":0,"texture":"#0"},"south":{"uv":[2.875,10.125,2.625,10.5],"tintindex":0,"rotation":0,"texture":"#0"},"north":{"uv":[6.875,10.0,6.625,10.375],"tintindex":0,"rotation":0,"texture":"#0"},"west":{"uv":[0.25,10.125,0.0,10.5],"tintindex":0,"rotation":0,"texture":"#0"},"up":{"uv":[11.0,1.75,11.25,1.5],"tintindex":0,"rotation":0,"texture":"#0"},"down":{"uv":[11.0,2.25,11.25,2.5],"tintindex":0,"rotation":0,"texture":"#0"}},"rotation":{"origin":[8.515049,9.467447,6.7301073],"angle":-22.5,"axis":"z"}}],"display":{"gui":{"rotation":[30,225,0]}}}