{"textures":{"1":"modelengine:entity/shadow_sorcerer_shadows"},"elements":[{"from":[7.5,7.25,5.75],"to":[8.5,20.25,10.0],"faces":{"east":{"uv":[15.50625,5.25,16.0,6.875],"tintindex":0,"rotation":0,"texture":"#1"},"south":{"uv":[15.50625,5.25,15.63125,6.875],"tintindex":0,"rotation":0,"texture":"#1"},"north":{"uv":[15.50625,5.25,15.63125,6.875],"tintindex":0,"rotation":0,"texture":"#1"},"west":{"uv":[15.50625,5.25,16.0,6.875],"tintindex":0,"rotation":0,"texture":"#1"},"up":{"uv":[15.50625,5.25,15.63125,5.78125],"tintindex":0,"rotation":0,"texture":"#1"},"down":{"uv":[15.50625,5.25,15.63125,5.78125],"tintindex":0,"rotation":0,"texture":"#1"}}},{"from":[7.49,15.182388,-2.302389],"to":[8.51,18.202389,0.717612],"faces":{"east":{"uv":[15.50625,4.875,15.75625,5.125],"tintindex":0,"rotation":90,"texture":"#1"},"south":{"uv":[15.50625,4.875,15.63125,5.25],"tintindex":0,"rotation":0,"texture":"#1"},"north":{"uv":[15.50625,4.875,15.63125,5.25],"tintindex":0,"rotation":0,"texture":"#1"},"west":{"uv":[15.50625,4.875,15.75625,5.125],"tintindex":0,"rotation":0,"texture":"#1"},"up":{"uv":[15.50625,4.875,15.63125,5.25],"tintindex":0,"rotation":0,"texture":"#1"},"down":{"uv":[15.50625,4.875,15.63125,5.25],"tintindex":0,"rotation":0,"texture":"#1"}},"rotation":{"origin":[7.5,8.0,7.8999996],"angle":45.0,"axis":"x"}}],"display":{"gui":{"rotation":[30,225,0]}}}