{"textures":{"0":"modelengine:entity/toro_deep_creature"},"elements":[{"from":[-0.5,3.959118,-3.0307198],"to":[2.0,6.459118,4.9692802],"faces":{"east":{"uv":[7.8125,5.78125,8.3125,5.9375],"tintindex":0,"rotation":0,"texture":"#0"},"south":{"uv":[8.71875,5.65625,8.875,5.8125],"tintindex":0,"rotation":0,"texture":"#0"},"north":{"uv":[6.5,3.75,6.65625,3.90625],"tintindex":0,"rotation":0,"texture":"#0"},"west":{"uv":[7.96875,2.6875,8.46875,2.84375],"tintindex":0,"rotation":0,"texture":"#0"},"up":{"uv":[7.0625,8.375,6.90625,7.875],"tintindex":0,"rotation":0,"texture":"#0"},"down":{"uv":[2.5625,7.96875,2.40625,8.46875],"tintindex":0,"rotation":0,"texture":"#0"}},"rotation":{"origin":[0.75,5.209118,-0.53071976],"angle":-22.5,"axis":"y"}},{"from":[-0.57402515,-4.040884,3.7300997],"to":[1.9259748,-1.540884,7.8550997],"faces":{"east":{"uv":[6.25,1.5625,6.5,1.71875],"tintindex":0,"rotation":0,"texture":"#0"},"south":{"uv":[7.125,8.75,7.28125,8.90625],"tintindex":0,"rotation":0,"texture":"#0"},"north":{"uv":[8.75,5.8125,8.90625,5.96875],"tintindex":0,"rotation":0,"texture":"#0"},"west":{"uv":[6.25,3.75,6.5,3.90625],"tintindex":0,"rotation":0,"texture":"#0"},"up":{"uv":[5.875,3.5,5.71875,3.25],"tintindex":0,"rotation":0,"texture":"#0"},"down":{"uv":[2.34375,8.53125,2.1875,8.78125],"tintindex":0,"rotation":0,"texture":"#0"}},"rotation":{"origin":[0.17597485,-2.790884,3.8550997],"angle":-45.0,"axis":"x"}},{"from":[1.0,2.125,6.5],"to":[15.0,8.125,14.5],"faces":{"east":{"uv":[0.5625,3.3125,1.0625,3.6875],"tintindex":0,"rotation":0,"texture":"#0"},"south":{"uv":[4.875,0.0,5.75,0.375],"tintindex":0,"rotation":0,"texture":"#0"},"north":{"uv":[4.84375,3.125,5.71875,3.5],"tintindex":0,"rotation":0,"texture":"#0"},"west":{"uv":[6.5,5.8125,7.0,6.1875],"tintindex":0,"rotation":0,"texture":"#0"},"up":{"uv":[4.84375,3.59375,3.96875,3.09375],"tintindex":0,"rotation":0,"texture":"#0"},"down":{"uv":[4.875,0.0,4.0,0.5],"tintindex":0,"rotation":0,"texture":"#0"}},"rotation":{"origin":[7.0,1.5,7.5],"angle":-22.5,"axis":"x"}},{"from":[-0.5,-4.25,4.875],"to":[16.5,7.25,12.875],"faces":{"east":{"uv":[2.25,4.84375,2.75,5.5625],"tintindex":0,"rotation":0,"texture":"#0"},"south":{"uv":[0.0,2.59375,1.0625,3.3125],"tintindex":0,"rotation":0,"texture":"#0"},"north":{"uv":[2.5625,1.9375,3.625,2.65625],"tintindex":0,"rotation":0,"texture":"#0"},"west":{"uv":[2.75,4.84375,3.25,5.5625],"tintindex":0,"rotation":0,"texture":"#0"},"up":{"uv":[4.5,1.625,3.4375,1.125],"tintindex":0,"rotation":0,"texture":"#0"},"down":{"uv":[4.6875,1.625,3.625,2.125],"tintindex":0,"rotation":0,"texture":"#0"}},"rotation":{"origin":[7.0,1.5,7.5],"angle":22.5,"axis":"x"}},{"from":[13.5,0.45911598,-2.0307198],"to":[16.0,2.959116,5.9692802],"faces":{"east":{"uv":[8.0,0.15625,8.5,0.3125],"tintindex":0,"rotation":0,"texture":"#0"},"south":{"uv":[4.375,8.75,4.53125,8.90625],"tintindex":0,"rotation":0,"texture":"#0"},"north":{"uv":[8.75,2.375,8.90625,2.53125],"tintindex":0,"rotation":0,"texture":"#0"},"west":{"uv":[8.0,1.625,8.5,1.78125],"tintindex":0,"rotation":0,"texture":"#0"},"up":{"uv":[1.09375,8.5,0.9375,8.0],"tintindex":0,"rotation":0,"texture":"#0"},"down":{"uv":[2.0625,8.0,1.90625,8.5],"tintindex":0,"rotation":0,"texture":"#0"}},"rotation":{"origin":[15.25,5.209118,-0.53071976],"angle":22.5,"axis":"y"}},{"from":[0.0,1.25,3.25],"to":[16.0,8.75,11.25],"faces":{"east":{"uv":[2.5,5.9375,3.0,6.40625],"tintindex":0,"rotation":0,"texture":"#0"},"south":{"uv":[3.96875,2.625,4.96875,3.09375],"tintindex":0,"rotation":0,"texture":"#0"},"north":{"uv":[3.4375,3.78125,4.4375,4.25],"tintindex":0,"rotation":0,"texture":"#0"},"west":{"uv":[0.875,5.96875,1.375,6.4375],"tintindex":0,"rotation":0,"texture":"#0"},"up":{"uv":[4.625,2.625,3.625,2.125],"tintindex":0,"rotation":0,"texture":"#0"},"down":{"uv":[3.4375,3.78125,2.4375,4.28125],"tintindex":0,"rotation":0,"texture":"#0"}},"rotation":{"origin":[7.0,1.5,7.5],"angle":-22.5,"axis":"x"}},{"from":[14.074025,-4.040884,3.7300997],"to":[16.574024,-1.540884,7.8550997],"faces":{"east":{"uv":[8.53125,3.3125,8.78125,3.46875],"tintindex":0,"rotation":0,"texture":"#0"},"south":{"uv":[2.5625,8.78125,2.71875,8.9375],"tintindex":0,"rotation":0,"texture":"#0"},"north":{"uv":[2.15625,8.78125,2.3125,8.9375],"tintindex":0,"rotation":0,"texture":"#0"},"west":{"uv":[8.53125,3.46875,8.78125,3.625],"tintindex":0,"rotation":0,"texture":"#0"},"up":{"uv":[8.6875,3.875,8.53125,3.625],"tintindex":0,"rotation":0,"texture":"#0"},"down":{"uv":[8.6875,4.28125,8.53125,4.53125],"tintindex":0,"rotation":0,"texture":"#0"}},"rotation":{"origin":[15.824025,-2.790884,3.8550997],"angle":-45.0,"axis":"x"}},{"from":[0.050974846,-3.665884,0.35509968],"to":[2.5509748,-1.165884,4.4800997],"faces":{"east":{"uv":[8.5,1.78125,8.75,1.9375],"tintindex":0,"rotation":0,"texture":"#0"},"south":{"uv":[8.0625,8.75,8.21875,8.90625],"tintindex":0,"rotation":0,"texture":"#0"},"north":{"uv":[8.75,7.375,8.90625,7.53125],"tintindex":0,"rotation":0,"texture":"#0"},"west":{"uv":[8.5,2.40625,8.75,2.5625],"tintindex":0,"rotation":0,"texture":"#0"},"up":{"uv":[2.71875,8.78125,2.5625,8.53125],"tintindex":0,"rotation":0,"texture":"#0"},"down":{"uv":[8.6875,3.0625,8.53125,3.3125],"tintindex":0,"rotation":0,"texture":"#0"}},"rotation":{"origin":[0.17597485,-2.790884,3.8550997],"angle":-45.0,"axis":"y"}},{"from":[13.449025,-3.665884,0.35509968],"to":[15.949025,-1.165884,4.4800997],"faces":{"east":{"uv":[8.53125,4.53125,8.78125,4.6875],"tintindex":0,"rotation":0,"texture":"#0"},"south":{"uv":[8.78125,3.46875,8.9375,3.625],"tintindex":0,"rotation":0,"texture":"#0"},"north":{"uv":[8.78125,3.3125,8.9375,3.46875],"tintindex":0,"rotation":0,"texture":"#0"},"west":{"uv":[8.53125,4.6875,8.78125,4.84375],"tintindex":0,"rotation":0,"texture":"#0"},"up":{"uv":[8.6875,6.40625,8.53125,6.15625],"tintindex":0,"rotation":0,"texture":"#0"},"down":{"uv":[6.71875,8.53125,6.5625,8.78125],"tintindex":0,"rotation":0,"texture":"#0"}},"rotation":{"origin":[15.824025,-2.790884,3.8550997],"angle":45.0,"axis":"y"}},{"from":[0.0,0.45911598,-2.0307198],"to":[2.5,2.959116,5.9692802],"faces":{"east":{"uv":[7.96875,6.875,8.46875,7.03125],"tintindex":0,"rotation":0,"texture":"#0"},"south":{"uv":[8.75,1.1875,8.90625,1.34375],"tintindex":0,"rotation":0,"texture":"#0"},"north":{"uv":[8.71875,6.5,8.875,6.65625],"tintindex":0,"rotation":0,"texture":"#0"},"west":{"uv":[8.0,0.0,8.5,0.15625],"tintindex":0,"rotation":0,"texture":"#0"},"up":{"uv":[4.40625,8.46875,4.25,7.96875],"tintindex":0,"rotation":0,"texture":"#0"},"down":{"uv":[0.9375,8.0,0.78125,8.5],"tintindex":0,"rotation":0,"texture":"#0"}},"rotation":{"origin":[0.75,5.209118,-0.53071976],"angle":-22.5,"axis":"y"}},{"from":[14.0,3.959118,-3.0307198],"to":[16.5,6.459118,4.9692802],"faces":{"east":{"uv":[8.0,1.78125,8.5,1.9375],"tintindex":0,"rotation":0,"texture":"#0"},"south":{"uv":[8.78125,1.34375,8.9375,1.5],"tintindex":0,"rotation":0,"texture":"#0"},"north":{"uv":[8.78125,0.53125,8.9375,0.6875],"tintindex":0,"rotation":0,"texture":"#0"},"west":{"uv":[8.0,4.90625,8.5,5.0625],"tintindex":0,"rotation":0,"texture":"#0"},"up":{"uv":[2.21875,8.5,2.0625,8.0],"tintindex":0,"rotation":0,"texture":"#0"},"down":{"uv":[5.59375,8.0,5.4375,8.5],"tintindex":0,"rotation":0,"texture":"#0"}},"rotation":{"origin":[15.25,5.209118,-0.53071976],"angle":22.5,"axis":"y"}}],"display":{"gui":{"rotation":[30,225,0]}}}