{"textures":{"0":"modelengine:entity/toro_deep_creature"},"elements":[{"from":[10.921776,-14.539194,6.3914185],"to":[16.421776,-5.289194,10.391418],"faces":{"east":{"uv":[8.625,7.375,8.75,7.65625],"tintindex":0,"rotation":0,"texture":"#0"},"south":{"uv":[8.34375,7.125,8.53125,7.40625],"tintindex":0,"rotation":0,"texture":"#0"},"north":{"uv":[8.34375,6.21875,8.53125,6.5],"tintindex":0,"rotation":0,"texture":"#0"},"west":{"uv":[7.8125,8.625,7.9375,8.90625],"tintindex":0,"rotation":0,"texture":"#0"},"up":{"uv":[6.34375,6.75,6.15625,6.625],"tintindex":0,"rotation":0,"texture":"#0"},"down":{"uv":[7.1875,2.8125,7.0,2.9375],"tintindex":0,"rotation":0,"texture":"#0"}},"rotation":{"origin":[16.01432,-4.1921186,8.391418],"angle":-22.5,"axis":"z"}},{"from":[10.402229,-5.832762,5.8914185],"to":[16.40223,3.1672373,10.891418],"faces":{"east":{"uv":[4.75,8.5,4.90625,8.78125],"tintindex":0,"rotation":0,"texture":"#0"},"south":{"uv":[8.34375,4.59375,8.53125,4.875],"tintindex":0,"rotation":0,"texture":"#0"},"north":{"uv":[3.4375,8.34375,3.625,8.625],"tintindex":0,"rotation":0,"texture":"#0"},"west":{"uv":[8.5,4.875,8.65625,5.15625],"tintindex":0,"rotation":0,"texture":"#0"},"up":{"uv":[8.875,6.5,8.6875,6.34375],"tintindex":0,"rotation":0,"texture":"#0"},"down":{"uv":[8.875,6.6875,8.6875,6.84375],"tintindex":0,"rotation":0,"texture":"#0"}}},{"from":[5.6085815,-2.75,4.8914185],"to":[17.608582,4.25,11.891418],"faces":{"east":{"uv":[8.5,0.0,8.71875,0.21875],"tintindex":0,"rotation":0,"texture":"#0"},"south":{"uv":[7.9375,7.78125,8.3125,8.0],"tintindex":0,"rotation":0,"texture":"#0"},"north":{"uv":[7.9375,7.5625,8.3125,7.78125],"tintindex":0,"rotation":0,"texture":"#0"},"west":{"uv":[0.75,8.5,0.96875,8.71875],"tintindex":0,"rotation":0,"texture":"#0"},"up":{"uv":[8.34375,2.6875,7.96875,2.46875],"tintindex":0,"rotation":0,"texture":"#0"},"down":{"uv":[8.34375,6.375,7.96875,6.59375],"tintindex":0,"rotation":0,"texture":"#0"}},"rotation":{"origin":[16.01432,4.8078814,8.391418],"angle":-45.0,"axis":"z"}}],"display":{"gui":{"rotation":[30,225,0]}}}