{"textures":{"0":"modelengine:entity/toro_deep_creature"},"elements":[{"from":[7.8617144,-8.962297,4.75],"to":[13.361713,6.5377045,10.75],"faces":{"east":{"uv":[4.6875,1.59375,5.0625,2.5625],"tintindex":0,"rotation":0,"texture":"#0"},"south":{"uv":[5.0625,1.59375,5.40625,2.5625],"tintindex":0,"rotation":0,"texture":"#0"},"north":{"uv":[4.75,5.03125,5.09375,6.0],"tintindex":0,"rotation":0,"texture":"#0"},"west":{"uv":[4.75,4.0625,5.125,5.03125],"tintindex":0,"rotation":0,"texture":"#0"},"up":{"uv":[7.6875,4.90625,7.34375,4.53125],"tintindex":0,"rotation":0,"texture":"#0"},"down":{"uv":[7.6875,7.1875,7.34375,7.5625],"tintindex":0,"rotation":0,"texture":"#0"}}},{"from":[12.361713,-9.462297,6.25],"to":[13.861713,-5.4622955,7.75],"faces":{"east":{"uv":[8.8125,5.96875,8.90625,6.21875],"tintindex":0,"rotation":0,"texture":"#0"},"south":{"uv":[0.9375,8.84375,1.03125,9.09375],"tintindex":0,"rotation":0,"texture":"#0"},"north":{"uv":[8.8125,4.25,8.90625,4.5],"tintindex":0,"rotation":0,"texture":"#0"},"west":{"uv":[5.25,8.84375,5.34375,9.09375],"tintindex":0,"rotation":0,"texture":"#0"},"up":{"uv":[7.65625,7.96875,7.5625,7.875],"tintindex":0,"rotation":0,"texture":"#0"},"down":{"uv":[8.0,3.96875,7.90625,4.0625],"tintindex":0,"rotation":0,"texture":"#0"}}},{"from":[5.0,3.0,3.75],"to":[12.0,10.5,11.75],"faces":{"east":{"uv":[6.0625,0.375,6.5625,0.84375],"tintindex":0,"rotation":0,"texture":"#0"},"south":{"uv":[4.1875,6.53125,4.625,7.0],"tintindex":0,"rotation":0,"texture":"#0"},"north":{"uv":[1.21875,6.53125,1.65625,7.0],"tintindex":0,"rotation":0,"texture":"#0"},"west":{"uv":[6.15625,2.4375,6.65625,2.90625],"tintindex":0,"rotation":0,"texture":"#0"},"up":{"uv":[6.75,4.84375,6.3125,4.34375],"tintindex":0,"rotation":0,"texture":"#0"},"down":{"uv":[6.78125,4.84375,6.34375,5.34375],"tintindex":0,"rotation":0,"texture":"#0"}},"rotation":{"origin":[10.5,7.75,6.5],"angle":-22.5,"axis":"z"}},{"from":[11.111713,-0.33729553,6.25],"to":[17.111713,3.6627045,9.25],"faces":{"east":{"uv":[8.5,2.15625,8.6875,2.40625],"tintindex":0,"rotation":0,"texture":"#0"},"south":{"uv":[7.8125,5.53125,8.1875,5.78125],"tintindex":0,"rotation":0,"texture":"#0"},"north":{"uv":[5.0625,7.8125,5.4375,8.0625],"tintindex":0,"rotation":0,"texture":"#0"},"west":{"uv":[4.40625,8.5,4.59375,8.75],"tintindex":0,"rotation":0,"texture":"#0"},"up":{"uv":[8.40625,4.15625,8.03125,3.96875],"tintindex":0,"rotation":0,"texture":"#0"},"down":{"uv":[8.40625,4.15625,8.03125,4.34375],"tintindex":0,"rotation":0,"texture":"#0"}},"rotation":{"origin":[15.111713,3.0377045,7.75],"angle":22.5,"axis":"z"}},{"from":[7.3617144,-9.462297,9.25],"to":[9.361714,-5.9622955,11.25],"faces":{"east":{"uv":[4.25,8.71875,4.375,8.9375],"tintindex":0,"rotation":0,"texture":"#0"},"south":{"uv":[5.125,8.71875,5.25,8.9375],"tintindex":0,"rotation":0,"texture":"#0"},"north":{"uv":[4.125,8.71875,4.25,8.9375],"tintindex":0,"rotation":0,"texture":"#0"},"west":{"uv":[6.125,8.71875,6.25,8.9375],"tintindex":0,"rotation":0,"texture":"#0"},"up":{"uv":[8.9375,6.34375,8.8125,6.21875],"tintindex":0,"rotation":0,"texture":"#0"},"down":{"uv":[8.96875,7.09375,8.84375,7.21875],"tintindex":0,"rotation":0,"texture":"#0"}}},{"from":[6.3617144,-4.4622955,4.25],"to":[11.861713,4.5377045,10.25],"faces":{"east":{"uv":[4.96875,6.40625,5.34375,6.96875],"tintindex":0,"rotation":0,"texture":"#0"},"south":{"uv":[6.65625,2.375,7.0,2.9375],"tintindex":0,"rotation":0,"texture":"#0"},"north":{"uv":[5.8125,6.625,6.15625,7.1875],"tintindex":0,"rotation":0,"texture":"#0"},"west":{"uv":[0.84375,6.4375,1.21875,7.0],"tintindex":0,"rotation":0,"texture":"#0"},"up":{"uv":[7.71875,1.71875,7.375,1.34375],"tintindex":0,"rotation":0,"texture":"#0"},"down":{"uv":[7.71875,1.71875,7.375,2.09375],"tintindex":0,"rotation":0,"texture":"#0"}}},{"from":[7.3617144,-9.462297,4.25],"to":[9.361714,-5.4622955,6.75],"faces":{"east":{"uv":[3.21875,8.5625,3.375,8.8125],"tintindex":0,"rotation":0,"texture":"#0"},"south":{"uv":[8.59375,8.65625,8.71875,8.90625],"tintindex":0,"rotation":0,"texture":"#0"},"north":{"uv":[8.46875,8.65625,8.59375,8.90625],"tintindex":0,"rotation":0,"texture":"#0"},"west":{"uv":[8.5625,3.875,8.71875,4.125],"tintindex":0,"rotation":0,"texture":"#0"},"up":{"uv":[9.0,0.53125,8.875,0.375],"tintindex":0,"rotation":0,"texture":"#0"},"down":{"uv":[0.53125,8.875,0.40625,9.03125],"tintindex":0,"rotation":0,"texture":"#0"}}},{"from":[7.9867144,-0.46229553,6.25],"to":[11.986713,9.037704,9.25],"faces":{"east":{"uv":[3.5,7.5,3.6875,8.09375],"tintindex":0,"rotation":0,"texture":"#0"},"south":{"uv":[7.0,4.09375,7.25,4.6875],"tintindex":0,"rotation":0,"texture":"#0"},"north":{"uv":[4.0,7.0,4.25,7.59375],"tintindex":0,"rotation":0,"texture":"#0"},"west":{"uv":[3.6875,7.5,3.875,8.09375],"tintindex":0,"rotation":0,"texture":"#0"},"up":{"uv":[8.3125,4.78125,8.0625,4.59375],"tintindex":0,"rotation":0,"texture":"#0"},"down":{"uv":[8.625,5.46875,8.375,5.65625],"tintindex":0,"rotation":0,"texture":"#0"}},"rotation":{"origin":[15.111713,3.0377045,7.75],"angle":-45.0,"axis":"z"}},{"from":[11.861713,-9.462297,9.25],"to":[13.861713,-2.9622955,11.25],"faces":{"east":{"uv":[8.1875,8.34375,8.3125,8.75],"tintindex":0,"rotation":0,"texture":"#0"},"south":{"uv":[8.375,2.15625,8.5,2.5625],"tintindex":0,"rotation":0,"texture":"#0"},"north":{"uv":[8.34375,8.125,8.46875,8.53125],"tintindex":0,"rotation":0,"texture":"#0"},"west":{"uv":[8.375,5.0625,8.5,5.46875],"tintindex":0,"rotation":0,"texture":"#0"},"up":{"uv":[8.46875,2.6875,8.34375,2.5625],"tintindex":0,"rotation":0,"texture":"#0"},"down":{"uv":[8.53125,3.625,8.40625,3.75],"tintindex":0,"rotation":0,"texture":"#0"}}},{"from":[10.861713,-9.462297,4.25],"to":[12.361713,-6.9622955,5.75],"faces":{"east":{"uv":[7.0,8.875,7.09375,9.03125],"tintindex":0,"rotation":0,"texture":"#0"},"south":{"uv":[8.875,7.21875,8.96875,7.375],"tintindex":0,"rotation":0,"texture":"#0"},"north":{"uv":[6.90625,8.875,7.0,9.03125],"tintindex":0,"rotation":0,"texture":"#0"},"west":{"uv":[7.46875,8.875,7.5625,9.03125],"tintindex":0,"rotation":0,"texture":"#0"},"up":{"uv":[7.78125,5.625,7.6875,5.53125],"tintindex":0,"rotation":0,"texture":"#0"},"down":{"uv":[4.5625,7.75,4.46875,7.84375],"tintindex":0,"rotation":0,"texture":"#0"}}}],"display":{"gui":{"rotation":[30,225,0]}}}