{"textures":{"0":"modelengine:entity/toro_deep_creature"},"elements":[{"from":[9.701115,0.33361912,6.945709],"to":[13.201115,4.8336186,9.445709],"faces":{"east":{"uv":[8.5,5.15625,8.65625,5.4375],"tintindex":0,"rotation":0,"texture":"#0"},"south":{"uv":[8.15625,5.9375,8.375,6.21875],"tintindex":0,"rotation":0,"texture":"#0"},"north":{"uv":[5.78125,8.15625,6.0,8.4375],"tintindex":0,"rotation":0,"texture":"#0"},"west":{"uv":[5.375,8.5,5.53125,8.78125],"tintindex":0,"rotation":0,"texture":"#0"},"up":{"uv":[8.875,0.375,8.65625,0.21875],"tintindex":0,"rotation":0,"texture":"#0"},"down":{"uv":[8.875,0.375,8.65625,0.53125],"tintindex":0,"rotation":0,"texture":"#0"}}},{"from":[6.804291,3.125,6.445709],"to":[14.304291,6.625,9.945709],"faces":{"east":{"uv":[8.5,1.5625,8.71875,1.78125],"tintindex":0,"rotation":0,"texture":"#0"},"south":{"uv":[7.6875,6.15625,8.15625,6.375],"tintindex":0,"rotation":0,"texture":"#0"},"north":{"uv":[7.6875,5.9375,8.15625,6.15625],"tintindex":0,"rotation":0,"texture":"#0"},"west":{"uv":[1.78125,8.5,2.0,8.71875],"tintindex":0,"rotation":0,"texture":"#0"},"up":{"uv":[8.15625,7.34375,7.6875,7.125],"tintindex":0,"rotation":0,"texture":"#0"},"down":{"uv":[8.15625,7.34375,7.6875,7.5625],"tintindex":0,"rotation":0,"texture":"#0"}},"rotation":{"origin":[12.00716,6.903941,8.195709],"angle":-45.0,"axis":"z"}},{"from":[10.835888,-4.769597,7.195709],"to":[13.585888,0.85540295,9.195709],"faces":{"east":{"uv":[8.5,7.40625,8.625,7.75],"tintindex":0,"rotation":0,"texture":"#0"},"south":{"uv":[8.0625,0.3125,8.25,0.65625],"tintindex":0,"rotation":0,"texture":"#0"},"north":{"uv":[0.25,8.0625,0.4375,8.40625],"tintindex":0,"rotation":0,"texture":"#0"},"west":{"uv":[8.53125,0.53125,8.65625,0.875],"tintindex":0,"rotation":0,"texture":"#0"},"up":{"uv":[8.6875,6.8125,8.5,6.6875],"tintindex":0,"rotation":0,"texture":"#0"},"down":{"uv":[8.9375,7.53125,8.75,7.65625],"tintindex":0,"rotation":0,"texture":"#0"}},"rotation":{"origin":[12.00716,2.4039407,8.195709],"angle":-22.5,"axis":"z"}}],"display":{"gui":{"rotation":[30,225,0]}}}