{"textures":{"0":"modelengine:entity/mico"},"elements":[{"from":[6.5,6.3124967,5.0000315],"to":[9.5,8.312496,9.0000305],"faces":{"east":{"uv":[7.625,5.125,8.125,5.375],"tintindex":0,"rotation":0,"texture":"#0"},"south":{"uv":[7.875,4.5,8.25,4.75],"tintindex":0,"rotation":0,"texture":"#0"},"north":{"uv":[7.875,4.25,8.25,4.5],"tintindex":0,"rotation":0,"texture":"#0"},"west":{"uv":[7.625,5.375,8.125,5.625],"tintindex":0,"rotation":0,"texture":"#0"},"up":{"uv":[7.625,3.375,7.25,2.875],"tintindex":0,"rotation":0,"texture":"#0"},"down":{"uv":[7.625,3.375,7.25,3.875],"tintindex":0,"rotation":0,"texture":"#0"}}},{"from":[6.0,6.3124967,4.0000315],"to":[7.1,8.812496,6.0000315],"faces":{"east":{"uv":[2.875,8.125,3.125,8.4375],"tintindex":0,"rotation":0,"texture":"#0"},"south":{"uv":[1.5,8.625,1.640625,8.9375],"tintindex":0,"rotation":0,"texture":"#0"},"north":{"uv":[8.625,1.375,8.765625,1.6875],"tintindex":0,"rotation":0,"texture":"#0"},"west":{"uv":[3.125,8.125,3.375,8.4375],"tintindex":0,"rotation":0,"texture":"#0"},"up":{"uv":[5.015625,8.875,4.875,8.625],"tintindex":0,"rotation":0,"texture":"#0"},"down":{"uv":[5.265625,8.625,5.125,8.875],"tintindex":0,"rotation":0,"texture":"#0"}}},{"from":[7.4,6.3124967,4.0000315],"to":[8.6,8.812496,6.0000315],"faces":{"east":{"uv":[3.375,8.125,3.625,8.4375],"tintindex":0,"rotation":0,"texture":"#0"},"south":{"uv":[8.375,6.375,8.53125,6.6875],"tintindex":0,"rotation":0,"texture":"#0"},"north":{"uv":[6.125,8.375,6.28125,8.6875],"tintindex":0,"rotation":0,"texture":"#0"},"west":{"uv":[8.125,3.625,8.375,3.9375],"tintindex":0,"rotation":0,"texture":"#0"},"up":{"uv":[2.65625,8.875,2.5,8.625],"tintindex":0,"rotation":0,"texture":"#0"},"down":{"uv":[8.78125,3.375,8.625,3.625],"tintindex":0,"rotation":0,"texture":"#0"}}},{"from":[8.9,6.3124967,4.0000315],"to":[10.0,8.812496,6.0000315],"faces":{"east":{"uv":[4.375,8.125,4.625,8.4375],"tintindex":0,"rotation":0,"texture":"#0"},"south":{"uv":[8.625,1.75,8.765625,2.0625],"tintindex":0,"rotation":0,"texture":"#0"},"north":{"uv":[1.75,8.625,1.890625,8.9375],"tintindex":0,"rotation":0,"texture":"#0"},"west":{"uv":[4.625,8.125,4.875,8.4375],"tintindex":0,"rotation":0,"texture":"#0"},"up":{"uv":[5.515625,8.875,5.375,8.625],"tintindex":0,"rotation":0,"texture":"#0"},"down":{"uv":[8.765625,5.625,8.625,5.875],"tintindex":0,"rotation":0,"texture":"#0"}}}],"display":{"gui":{"rotation":[30,225,0]}}}