{"textures":{"0":"modelengine:entity/mico"},"elements":[{"from":[8.016204,6.4762726,7.25],"to":[10.016204,8.726273,8.75],"faces":{"east":{"uv":[5.625,8.375,5.8125,8.65625],"tintindex":0,"rotation":0,"texture":"#0"},"south":{"uv":[8.125,6.5,8.375,6.78125],"tintindex":0,"rotation":0,"texture":"#0"},"north":{"uv":[6.375,8.125,6.625,8.40625],"tintindex":0,"rotation":0,"texture":"#0"},"west":{"uv":[8.375,5.625,8.5625,5.90625],"tintindex":0,"rotation":0,"texture":"#0"},"up":{"uv":[3.125,8.6875,2.875,8.5],"tintindex":0,"rotation":0,"texture":"#0"},"down":{"uv":[3.375,8.5,3.125,8.6875],"tintindex":0,"rotation":0,"texture":"#0"}},"rotation":{"origin":[8.266204,8.476273,8.0],"angle":22.5,"axis":"z"}},{"from":[11.016204,7.4762726,7.75],"to":[14.016204,8.576273,8.25],"faces":{"east":{"uv":[9.125,6.5,9.1875,6.640625],"tintindex":0,"rotation":0,"texture":"#0"},"south":{"uv":[5.25,8.375,5.625,8.515625],"tintindex":0,"rotation":0,"texture":"#0"},"north":{"uv":[4.875,8.375,5.25,8.515625],"tintindex":0,"rotation":0,"texture":"#0"},"west":{"uv":[9.125,6.75,9.1875,6.890625],"tintindex":0,"rotation":0,"texture":"#0"},"up":{"uv":[9.25,0.9375,8.875,0.875],"tintindex":0,"rotation":0,"texture":"#0"},"down":{"uv":[9.25,1.0,8.875,1.0625],"tintindex":0,"rotation":0,"texture":"#0"}},"rotation":{"origin":[8.266204,8.476273,8.0],"angle":22.5,"axis":"z"}},{"from":[9.016204,6.9762726,7.5],"to":[12.016204,8.676273,8.5],"faces":{"east":{"uv":[0.25,8.75,0.375,8.96875],"tintindex":0,"rotation":0,"texture":"#0"},"south":{"uv":[8.0,3.125,8.375,3.34375],"tintindex":0,"rotation":0,"texture":"#0"},"north":{"uv":[2.25,8.0,2.625,8.21875],"tintindex":0,"rotation":0,"texture":"#0"},"west":{"uv":[8.75,0.25,8.875,0.46875],"tintindex":0,"rotation":0,"texture":"#0"},"up":{"uv":[8.25,8.5,7.875,8.375],"tintindex":0,"rotation":0,"texture":"#0"},"down":{"uv":[8.625,8.375,8.25,8.5],"tintindex":0,"rotation":0,"texture":"#0"}},"rotation":{"origin":[8.266204,8.476273,8.0],"angle":22.5,"axis":"z"}},{"from":[13.016204,7.9762726,7.950001],"to":[16.016205,8.476273,8.049999],"faces":{"east":{"uv":[9.25,3.625,9.265625,3.6875],"tintindex":0,"rotation":0,"texture":"#0"},"south":{"uv":[8.875,0.75,9.25,0.8125],"tintindex":0,"rotation":0,"texture":"#0"},"north":{"uv":[8.875,0.375,9.25,0.4375],"tintindex":0,"rotation":0,"texture":"#0"},"west":{"uv":[3.75,9.25,3.765625,9.3125],"tintindex":0,"rotation":0,"texture":"#0"},"up":{"uv":[9.625,0.265625,9.25,0.25],"tintindex":0,"rotation":0,"texture":"#0"},"down":{"uv":[9.625,0.375,9.25,0.390625],"tintindex":0,"rotation":0,"texture":"#0"}},"rotation":{"origin":[8.266204,8.476273,8.0],"angle":22.5,"axis":"z"}},{"from":[8.016204,3.4762726,8.0],"to":[18.016205,8.476273,8.0],"faces":{"south":{"uv":[3.5,1.25,4.75,1.875],"tintindex":0,"rotation":0,"texture":"#0"},"north":{"uv":[3.5,0.625,4.75,1.25],"tintindex":0,"rotation":0,"texture":"#0"}},"rotation":{"origin":[8.266204,8.476273,8.0],"angle":22.5,"axis":"z"}}],"display":{"gui":{"rotation":[30,225,0]}}}