{"textures":{"0":"modelengine:entity/nocsy_drakonin_baby6"},"elements":[{"from":[8.350847,6.022625,8.575371],"to":[10.350847,8.022625,12.575371],"faces":{"east":{"uv":[9.375,5.125,9.875,5.375],"tintindex":0,"rotation":0,"texture":"#0"},"south":{"uv":[3.875,10.25,4.125,10.5],"tintindex":0,"rotation":0,"texture":"#0"},"north":{"uv":[10.25,3.5,10.5,3.75],"tintindex":0,"rotation":0,"texture":"#0"},"west":{"uv":[9.375,5.875,9.875,6.125],"tintindex":0,"rotation":0,"texture":"#0"},"up":{"uv":[9.75,2.375,9.5,1.875],"tintindex":0,"rotation":0,"texture":"#0"},"down":{"uv":[9.75,6.25,9.5,6.75],"tintindex":0,"rotation":0,"texture":"#0"}},"rotation":{"origin":[11.060997,6.49909,10.596201],"angle":-22.5,"axis":"z"}},{"from":[8.6794815,7.8822937,11.529663],"to":[11.479482,7.8822937,15.529663],"faces":{"up":{"uv":[5.625,8.625,5.25,8.125],"tintindex":0,"rotation":0,"texture":"#0"},"down":{"uv":[7.125,8.125,6.75,8.625],"tintindex":0,"rotation":0,"texture":"#0"}},"rotation":{"origin":[10.109238,8.59577,13.709418],"angle":-22.5,"axis":"x"}},{"from":[7.9453416,6.37344,7.065115],"to":[9.945341,8.37344,11.065115],"faces":{"east":{"uv":[9.375,4.75,9.875,5.0],"tintindex":0,"rotation":0,"texture":"#0"},"south":{"uv":[3.5,10.25,3.75,10.5],"tintindex":0,"rotation":0,"texture":"#0"},"north":{"uv":[3.125,10.25,3.375,10.5],"tintindex":0,"rotation":0,"texture":"#0"},"west":{"uv":[5.125,9.375,5.625,9.625],"tintindex":0,"rotation":0,"texture":"#0"},"up":{"uv":[8.375,9.625,8.125,9.125],"tintindex":0,"rotation":0,"texture":"#0"},"down":{"uv":[6.0,9.375,5.75,9.875],"tintindex":0,"rotation":0,"texture":"#0"}}},{"from":[10.138993,6.559244,11.689175],"to":[10.138993,9.259245,15.689175],"faces":{"east":{"uv":[2.0,8.125,2.5,8.5],"tintindex":0,"rotation":0,"texture":"#0"},"west":{"uv":[4.625,8.125,5.125,8.5],"tintindex":0,"rotation":0,"texture":"#0"}},"rotation":{"origin":[10.109238,8.59577,13.709418],"angle":-22.5,"axis":"x"}}],"display":{"gui":{"rotation":[30,225,0]}}}