{"textures":{"0":"modelengine:entity/nocsy_drakonin_baby6"},"elements":[{"from":[5.6491528,6.022625,8.575371],"to":[7.6491528,8.022625,12.575371],"faces":{"east":{"uv":[9.5,6.875,10.0,7.125],"tintindex":0,"rotation":0,"texture":"#0"},"south":{"uv":[6.5,10.25,6.75,10.5],"tintindex":0,"rotation":0,"texture":"#0"},"north":{"uv":[6.125,10.25,6.375,10.5],"tintindex":0,"rotation":0,"texture":"#0"},"west":{"uv":[9.5,8.75,10.0,9.0],"tintindex":0,"rotation":0,"texture":"#0"},"up":{"uv":[9.125,10.0,8.875,9.5],"tintindex":0,"rotation":0,"texture":"#0"},"down":{"uv":[9.75,9.125,9.5,9.625],"tintindex":0,"rotation":0,"texture":"#0"}},"rotation":{"origin":[4.9390025,6.49909,10.596201],"angle":22.5,"axis":"z"}},{"from":[4.5205183,7.8822937,11.529663],"to":[7.3205185,7.8822937,15.529663],"faces":{"up":{"uv":[8.625,7.75,8.25,7.25],"tintindex":0,"rotation":0,"texture":"#0"},"down":{"uv":[8.75,1.5,8.375,2.0],"tintindex":0,"rotation":0,"texture":"#0"}},"rotation":{"origin":[5.8907623,8.59577,13.709418],"angle":-22.5,"axis":"x"}},{"from":[5.8610067,6.559244,11.689175],"to":[5.8610067,9.259245,15.689175],"faces":{"east":{"uv":[7.25,8.125,7.75,8.5],"tintindex":0,"rotation":0,"texture":"#0"},"west":{"uv":[7.875,8.125,8.375,8.5],"tintindex":0,"rotation":0,"texture":"#0"}},"rotation":{"origin":[5.8907623,8.59577,13.709418],"angle":-22.5,"axis":"x"}},{"from":[6.0546584,6.37344,7.065115],"to":[8.054659,8.37344,11.065115],"faces":{"east":{"uv":[9.5,4.25,10.0,4.5],"tintindex":0,"rotation":0,"texture":"#0"},"south":{"uv":[4.625,10.25,4.875,10.5],"tintindex":0,"rotation":0,"texture":"#0"},"north":{"uv":[4.25,10.25,4.5,10.5],"tintindex":0,"rotation":0,"texture":"#0"},"west":{"uv":[6.875,9.5,7.375,9.75],"tintindex":0,"rotation":0,"texture":"#0"},"up":{"uv":[9.75,8.125,9.5,7.625],"tintindex":0,"rotation":0,"texture":"#0"},"down":{"uv":[8.75,9.5,8.5,10.0],"tintindex":0,"rotation":0,"texture":"#0"}}}],"display":{"gui":{"rotation":[30,225,0]}}}