{"textures":{"0":"modelengine:entity/nocsy_drakonin_baby6"},"elements":[{"from":[-0.8334824,7.3849,10.996571],"to":[0.36651763,8.5849,15.196571],"faces":{"east":{"uv":[10.125,7.0,10.625,7.125],"tintindex":0,"rotation":0,"texture":"#0"},"south":{"uv":[5.125,6.875,5.25,7.0],"tintindex":0,"rotation":0,"texture":"#0"},"north":{"uv":[6.75,6.0,6.875,6.125],"tintindex":0,"rotation":0,"texture":"#0"},"west":{"uv":[10.125,9.75,10.625,9.875],"tintindex":0,"rotation":0,"texture":"#0"},"up":{"uv":[1.25,10.75,1.125,10.25],"tintindex":0,"rotation":0,"texture":"#0"},"down":{"uv":[2.0,10.25,1.875,10.75],"tintindex":0,"rotation":0,"texture":"#0"}},"rotation":{"origin":[0.26651764,7.9849,9.996571],"angle":-22.5,"axis":"y"}},{"from":[-5.997448,7.8849,6.035283],"to":[8.002552,7.9849,25.035282],"faces":{"east":{"uv":[7.25,1.0,9.625,1.125],"tintindex":0,"rotation":0,"texture":"#0"},"south":{"uv":[7.625,6.5,9.375,6.625],"tintindex":0,"rotation":0,"texture":"#0"},"north":{"uv":[7.625,6.25,9.375,6.375],"tintindex":0,"rotation":0,"texture":"#0"},"west":{"uv":[7.25,1.25,9.625,1.375],"tintindex":0,"rotation":0,"texture":"#0"},"up":{"uv":[1.75,4.875,0.0,2.5],"tintindex":0,"rotation":0,"texture":"#0"},"down":{"uv":[3.625,2.5,1.875,4.875],"tintindex":0,"rotation":0,"texture":"#0"}}},{"from":[-1.4334824,7.2849,9.296571],"to":[3.9665177,8.684899,10.69657],"faces":{"east":{"uv":[0.75,10.25,1.0,10.5],"tintindex":0,"rotation":0,"texture":"#0"},"south":{"uv":[7.75,3.5,8.5,3.75],"tintindex":0,"rotation":0,"texture":"#0"},"north":{"uv":[7.75,3.125,8.5,3.375],"tintindex":0,"rotation":0,"texture":"#0"},"west":{"uv":[10.25,1.0,10.5,1.25],"tintindex":0,"rotation":0,"texture":"#0"},"up":{"uv":[8.5,4.125,7.75,3.875],"tintindex":0,"rotation":0,"texture":"#0"},"down":{"uv":[5.625,7.75,4.875,8.0],"tintindex":0,"rotation":0,"texture":"#0"}},"rotation":{"origin":[0.26651764,7.9849,9.996571],"angle":45.0,"axis":"y"}},{"from":[3.0525525,7.1849,5.235283],"to":[9.652553,8.7849,6.8352833],"faces":{"east":{"uv":[0.375,10.25,0.625,10.5],"tintindex":0,"rotation":0,"texture":"#0"},"south":{"uv":[2.875,7.625,3.75,7.875],"tintindex":0,"rotation":0,"texture":"#0"},"north":{"uv":[7.5,5.5,8.375,5.75],"tintindex":0,"rotation":0,"texture":"#0"},"west":{"uv":[10.25,0.375,10.5,0.625],"tintindex":0,"rotation":0,"texture":"#0"},"up":{"uv":[4.75,7.875,3.875,7.625],"tintindex":0,"rotation":0,"texture":"#0"},"down":{"uv":[8.5,5.875,7.625,6.125],"tintindex":0,"rotation":0,"texture":"#0"}},"rotation":{"origin":[6.8525524,7.9849,8.035283],"angle":22.5,"axis":"y"}}],"display":{"gui":{"rotation":[30,225,0]}}}