{"textures":{"0":"modelengine:entity/nocsy_drakonin_baby6"},"elements":[{"from":[6.4,8.26457,7.290993],"to":[9.6,12.524571,11.970993],"faces":{"east":{"uv":[0.0,7.125,0.5,7.625],"tintindex":0,"rotation":0,"texture":"#0"},"south":{"uv":[6.25,7.75,6.625,8.25],"tintindex":0,"rotation":0,"texture":"#0"},"north":{"uv":[5.75,7.75,6.125,8.25],"tintindex":0,"rotation":0,"texture":"#0"},"west":{"uv":[0.625,7.125,1.125,7.625],"tintindex":0,"rotation":0,"texture":"#0"},"up":{"uv":[8.25,2.0,7.875,1.5],"tintindex":0,"rotation":0,"texture":"#0"},"down":{"uv":[8.25,2.125,7.875,2.625],"tintindex":0,"rotation":0,"texture":"#0"}}},{"from":[10.06871,9.422516,7.8137283],"to":[10.06871,14.422516,14.813728],"faces":{"east":{"uv":[12.25,0.125,11.375,0.75],"tintindex":0,"rotation":0,"texture":"#0"},"west":{"uv":[11.375,0.125,12.25,0.75],"tintindex":0,"rotation":0,"texture":"#0"}},"rotation":{"origin":[10.268711,11.8225155,10.013728],"angle":45.0,"axis":"y"}},{"from":[6.51,10.685354,7.098831],"to":[9.49,14.665354,11.078831],"faces":{"east":{"uv":[1.25,7.125,1.75,7.625],"tintindex":0,"rotation":0,"texture":"#0"},"south":{"uv":[3.125,8.0,3.5,8.5],"tintindex":0,"rotation":0,"texture":"#0"},"north":{"uv":[2.625,8.0,3.0,8.5],"tintindex":0,"rotation":0,"texture":"#0"},"west":{"uv":[5.125,7.125,5.625,7.625],"tintindex":0,"rotation":0,"texture":"#0"},"up":{"uv":[4.0,8.5,3.625,8.0],"tintindex":0,"rotation":0,"texture":"#0"},"down":{"uv":[4.5,8.0,4.125,8.5],"tintindex":0,"rotation":0,"texture":"#0"}},"rotation":{"origin":[8.2442,12.937626,9.381488],"angle":-22.5,"axis":"x"}},{"from":[5.7284718,9.422516,7.974388],"to":[5.7284718,14.422516,14.974388],"faces":{"east":{"uv":[12.25,0.125,11.375,0.75],"tintindex":0,"rotation":0,"texture":"#0"},"west":{"uv":[11.375,0.125,12.25,0.75],"tintindex":0,"rotation":0,"texture":"#0"}},"rotation":{"origin":[4.9534717,11.922516,11.0743885],"angle":-22.5,"axis":"y"}}],"display":{"gui":{"rotation":[30,225,0]}}}