{"textures":{"0":"modelengine:entity/lizard_lava"},"elements":[{"from":[7.42253,1.255374,13.345071],"to":[7.42253,11.255373,22.34507],"faces":{"east":{"uv":[5.625,1.875,5.0625,2.5],"tintindex":0,"rotation":0,"texture":"#0"},"west":{"uv":[5.0625,1.875,5.625,2.5],"tintindex":0,"rotation":0,"texture":"#0"}},"rotation":{"origin":[7.42253,6.255374,17.84507],"angle":-22.5,"axis":"x"}},{"from":[5.42253,-2.0354958,5.8007526],"to":[12.42253,8.964504,13.800753],"faces":{"east":{"uv":[4.6875,5.375,5.1875,6.0625],"tintindex":0,"rotation":0,"texture":"#0"},"south":{"uv":[5.5,3.125,5.9375,3.8125],"tintindex":0,"rotation":0,"texture":"#0"},"north":{"uv":[5.5,3.125,5.9375,3.8125],"tintindex":0,"rotation":0,"texture":"#0"},"west":{"uv":[4.6875,5.375,5.1875,6.0625],"tintindex":0,"rotation":0,"texture":"#0"},"up":{"uv":[6.6875,2.4375,6.25,1.9375],"tintindex":0,"rotation":0,"texture":"#0"},"down":{"uv":[6.6875,2.4375,6.25,1.9375],"tintindex":0,"rotation":0,"texture":"#0"}},"rotation":{"origin":[8.92253,3.4645042,9.800753],"angle":-22.5,"axis":"x"}}],"display":{"gui":{"rotation":[30,225,0]}}}