{"textures":{"0":"modelengine:entity/lizard_lava"},"elements":[{"from":[8.0,9.70228,11.913682],"to":[8.0,15.70228,19.913681],"faces":{"east":{"uv":[7.1875,6.1875,6.6875,6.5625],"tintindex":0,"rotation":0,"texture":"#0"},"west":{"uv":[6.6875,6.1875,7.1875,6.5625],"tintindex":0,"rotation":0,"texture":"#0"}},"rotation":{"origin":[8.0,12.70228,15.913682],"angle":22.5,"axis":"x"}},{"from":[5.5,2.426465,7.272958],"to":[10.5,10.426465,18.272957],"faces":{"east":{"uv":[5.1875,2.5625,5.875,3.0625],"tintindex":0,"rotation":0,"texture":"#0"},"south":{"uv":[0.0,6.6875,0.3125,7.1875],"tintindex":0,"rotation":0,"texture":"#0"},"north":{"uv":[0.0,6.6875,0.3125,7.1875],"tintindex":0,"rotation":0,"texture":"#0"},"west":{"uv":[3.9375,5.1875,4.625,5.6875],"tintindex":0,"rotation":0,"texture":"#0"},"up":{"uv":[3.125,7.0625,2.8125,6.375],"tintindex":0,"rotation":0,"texture":"#0"},"down":{"uv":[3.125,7.0625,2.8125,6.375],"tintindex":0,"rotation":0,"texture":"#0"}},"rotation":{"origin":[8.0,6.426465,12.772958],"angle":22.5,"axis":"x"}}],"display":{"gui":{"rotation":[30,225,0]}}}