{"textures":{"0":"modelengine:entity/lizard_lava"},"elements":[{"from":[8.0,7.0301943,13.312326],"to":[8.0,17.030193,22.312325],"faces":{"east":{"uv":[3.25,4.9375,2.6875,5.5625],"tintindex":0,"rotation":0,"texture":"#0"},"west":{"uv":[2.6875,4.9375,3.25,5.5625],"tintindex":0,"rotation":0,"texture":"#0"}},"rotation":{"origin":[8.0,12.030193,17.812325],"angle":45.0,"axis":"x"}},{"from":[3.5,-0.28755283,6.8613405],"to":[12.5,10.712448,19.86134],"faces":{"east":{"uv":[2.75,2.625,3.5625,3.3125],"tintindex":0,"rotation":0,"texture":"#0"},"south":{"uv":[2.5625,4.1875,3.125,4.875],"tintindex":0,"rotation":0,"texture":"#0"},"north":{"uv":[2.5625,4.1875,3.125,4.875],"tintindex":0,"rotation":0,"texture":"#0"},"west":{"uv":[2.875,0.0,3.6875,0.6875],"tintindex":0,"rotation":0,"texture":"#0"},"up":{"uv":[0.5625,4.5,0.0,3.6875],"tintindex":0,"rotation":0,"texture":"#0"},"down":{"uv":[0.5625,4.5,0.0,3.6875],"tintindex":0,"rotation":0,"texture":"#0"}},"rotation":{"origin":[8.0,5.212447,13.3613405],"angle":22.5,"axis":"x"}}],"display":{"gui":{"rotation":[30,225,0]}}}