{"textures":{"0":"modelengine:entity/paladin_wings"},"elements":[{"from":[7.4731846,-1.6623993,4.672116],"to":[21.603184,17.6624,4.672116],"faces":{"south":{"uv":[2.2425,0.0075,0.0,2.9925],"tintindex":0,"rotation":0,"texture":"#0"},"north":{"uv":[0.0,0.0075,2.2425,2.9925],"tintindex":0,"rotation":0,"texture":"#0"}},"rotation":{"origin":[-0.63301754,8.522977,7.5900745],"angle":-22.5,"axis":"y"}}],"display":{"gui":{"rotation":[30,225,0]}}}