{"textures":{"0":"modelengine:entity/paladin_wings"},"elements":[{"from":[5.826325,-11.324799,6.0073023],"to":[18.086325,27.3248,6.0073023],"faces":{"south":{"uv":[3.1175,0.0075,2.2575,2.9925],"tintindex":0,"rotation":0,"texture":"#0"},"north":{"uv":[2.2575,0.0075,3.1175,2.9925],"tintindex":0,"rotation":0,"texture":"#0"}},"rotation":{"origin":[1.7889209,9.045954,11.84322],"angle":-22.5,"axis":"y"}}],"display":{"gui":{"rotation":[30,225,0]}}}