{"textures":{"0":"modelengine:entity/nocsy_drakonin"},"elements":[{"from":[6.396399,6.516989,9.556154],"to":[7.696399,7.8169894,12.356154],"faces":{"east":{"uv":[9.75,6.375,9.375,6.5625],"tintindex":0,"rotation":0,"texture":"#0"},"south":{"uv":[6.5625,10.125,6.375,10.3125],"tintindex":0,"rotation":0,"texture":"#0"},"north":{"uv":[10.3125,6.3125,10.125,6.5],"tintindex":0,"rotation":0,"texture":"#0"},"west":{"uv":[9.6875,8.3125,9.3125,8.5],"tintindex":0,"rotation":0,"texture":"#0"},"up":{"uv":[1.5625,9.5625,1.75,9.1875],"tintindex":0,"rotation":0,"texture":"#0"},"down":{"uv":[4.375,9.5,4.5625,9.875],"tintindex":0,"rotation":0,"texture":"#0"}},"rotation":{"origin":[7.1211276,7.2671585,12.598228],"angle":45.0,"axis":"z"}},{"from":[6.6211276,6.2671585,7.0982285],"to":[8.121128,8.2671585,10.598228],"faces":{"east":{"uv":[8.625,7.625,8.1875,7.875],"tintindex":0,"rotation":0,"texture":"#0"},"south":{"uv":[8.125,8.375,7.9375,8.625],"tintindex":0,"rotation":0,"texture":"#0"},"north":{"uv":[6.375,7.3125,6.1875,7.5625],"tintindex":0,"rotation":0,"texture":"#0"},"west":{"uv":[8.625,4.1875,8.1875,4.4375],"tintindex":0,"rotation":0,"texture":"#0"},"up":{"uv":[3.875,9.5,4.0625,9.0625],"tintindex":0,"rotation":0,"texture":"#0"},"down":{"uv":[4.125,9.0625,4.3125,9.5],"tintindex":0,"rotation":0,"texture":"#0"}},"rotation":{"origin":[7.5211277,7.2671585,9.798228],"angle":22.5,"axis":"z"}},{"from":[7.0049777,6.4169893,12.356155],"to":[7.0049777,7.7169895,15.356155],"faces":{"east":{"uv":[9.875,6.625,9.5,6.8125],"tintindex":0,"rotation":0,"texture":"#0"},"west":{"uv":[6.0625,9.5,5.6875,9.6875],"tintindex":0,"rotation":0,"texture":"#0"}},"rotation":{"origin":[6.9797063,7.2671585,12.698229],"angle":45.0,"axis":"z"}},{"from":[20.289093,12.372918,12.356155],"to":[21.589092,12.372918,15.356155],"faces":{"up":{"uv":[6.6875,9.875,6.875,9.5],"tintindex":0,"rotation":0,"texture":"#0"},"down":{"uv":[7.125,9.875,6.9375,9.5],"tintindex":0,"rotation":0,"texture":"#0"}},"rotation":{"origin":[20.389263,-6.9018097,12.698229],"angle":45.0,"axis":"z"}}],"display":{"gui":{"rotation":[30,225,0]}}}