{"textures":{"0":"modelengine:entity/nocsy_drakonin"},"elements":[{"from":[8.995022,6.4169893,12.356155],"to":[8.995022,7.7169895,15.356155],"faces":{"east":{"uv":[5.6875,9.5,6.0625,9.6875],"tintindex":0,"rotation":0,"texture":"#0"},"west":{"uv":[9.5,6.625,9.875,6.8125],"tintindex":0,"rotation":0,"texture":"#0"}},"rotation":{"origin":[9.020294,7.2671585,12.698229],"angle":-45.0,"axis":"z"}},{"from":[-5.589093,12.372918,12.356155],"to":[-4.289093,12.372918,15.356155],"faces":{"up":{"uv":[6.875,9.875,6.6875,9.5],"tintindex":0,"rotation":0,"texture":"#0"},"down":{"uv":[6.9375,9.875,7.125,9.5],"tintindex":0,"rotation":0,"texture":"#0"}},"rotation":{"origin":[-4.389262,-6.9018097,12.698229],"angle":-45.0,"axis":"z"}},{"from":[7.8788724,6.2671585,7.0982285],"to":[9.378872,8.2671585,10.598228],"faces":{"east":{"uv":[8.1875,4.1875,8.625,4.4375],"tintindex":0,"rotation":0,"texture":"#0"},"south":{"uv":[7.9375,8.375,8.125,8.625],"tintindex":0,"rotation":0,"texture":"#0"},"north":{"uv":[6.1875,7.3125,6.375,7.5625],"tintindex":0,"rotation":0,"texture":"#0"},"west":{"uv":[8.1875,7.625,8.625,7.875],"tintindex":0,"rotation":0,"texture":"#0"},"up":{"uv":[4.0625,9.5,3.875,9.0625],"tintindex":0,"rotation":0,"texture":"#0"},"down":{"uv":[4.3125,9.0625,4.125,9.5],"tintindex":0,"rotation":0,"texture":"#0"}},"rotation":{"origin":[8.478872,7.2671585,9.798228],"angle":-22.5,"axis":"z"}},{"from":[8.3036,6.516989,9.556154],"to":[9.603601,7.8169894,12.356154],"faces":{"east":{"uv":[9.3125,8.3125,9.6875,8.5],"tintindex":0,"rotation":0,"texture":"#0"},"south":{"uv":[6.375,10.125,6.5625,10.3125],"tintindex":0,"rotation":0,"texture":"#0"},"north":{"uv":[10.125,6.3125,10.3125,6.5],"tintindex":0,"rotation":0,"texture":"#0"},"west":{"uv":[9.375,6.375,9.75,6.5625],"tintindex":0,"rotation":0,"texture":"#0"},"up":{"uv":[1.75,9.5625,1.5625,9.1875],"tintindex":0,"rotation":0,"texture":"#0"},"down":{"uv":[4.5625,9.5,4.375,9.875],"tintindex":0,"rotation":0,"texture":"#0"}},"rotation":{"origin":[8.878872,7.2671585,12.598228],"angle":-45.0,"axis":"z"}}],"display":{"gui":{"rotation":[30,225,0]}}}