{"textures":{"0":"modelengine:entity/nocsy_drakonin"},"elements":[{"from":[7.0,3.3600554,5.889879],"to":[10.0,9.360056,9.889879],"faces":{"east":{"uv":[0.0,8.9375,0.25,9.3125],"tintindex":0,"rotation":0,"texture":"#0"},"south":{"uv":[3.1875,9.6875,3.375,10.0625],"tintindex":0,"rotation":0,"texture":"#0"},"north":{"uv":[2.9375,9.6875,3.125,10.0625],"tintindex":0,"rotation":0,"texture":"#0"},"west":{"uv":[0.3125,8.9375,0.5625,9.3125],"tintindex":0,"rotation":0,"texture":"#0"},"up":{"uv":[7.375,10.1875,7.1875,9.9375],"tintindex":0,"rotation":0,"texture":"#0"},"down":{"uv":[10.125,7.9375,9.9375,8.1875],"tintindex":0,"rotation":0,"texture":"#0"}},"rotation":{"origin":[7.5,9.160055,7.28988],"angle":22.5,"axis":"x"}}],"display":{"gui":{"rotation":[30,225,0]}}}