{"textures":{"0":"modelengine:entity/nocsy_drakonin"},"elements":[{"from":[5.0,8.111329,6.949988],"to":[11.0,15.111329,12.949987],"faces":{"east":{"uv":[7.3125,4.1875,7.6875,4.625],"tintindex":0,"rotation":0,"texture":"#0"},"south":{"uv":[7.3125,4.6875,7.6875,5.125],"tintindex":0,"rotation":0,"texture":"#0"},"north":{"uv":[5.3125,6.125,5.6875,6.5625],"tintindex":0,"rotation":0,"texture":"#0"},"west":{"uv":[7.3125,5.1875,7.6875,5.625],"tintindex":0,"rotation":0,"texture":"#0"},"up":{"uv":[5.375,8.0625,5.0,7.6875],"tintindex":0,"rotation":0,"texture":"#0"},"down":{"uv":[4.0,7.75,3.625,8.125],"tintindex":0,"rotation":0,"texture":"#0"}}},{"from":[5.01,14.245261,6.2280493],"to":[10.99,18.22526,12.208049],"faces":{"east":{"uv":[8.5625,4.5,8.9375,4.75],"tintindex":0,"rotation":0,"texture":"#0"},"south":{"uv":[8.5625,6.625,8.9375,6.875],"tintindex":0,"rotation":0,"texture":"#0"},"north":{"uv":[8.5625,3.6875,8.9375,3.9375],"tintindex":0,"rotation":0,"texture":"#0"},"west":{"uv":[0.0,8.625,0.375,8.875],"tintindex":0,"rotation":0,"texture":"#0"},"up":{"uv":[4.4375,8.125,4.0625,7.75],"tintindex":0,"rotation":0,"texture":"#0"},"down":{"uv":[8.125,4.1875,7.75,4.5625],"tintindex":0,"rotation":0,"texture":"#0"}},"rotation":{"origin":[8.0,16.51315,10.381875],"angle":-22.5,"axis":"x"}}],"display":{"gui":{"rotation":[30,225,0]}}}