{"textures":{"0":"modelengine:entity/nocsy_drakonin"},"elements":[{"from":[14.81158,7.2075,10.863313],"to":[20.30158,8.6975,12.3533125],"faces":{"east":{"uv":[7.875,10.0625,7.6875,10.25],"tintindex":0,"rotation":0,"texture":"#0"},"south":{"uv":[8.5,2.375,7.8125,2.5625],"tintindex":0,"rotation":0,"texture":"#0"},"north":{"uv":[8.4375,6.375,7.75,6.5625],"tintindex":0,"rotation":0,"texture":"#0"},"west":{"uv":[10.25,7.625,10.0625,7.8125],"tintindex":0,"rotation":0,"texture":"#0"},"up":{"uv":[7.8125,2.8125,8.5,2.625],"tintindex":0,"rotation":0,"texture":"#0"},"down":{"uv":[5.4375,7.8125,6.125,8.0],"tintindex":0,"rotation":0,"texture":"#0"}},"rotation":{"origin":[19.05658,7.9525,11.608313],"angle":-45.0,"axis":"y"}},{"from":[8.001944,8.002501,4.973771],"to":[24.001944,8.1025,25.473772],"faces":{"east":{"uv":[10.0,7.375,7.4375,7.4375],"tintindex":0,"rotation":0,"texture":"#0"},"south":{"uv":[9.9375,3.4375,7.9375,3.5],"tintindex":0,"rotation":0,"texture":"#0"},"north":{"uv":[9.875,3.125,7.875,3.1875],"tintindex":0,"rotation":0,"texture":"#0"},"west":{"uv":[10.0,7.25,7.4375,7.3125],"tintindex":0,"rotation":0,"texture":"#0"},"up":{"uv":[0.0,2.5625,2.0,0.0],"tintindex":0,"rotation":0,"texture":"#0"},"down":{"uv":[2.0625,0.0,4.0625,2.5625],"tintindex":0,"rotation":0,"texture":"#0"}}},{"from":[6.766124,6.7025,3.799746],"to":[9.266124,9.202499,5.7997456],"faces":{"east":{"uv":[1.125,9.1875,0.875,9.5],"tintindex":0,"rotation":0,"texture":"#0"},"south":{"uv":[8.8125,0.875,8.5,1.1875],"tintindex":0,"rotation":0,"texture":"#0"},"north":{"uv":[8.75,5.5,8.4375,5.8125],"tintindex":0,"rotation":0,"texture":"#0"},"west":{"uv":[9.375,7.625,9.125,7.9375],"tintindex":0,"rotation":0,"texture":"#0"},"up":{"uv":[1.1875,9.4375,1.5,9.1875],"tintindex":0,"rotation":0,"texture":"#0"},"down":{"uv":[2.0625,9.1875,2.375,9.4375],"tintindex":0,"rotation":0,"texture":"#0"}}},{"from":[8.001944,7.2025,4.973771],"to":[16.501944,8.702499,6.473771],"faces":{"east":{"uv":[10.25,7.375,10.0625,7.5625],"tintindex":0,"rotation":0,"texture":"#0"},"south":{"uv":[8.125,1.125,7.0625,1.3125],"tintindex":0,"rotation":0,"texture":"#0"},"north":{"uv":[7.875,3.4375,6.8125,3.625],"tintindex":0,"rotation":0,"texture":"#0"},"west":{"uv":[10.25,7.125,10.0625,7.3125],"tintindex":0,"rotation":0,"texture":"#0"},"up":{"uv":[7.0625,1.5625,8.125,1.375],"tintindex":0,"rotation":0,"texture":"#0"},"down":{"uv":[7.0625,1.625,8.125,1.8125],"tintindex":0,"rotation":0,"texture":"#0"}},"rotation":{"origin":[8.751944,7.9525,6.723771],"angle":-22.5,"axis":"y"}},{"from":[4.266124,7.9525,-0.70025444],"to":[11.766125,7.9525,5.7997456],"faces":{"up":{"uv":[4.75,6.0625,5.6875,5.25],"tintindex":0,"rotation":0,"texture":"#0"},"down":{"uv":[5.5,0.0,6.4375,0.8125],"tintindex":0,"rotation":0,"texture":"#0"}}},{"from":[19.162655,7.2025,11.426421],"to":[20.662655,8.702499,16.926422],"faces":{"east":{"uv":[8.5,6.875,7.8125,7.0625],"tintindex":0,"rotation":0,"texture":"#0"},"south":{"uv":[0.1875,10.125,0.0,10.3125],"tintindex":0,"rotation":0,"texture":"#0"},"north":{"uv":[10.25,8.25,10.0625,8.4375],"tintindex":0,"rotation":0,"texture":"#0"},"west":{"uv":[8.5,6.625,7.8125,6.8125],"tintindex":0,"rotation":0,"texture":"#0"},"up":{"uv":[0.0,8.5625,0.1875,7.875],"tintindex":0,"rotation":0,"texture":"#0"},"down":{"uv":[0.25,7.875,0.4375,8.5625],"tintindex":0,"rotation":0,"texture":"#0"}},"rotation":{"origin":[21.912655,7.9525,12.176421],"angle":22.5,"axis":"y"}}],"display":{"gui":{"rotation":[30,225,0]}}}