{"textures":{"0":"modelengine:entity/nocsy_drakonin"},"elements":[{"from":[1.4000001,7.3857093,8.577297],"to":[5.4,7.3857093,16.577297],"faces":{"up":{"uv":[5.125,8.625,4.875,8.125],"tintindex":0,"rotation":0,"texture":"#0"},"down":{"uv":[8.375,5.375,8.125,5.875],"tintindex":0,"rotation":0,"texture":"#0"}},"rotation":{"origin":[3.5,8.085709,12.577297],"angle":22.5,"axis":"z"}},{"from":[10.6,7.3857093,8.577297],"to":[14.6,7.3857093,16.577297],"faces":{"up":{"uv":[6.3125,8.625,6.0625,8.125],"tintindex":0,"rotation":0,"texture":"#0"},"down":{"uv":[6.625,8.125,6.375,8.625],"tintindex":0,"rotation":0,"texture":"#0"}},"rotation":{"origin":[12.5,8.085709,12.577297],"angle":-22.5,"axis":"z"}},{"from":[5.5,4.085709,6.577297],"to":[10.5,10.085709,13.577297],"faces":{"east":{"uv":[7.3125,6.6875,7.75,7.0625],"tintindex":0,"rotation":0,"texture":"#0"},"south":{"uv":[8.1875,1.6875,8.5,2.0625],"tintindex":0,"rotation":0,"texture":"#0"},"north":{"uv":[8.125,5.9375,8.4375,6.3125],"tintindex":0,"rotation":0,"texture":"#0"},"west":{"uv":[7.375,2.875,7.8125,3.25],"tintindex":0,"rotation":0,"texture":"#0"},"up":{"uv":[8.0625,5.8125,7.75,5.375],"tintindex":0,"rotation":0,"texture":"#0"},"down":{"uv":[8.0625,5.875,7.75,6.3125],"tintindex":0,"rotation":0,"texture":"#0"}},"rotation":{"origin":[7.5,5.7893925,12.753973],"angle":22.5,"axis":"x"}}],"display":{"gui":{"rotation":[30,225,0]}}}