{"textures":{"0":"modelengine:entity/quetzali"},"elements":[{"from":[9.999448,4.741408,-2.088234],"to":[10.499448,5.241408,-1.588234],"faces":{"east":{"uv":[6.6875,5.375,6.75,5.4375],"tintindex":0,"rotation":0,"texture":"#0"},"south":{"uv":[6.6875,5.4375,6.75,5.5],"tintindex":0,"rotation":0,"texture":"#0"},"north":{"uv":[6.6875,5.3125,6.75,5.375],"tintindex":0,"rotation":0,"texture":"#0"},"west":{"uv":[4.6875,6.75,4.75,6.8125],"tintindex":0,"rotation":0,"texture":"#0"},"up":{"uv":[4.75,6.875,4.6875,6.8125],"tintindex":0,"rotation":0,"texture":"#0"},"down":{"uv":[4.75,6.875,4.6875,6.9375],"tintindex":0,"rotation":0,"texture":"#0"}},"rotation":{"origin":[7.999448,4.991408,-1.838234],"angle":-45.0,"axis":"x"}},{"from":[5.499448,4.741408,-4.088234],"to":[5.999448,5.241408,-3.588234],"faces":{"east":{"uv":[6.625,4.625,6.6875,4.6875],"tintindex":0,"rotation":0,"texture":"#0"},"south":{"uv":[4.6875,6.625,4.75,6.6875],"tintindex":0,"rotation":0,"texture":"#0"},"north":{"uv":[6.625,4.5625,6.6875,4.625],"tintindex":0,"rotation":0,"texture":"#0"},"west":{"uv":[6.625,4.6875,6.6875,4.75],"tintindex":0,"rotation":0,"texture":"#0"},"up":{"uv":[6.6875,4.8125,6.625,4.75],"tintindex":0,"rotation":0,"texture":"#0"},"down":{"uv":[6.6875,4.8125,6.625,4.875],"tintindex":0,"rotation":0,"texture":"#0"}},"rotation":{"origin":[7.999448,4.991408,-3.838234],"angle":-45.0,"axis":"x"}},{"from":[4.499448,4.991408,-6.088234],"to":[11.499448,7.491408,-0.08823395],"faces":{"east":{"uv":[6.5625,10.0625,7.3125,10.375],"tintindex":0,"rotation":0,"texture":"#0"},"south":{"uv":[10.0,3.0,10.875,3.3125],"tintindex":0,"rotation":0,"texture":"#0"},"north":{"uv":[10.0,2.6875,10.875,3.0],"tintindex":0,"rotation":0,"texture":"#0"},"west":{"uv":[7.3125,10.0625,8.0625,10.375],"tintindex":0,"rotation":0,"texture":"#0"},"up":{"uv":[9.75,1.875,9.0,0.875],"tintindex":0,"rotation":0,"texture":"#0"},"down":{"uv":[9.875,4.9375,9.0,5.6875],"tintindex":0,"rotation":0,"texture":"#0"}}},{"from":[10.000448,3.7435284,-5.7045507],"to":[10.498447,4.0915284,-5.356553],"faces":{"east":{"uv":[7.75,4.375,7.796875,4.421875],"tintindex":0,"rotation":0,"texture":"#0"},"south":{"uv":[7.75,1.25,7.8125,1.296875],"tintindex":0,"rotation":0,"texture":"#0"},"north":{"uv":[7.6875,4.375,7.75,4.421875],"tintindex":0,"rotation":0,"texture":"#0"},"west":{"uv":[7.8125,1.25,7.859375,1.296875],"tintindex":0,"rotation":0,"texture":"#0"},"up":{"uv":[7.8125,1.359375,7.75,1.3125],"tintindex":0,"rotation":0,"texture":"#0"},"down":{"uv":[7.8125,1.375,7.75,1.421875],"tintindex":0,"rotation":0,"texture":"#0"}},"rotation":{"origin":[7.999448,3.8425283,-5.455551],"angle":-45.0,"axis":"x"}},{"from":[6.499448,7.203908,-6.200737],"to":[9.499448,9.703908,0.34926605],"faces":{"east":{"uv":[4.9375,9.0625,5.9375,9.6875],"tintindex":0,"rotation":0,"texture":"#0"},"south":{"uv":[9.5,4.625,9.875,4.9375],"tintindex":0,"rotation":0,"texture":"#0"},"north":{"uv":[3.4375,7.625,3.8125,7.9375],"tintindex":0,"rotation":0,"texture":"#0"},"west":{"uv":[0.0,9.3125,1.0,9.9375],"tintindex":0,"rotation":0,"texture":"#0"},"up":{"uv":[9.75,1.875,9.0,0.875],"tintindex":0,"rotation":0,"texture":"#0"},"down":{"uv":[1.875,10.0,1.5,10.8125],"tintindex":0,"rotation":0,"texture":"#0"}},"rotation":{"origin":[7.999448,8.741407,-0.58823395],"angle":-22.5,"axis":"x"}},{"from":[9.999448,4.741408,-4.088234],"to":[10.499448,5.241408,-3.588234],"faces":{"east":{"uv":[6.625,4.9375,6.6875,5.0],"tintindex":0,"rotation":0,"texture":"#0"},"south":{"uv":[6.625,5.0,6.6875,5.0625],"tintindex":0,"rotation":0,"texture":"#0"},"north":{"uv":[6.625,4.875,6.6875,4.9375],"tintindex":0,"rotation":0,"texture":"#0"},"west":{"uv":[6.625,5.0625,6.6875,5.125],"tintindex":0,"rotation":0,"texture":"#0"},"up":{"uv":[6.6875,5.1875,6.625,5.125],"tintindex":0,"rotation":0,"texture":"#0"},"down":{"uv":[6.6875,5.1875,6.625,5.25],"tintindex":0,"rotation":0,"texture":"#0"}},"rotation":{"origin":[7.999448,4.991408,-3.838234],"angle":-45.0,"axis":"x"}},{"from":[5.5004478,3.7435284,-5.7045507],"to":[5.9984474,4.0915284,-5.356553],"faces":{"east":{"uv":[3.8125,7.75,3.859375,7.796875],"tintindex":0,"rotation":0,"texture":"#0"},"south":{"uv":[7.625,4.375,7.6875,4.421875],"tintindex":0,"rotation":0,"texture":"#0"},"north":{"uv":[3.875,7.625,3.9375,7.671875],"tintindex":0,"rotation":0,"texture":"#0"},"west":{"uv":[3.875,7.75,3.921875,7.796875],"tintindex":0,"rotation":0,"texture":"#0"},"up":{"uv":[3.875,7.734375,3.8125,7.6875],"tintindex":0,"rotation":0,"texture":"#0"},"down":{"uv":[3.9375,7.6875,3.875,7.734375],"tintindex":0,"rotation":0,"texture":"#0"}},"rotation":{"origin":[7.999448,3.8425283,-5.455551],"angle":-45.0,"axis":"x"}},{"from":[5.499448,4.741408,-2.088234],"to":[5.999448,5.241408,-1.588234],"faces":{"east":{"uv":[6.6875,5.0,6.75,5.0625],"tintindex":0,"rotation":0,"texture":"#0"},"south":{"uv":[6.6875,5.0625,6.75,5.125],"tintindex":0,"rotation":0,"texture":"#0"},"north":{"uv":[6.6875,4.9375,6.75,5.0],"tintindex":0,"rotation":0,"texture":"#0"},"west":{"uv":[6.6875,5.125,6.75,5.1875],"tintindex":0,"rotation":0,"texture":"#0"},"up":{"uv":[6.75,5.25,6.6875,5.1875],"tintindex":0,"rotation":0,"texture":"#0"},"down":{"uv":[6.75,5.25,6.6875,5.3125],"tintindex":0,"rotation":0,"texture":"#0"}},"rotation":{"origin":[7.999448,4.991408,-1.838234],"angle":-45.0,"axis":"x"}},{"from":[10.124448,11.191408,6.2492676],"to":[12.124447,13.191408,9.161766],"faces":{"east":{"uv":[4.625,10.3125,4.984375,10.5625],"tintindex":0,"rotation":0,"texture":"#0"},"south":{"uv":[1.5,9.3125,1.75,9.5625],"tintindex":0,"rotation":0,"texture":"#0"},"north":{"uv":[2.5,9.0,2.75,9.25],"tintindex":0,"rotation":0,"texture":"#0"},"west":{"uv":[5.0,10.3125,5.359375,10.5625],"tintindex":0,"rotation":0,"texture":"#0"},"up":{"uv":[2.5,5.859375,2.25,5.5],"tintindex":0,"rotation":0,"texture":"#0"},"down":{"uv":[2.5,5.875,2.25,6.234375],"tintindex":0,"rotation":0,"texture":"#0"}},"rotation":{"origin":[11.499448,13.316408,8.911766],"angle":-22.5,"axis":"x"}},{"from":[5.499448,4.741408,-3.088234],"to":[5.999448,5.241408,-2.588234],"faces":{"east":{"uv":[6.625,5.3125,6.6875,5.375],"tintindex":0,"rotation":0,"texture":"#0"},"south":{"uv":[6.625,5.375,6.6875,5.4375],"tintindex":0,"rotation":0,"texture":"#0"},"north":{"uv":[6.625,5.25,6.6875,5.3125],"tintindex":0,"rotation":0,"texture":"#0"},"west":{"uv":[6.625,5.4375,6.6875,5.5],"tintindex":0,"rotation":0,"texture":"#0"},"up":{"uv":[6.75,4.5625,6.6875,4.5],"tintindex":0,"rotation":0,"texture":"#0"},"down":{"uv":[6.75,4.5625,6.6875,4.625],"tintindex":0,"rotation":0,"texture":"#0"}},"rotation":{"origin":[7.999448,4.991408,-2.838234],"angle":-45.0,"axis":"x"}},{"from":[3.3754473,4.992408,-7.7122335],"to":[8.385948,7.490408,-2.739235],"faces":{"east":{"uv":[9.25,10.0625,9.875,10.375],"tintindex":0,"rotation":0,"texture":"#0"},"south":{"uv":[9.875,10.0625,10.5,10.375],"tintindex":0,"rotation":0,"texture":"#0"},"north":{"uv":[8.625,10.0625,9.25,10.375],"tintindex":0,"rotation":0,"texture":"#0"},"west":{"uv":[10.25,0.0,10.875,0.3125],"tintindex":0,"rotation":0,"texture":"#0"},"up":{"uv":[9.6875,1.875,9.0,1.1875],"tintindex":0,"rotation":0,"texture":"#0"},"down":{"uv":[10.5,3.375,9.875,4.0],"tintindex":0,"rotation":0,"texture":"#0"}},"rotation":{"origin":[7.999448,6.241408,-3.088234],"angle":-45.0,"axis":"y"}},{"from":[3.9994473,9.491407,-0.58823395],"to":[6.999448,9.991407,-0.08823395],"faces":{"east":{"uv":[7.5625,4.375,7.625,4.4375],"tintindex":0,"rotation":0,"texture":"#0"},"south":{"uv":[3.9375,7.125,4.3125,7.1875],"tintindex":0,"rotation":0,"texture":"#0"},"north":{"uv":[7.125,2.9375,7.5,3.0],"tintindex":0,"rotation":0,"texture":"#0"},"west":{"uv":[3.8125,7.625,3.875,7.6875],"tintindex":0,"rotation":0,"texture":"#0"},"up":{"uv":[4.6875,7.1875,4.3125,7.125],"tintindex":0,"rotation":0,"texture":"#0"},"down":{"uv":[7.9375,4.3125,7.5625,4.375],"tintindex":0,"rotation":0,"texture":"#0"}}},{"from":[5.499448,3.7414079,-6.088234],"to":[5.999448,5.241408,-5.588234],"faces":{"east":{"uv":[6.375,4.0625,6.4375,4.25],